task,attempts,valid,profiled,verifier_timeouts,oom_attempts,max_mem_peak_gib,max_nonfile_peak_gib,max_peak_cores,max_avg_cores,max_throttled_frac,max_sys_frac,max_cpu_stall_s,max_disk_peak_gib,max_pids_peak,max_verifier_s,max_agent_s,max_tool_mean_s,max_env_setup_s
format-code-task-000001,4,4,4,0,0,2.165,1.165,3.67,0.41,0.19,0.4,52,1.19,705,8.4,1175.8,7.48,141.9
format-code-task-000002,4,4,4,0,0,6.129,3.607,3.95,1.42,0.7,0.31,116,2.58,972,6.7,314.3,5.15,127.8
format-code-task-000003,4,4,4,0,0,1.003,0.369,1.91,0.27,0.01,0.38,0,0.62,108,4.6,84.2,0.05,117.6
format-code-task-000004,4,4,4,0,0,1.432,0.812,1.78,0.43,0.01,0.35,0,0.62,109,12.6,200.2,0.5,215.2
format-code-task-000007,4,4,4,0,0,7.954,7.282,2.28,0.86,0.21,0.26,18,0.64,316,14.0,863.1,9.58,121.4
format-code-task-000008,4,4,4,0,0,2.134,1.519,2.2,0.67,0.23,0.35,17,0.61,398,22.4,328.8,1.48,115.3
format-code-task-000011,4,4,4,0,0,1.354,0.691,2.39,0.61,0.21,0.4,8,0.75,313,9.9,199.7,0.67,240.2
format-code-task-000013,4,4,4,0,0,1.4,0.711,2.32,0.43,0.16,0.39,6,0.74,306,7.5,175.4,1.01,143.8
format-code-task-000014,4,4,4,0,1,8.0,7.954,3.59,1.08,0.5,0.41,46,1.47,445,8.8,980.1,11.16,102.4
format-code-task-000016,4,4,4,0,0,1.31,0.677,1.99,0.22,0.01,0.41,1,0.62,109,46.3,546.2,3.36,159.6
format-code-task-000018,4,4,4,0,0,1.05,0.399,1.94,0.22,0.0,0.37,0,0.62,106,9.6,208.5,0.33,5.1
format-code-task-000019,4,4,4,0,0,1.012,0.399,1.97,0.18,0.01,0.37,0,0.62,109,8.5,323.4,0.73,158.4
format-code-task-000020,4,4,4,0,0,3.635,3.005,2.48,0.96,0.19,0.12,103,0.92,658,111.1,1181.5,7.53,142.6
format-code-task-000022,4,4,4,0,0,1.425,0.812,1.99,0.65,0.02,0.35,2,0.62,137,31.6,207.9,1.75,159.2
format-code-task-000023,4,4,4,0,0,1.108,0.415,1.72,0.36,0.01,0.33,1,0.71,107,5.7,221.9,1.24,139.1
format-code-task-000024,4,4,4,0,0,1.124,0.463,1.93,0.32,0.03,0.29,0,0.65,107,20.4,131.3,0.12,164.6
format-code-task-000025,4,4,4,0,0,1.63,0.955,2.13,0.73,0.35,0.11,36,0.66,104,14.9,758.1,1.98,48.2
format-code-task-000026,4,4,4,0,0,1.52,0.862,2.08,0.82,0.35,0.11,12,0.72,100,13.8,915.7,1.52,79.9
format-code-task-000027,4,4,4,0,0,1.592,0.918,2.09,0.84,0.37,0.12,22,0.72,99,11.6,665.4,1.3,46.7
format-code-task-000028,4,4,4,0,0,1.161,0.507,1.92,0.13,0.0,0.39,0,0.83,156,13.5,466.3,0.39,157.7
format-code-task-000029,4,4,4,0,0,2.385,1.575,1.92,0.58,0.02,0.27,2,1.32,227,16.8,451.5,2.96,321.6
format-code-task-000030,4,4,4,0,0,1.649,1.021,2.08,0.41,0.11,0.28,3,0.63,123,13.1,999.4,7.93,768.7
format-code-task-000031,4,4,4,0,0,1.105,0.37,1.88,0.17,0.0,0.45,0,0.73,104,3.4,320.7,0.86,100.9
format-code-task-000033,4,4,4,0,0,1.639,0.871,2.53,0.79,0.37,0.4,29,0.99,533,27.4,230.9,3.41,159.0
format-code-task-000034,4,4,4,0,0,4.531,2.598,5.78,1.34,0.68,0.42,115,2.51,961,6.9,1622.6,22.08,146.6
format-code-task-000035,4,4,4,0,0,3.577,2.783,2.75,0.69,0.28,0.3,19,0.66,845,9.7,166.8,0.8,46.0
format-code-task-000036,4,4,4,0,2,8.0,7.964,2.81,1.55,0.77,0.3,289,0.68,582,12.5,482.1,10.68,77.8
format-code-task-000037,4,4,4,0,1,8.0,7.99,4.0,1.82,0.88,0.2,199,0.68,655,10.3,264.8,6.32,68.3
format-code-task-000039,4,4,4,0,0,2.391,1.395,3.16,0.42,0.24,0.43,76,1.2,1541,11.6,1643.7,9.35,138.4
format-code-task-000041,4,4,4,0,0,1.081,0.467,1.97,0.72,0.06,0.24,3,0.62,133,8.7,120.1,1.86,49.4
format-code-task-000042,4,4,4,0,0,1.632,0.437,1.97,0.25,0.03,0.39,6,1.34,138,27.4,609.8,0.46,143.8
format-code-task-000043,4,4,4,0,0,1.024,0.41,1.98,0.17,0.03,0.33,5,0.61,139,7.3,535.7,0.56,179.6
format-code-task-000044,4,4,4,0,0,1.252,0.477,2.09,0.11,0.01,0.54,1,0.66,235,10.2,777.2,0.03,167.4
format-code-task-000045,4,4,4,0,0,1.039,0.34,2.05,0.23,0.02,0.39,0,0.66,94,7.8,72.5,0.07,39.1
format-code-task-000046,4,4,4,0,0,1.2,0.587,2.07,0.19,0.07,0.27,4,0.62,103,6.5,1236.5,0.81,157.4
format-code-task-000047,4,4,4,0,0,7.243,6.579,2.85,1.34,0.48,0.19,27,1.41,604,18.1,453.6,7.42,339.4
format-code-task-000048,4,4,4,0,0,1.623,0.712,2.71,0.76,0.37,0.36,14,0.83,557,7.7,152.4,0.94,421.9
format-code-task-000049,4,4,4,0,0,1.056,0.376,1.99,0.16,0.0,0.4,0,0.63,106,7.5,383.1,0.31,118.2
format-code-task-000050,4,4,4,0,0,1.004,0.374,2.0,0.11,0.0,0.54,0,0.63,107,10.1,315.5,0.3,114.8
format-code-task-000051,4,4,4,0,0,1.075,0.432,2.04,0.2,0.01,0.59,0,0.64,108,4.2,255.1,0.29,151.7
format-code-task-000052,4,4,4,0,0,3.682,2.551,5.27,1.03,0.53,0.4,99,1.27,1021,38.3,373.1,1.74,204.6
format-code-task-000053,4,4,4,0,0,4.36,3.153,3.79,1.26,0.62,0.35,170,2.9,1140,47.2,558.5,3.54,135.0
format-code-task-000054,4,4,4,0,0,3.874,3.226,2.86,1.08,0.52,0.21,59,0.64,599,14.0,904.4,3.57,177.8
format-code-task-000055,4,4,4,0,0,2.267,1.336,2.11,0.49,0.15,0.24,4,0.69,288,23.0,422.5,2.76,179.4
format-code-task-000056,4,4,4,0,0,2.492,1.582,3.04,1.15,0.56,0.37,86,1.33,931,9.9,526.9,3.94,202.4
format-code-task-000057,4,4,4,0,0,1.997,1.176,3.09,1.33,0.61,0.36,62,1.01,431,14.2,236.1,2.18,206.7
format-code-task-000058,4,4,4,0,0,2.247,1.265,2.91,0.87,0.43,0.39,53,1.31,1642,81.4,350.8,0.86,156.7
format-code-task-000059,4,4,4,0,0,2.675,1.359,4.55,0.92,0.42,0.35,65,1.56,443,99.5,440.1,1.28,143.5
format-code-task-000060,4,4,4,0,0,8.0,7.691,4.29,1.42,0.72,0.33,261,4.53,1772,7.9,755.7,5.24,300.5
format-code-task-000062,4,4,4,0,0,1.229,0.449,2.19,0.52,0.2,0.38,4,0.75,245,9.4,215.4,0.5,34.3
format-code-task-000063,4,4,4,0,0,1.124,0.463,1.99,0.18,0.01,0.6,0,0.66,106,4.1,271.0,1.99,95.2
format-code-task-000064,4,4,4,0,0,1.203,0.535,2.0,0.23,0.01,0.51,0,0.62,109,4.4,295.8,0.33,169.5
format-code-task-000065,4,4,4,0,0,1.263,0.614,1.98,0.13,0.01,0.44,0,0.62,104,6.6,466.5,0.92,176.3
format-code-task-000067,4,4,4,0,0,1.029,0.421,1.99,0.26,0.01,0.39,0,0.75,107,6.3,105.5,0.32,160.4
format-code-task-000069,4,4,4,0,0,1.675,0.81,2.29,0.69,0.32,0.37,15,0.94,594,8.7,153.3,1.34,131.7
format-code-task-000070,4,4,4,0,0,1.649,0.914,2.75,0.69,0.33,0.42,28,1.0,610,18.9,394.5,1.38,167.9
format-code-task-000071,4,4,4,0,0,2.523,1.315,3.55,1.22,0.58,0.34,77,1.45,1045,16.8,395.7,2.24,128.2
format-code-task-000072,4,4,4,0,0,3.45,1.245,3.03,1.0,0.52,0.31,45,2.44,448,58.7,389.0,2.77,4.2
format-code-task-000073,4,4,4,0,0,1.312,0.68,2.0,0.25,0.04,0.44,0,0.62,108,7.1,230.2,0.17,118.0
format-code-task-000075,4,4,4,0,0,3.241,2.096,3.45,1.05,0.49,0.35,73,1.43,480,134.9,817.3,11.27,100.8
format-code-task-000076,4,4,4,0,0,1.718,0.961,2.43,0.51,0.15,0.33,9,0.64,204,30.4,304.9,1.24,252.6
format-code-task-000077,4,4,4,0,0,1.002,0.322,1.78,0.14,0.0,0.42,0,0.67,99,7.2,244.0,0.1,36.5
format-code-task-000078,4,4,4,0,0,1.568,0.771,2.89,0.91,0.41,0.4,17,0.9,705,7.7,117.6,0.79,108.9
format-code-task-000079,4,4,4,0,0,1.24,0.504,1.9,0.45,0.1,0.18,16,0.62,201,15.0,284.6,0.82,203.1
format-code-task-000080,4,4,4,0,0,1.878,0.847,2.08,0.4,0.26,0.52,26,0.95,130,6.0,1614.3,16.46,122.7
format-code-task-000081,4,4,4,0,0,0.995,0.334,1.97,0.16,0.01,0.45,0,0.61,108,7.8,304.0,0.08,166.7
format-code-task-000082,4,4,4,0,0,1.421,0.719,2.44,0.35,0.15,0.43,8,0.75,559,7.9,641.3,0.82,121.3
format-code-task-000083,4,4,4,0,0,0.966,0.351,1.97,0.29,0.01,0.36,0,0.62,108,6.6,126.2,0.13,122.7
format-code-task-000084,4,4,4,0,0,0.998,0.384,1.99,0.23,0.04,0.39,3,0.61,128,5.6,399.9,0.9,139.4
format-code-task-000085,4,4,4,0,0,0.967,0.385,1.89,0.67,0.04,0.28,11,0.62,181,9.4,1166.9,7.47,62.8
format-code-task-000087,4,4,4,0,0,1.509,0.632,1.91,0.22,0.01,0.46,0,0.7,209,8.6,318.5,0.84,170.3
format-code-task-000088,4,4,4,0,0,3.847,2.506,4.83,1.23,0.36,0.23,146,2.17,1017,18.8,1123.6,17.11,132.0
format-code-task-000089,4,4,4,0,0,1.464,0.719,1.91,0.41,0.0,0.21,1,0.62,107,35.2,582.3,2.04,122.2
format-code-task-000090,4,4,4,0,0,1.141,0.486,1.8,0.21,0.0,0.4,1,0.63,116,35.7,797.9,7.49,147.7
format-code-task-000091,4,4,4,0,0,1.006,0.395,1.79,0.15,0.0,0.44,0,0.66,108,15.2,303.9,1.89,163.6
format-code-task-000092,4,4,4,0,1,8.0,7.995,2.0,0.61,0.08,0.36,10,0.63,380,6.7,454.0,3.09,78.8
format-code-task-000093,4,4,4,0,0,1.006,0.398,1.98,0.41,0.06,0.33,2,0.62,126,7.4,98.8,0.4,69.9
format-code-task-000094,4,4,4,0,3,8.0,8.0,3.9,1.6,0.83,0.17,457,0.74,584,31.1,941.3,9.28,128.2
format-code-task-000095,4,4,4,0,0,1.033,0.371,1.97,0.22,0.01,0.43,0,0.66,99,7.2,120.5,0.06,42.3
format-code-task-000096,4,4,4,0,0,1.935,1.317,1.94,0.18,0.01,0.52,0,0.87,132,7.9,320.9,1.15,160.1
format-code-task-000097,4,4,4,0,0,1.214,0.546,2.01,0.37,0.05,0.51,1,0.66,112,5.7,220.3,1.24,49.8
format-code-task-000098,4,4,4,0,1,8.0,7.998,2.71,1.63,0.81,0.78,419,0.63,879,14.9,338.8,1.2,147.1
format-code-task-000100,4,4,4,0,0,1.075,0.41,1.9,0.17,0.0,0.44,0,0.62,107,3.4,364.0,0.35,125.5
format-code-task-000101,4,4,4,0,0,1.846,1.053,2.85,0.47,0.25,0.38,29,1.06,622,3.3,549.9,4.39,153.2
format-code-task-000102,4,4,4,0,0,1.029,0.365,1.95,0.27,0.01,0.21,1,0.67,99,8.9,352.1,3.0,44.4
format-code-task-000103,4,4,4,0,0,2.714,1.47,3.88,0.74,0.39,0.38,75,1.65,1119,148.8,413.9,0.61,136.7
format-code-task-000104,4,4,4,0,0,2.131,1.133,3.09,0.86,0.44,0.39,43,1.23,809,4.9,302.8,2.09,100.8
format-code-task-000105,4,4,4,0,0,1.927,0.855,3.25,0.79,0.37,0.37,35,1.05,449,81.5,301.0,1.41,146.8
format-code-task-000106,4,4,4,0,0,2.271,1.239,3.71,0.96,0.51,0.4,48,1.15,413,64.3,231.3,1.31,209.5
format-code-task-000107,4,4,4,0,0,3.893,2.594,3.03,1.41,0.71,0.32,99,1.57,755,5.8,259.8,4.55,51.1
format-code-task-000108,4,4,4,0,0,3.627,2.023,3.18,1.55,0.77,0.32,120,2.01,624,11.0,323.0,4.52,101.3
format-code-task-000109,4,4,4,0,0,3.641,1.714,3.85,1.29,0.66,0.38,163,2.45,1119,206.6,433.4,2.65,131.9
format-code-task-000110,4,4,4,0,0,1.244,0.479,2.2,0.36,0.07,0.38,6,0.66,244,8.2,221.0,1.16,52.0
format-code-task-000111,4,4,4,0,0,2.38,1.359,2.08,0.47,0.12,0.28,3,1.12,431,20.3,302.6,2.98,132.9
format-code-task-000112,4,4,4,0,0,2.477,1.793,2.48,0.41,0.1,0.31,4,0.66,579,5.5,135.2,0.54,236.3
format-code-task-000113,4,4,4,0,0,3.052,2.356,3.34,1.69,0.85,0.07,347,0.65,406,130.8,710.2,16.8,106.3
format-code-task-000114,4,4,4,0,0,1.395,0.917,1.82,0.73,0.0,0.19,0,0.63,108,16.3,579.9,5.24,194.9
format-code-task-000115,5,4,4,0,0,1.086,0.454,1.96,0.59,0.01,0.18,0,0.66,101,17.6,187.1,1.03,129.2
format-code-task-000116,4,4,4,0,0,1.207,0.541,1.92,0.51,0.0,0.14,0,0.66,130,7.9,547.4,2.12,124.5
format-code-task-000117,4,4,4,0,0,3.009,1.681,2.76,0.83,0.45,0.28,54,1.54,828,50.4,294.6,1.59,103.9
format-code-task-000118,4,4,4,0,0,8.0,5.2,5.23,1.52,0.76,0.36,362,3.2,1280,20.5,795.6,6.95,148.1
format-code-task-000119,4,4,4,0,0,1.122,0.459,1.84,0.88,0.03,0.1,8,0.62,141,160.1,469.2,7.94,265.5
format-code-task-000121,4,4,4,0,0,1.711,0.82,4.09,0.48,0.24,0.38,30,0.94,585,11.5,1207.5,6.73,162.2
format-code-task-000122,4,4,4,0,0,1.169,0.463,1.77,0.53,0.1,0.19,11,0.71,134,8.3,310.5,0.97,135.1
format-code-task-000123,4,4,4,0,0,1.489,0.721,1.95,0.22,0.02,0.63,1,0.7,237,7.3,1408.5,13.74,121.3
format-code-task-000124,4,4,4,0,0,1.153,0.498,1.89,0.3,0.0,0.23,1,0.62,108,16.1,510.2,1.02,332.2
format-code-task-000125,4,4,4,0,0,1.217,0.452,2.04,0.35,0.01,0.4,1,0.62,110,8.5,405.0,0.65,134.6
format-code-task-000126,4,4,4,0,0,1.628,1.18,2.26,0.72,0.32,0.21,65,0.61,232,8.9,612.2,1.99,210.8
format-code-task-000127,4,4,4,0,0,3.324,2.682,2.65,1.65,0.79,0.17,463,0.74,224,582.4,410.8,8.81,147.6
format-code-task-000128,4,4,4,0,0,3.236,2.53,2.75,1.36,0.67,0.34,96,0.66,843,11.5,264.9,4.51,51.9
format-code-task-000130,4,4,4,0,0,2.412,1.681,2.14,0.75,0.05,0.16,6,0.66,188,48.5,661.6,3.16,146.2
format-code-task-000131,4,4,4,0,0,1.034,0.382,1.99,0.26,0.01,0.44,0,0.62,107,7.4,149.4,0.08,136.9
format-code-task-000133,4,4,4,0,0,2.037,2.003,2.25,0.26,0.04,0.39,17,0.62,540,9.9,1112.2,7.33,128.3
format-code-task-000134,4,4,4,0,0,0.989,0.369,1.84,0.23,0.01,0.38,0,0.62,130,8.0,122.9,0.04,142.0
format-code-task-000136,4,4,4,0,0,3.119,1.637,2.9,1.33,0.64,0.31,87,1.75,489,9.0,462.9,3.89,272.0
format-code-task-000137,4,4,4,0,0,1.0,0.363,1.82,0.25,0.01,0.4,0,0.62,106,6.7,122.0,0.04,127.6
format-code-task-000138,4,4,4,0,0,1.587,0.739,2.4,0.43,0.2,0.41,17,0.81,544,31.9,322.7,1.13,144.1
format-code-task-000139,4,4,4,0,0,3.72,1.48,3.23,1.16,0.6,0.33,145,2.73,588,149.9,392.8,2.51,142.2
format-code-task-000140,4,4,4,0,0,2.747,1.616,4.78,1.45,0.72,0.38,103,1.49,1010,39.2,320.8,5.29,233.0
format-code-task-000141,4,4,4,0,0,1.279,0.483,2.22,0.53,0.12,0.34,13,0.62,150,9.1,301.9,1.08,222.3
format-code-task-000142,4,4,4,0,0,1.053,0.393,1.95,0.39,0.05,0.43,1,0.66,125,7.3,47.6,0.23,52.5
format-code-task-000143,4,4,4,0,0,1.43,0.438,2.28,1.15,0.53,0.23,43,0.75,216,9.3,146.7,2.39,78.5
format-code-task-000144,4,4,4,0,0,1.072,0.411,2.0,0.38,0.06,0.47,3,0.66,125,7.6,183.0,0.34,63.3
format-code-task-000145,4,4,4,0,0,1.562,0.808,2.32,1.16,0.58,0.17,113,0.83,223,8.3,438.1,3.99,70.2
format-code-task-000146,4,4,4,0,0,1.474,0.723,2.45,1.26,0.65,0.22,484,0.76,357,10.2,1600.5,45.03,73.7
format-code-task-000147,4,4,4,0,0,1.435,0.685,1.99,0.35,0.03,0.47,3,0.75,202,7.6,529.2,5.67,71.1
format-code-task-000148,4,4,4,0,0,1.178,0.78,2.0,0.96,0.04,0.35,6,0.81,195,4.6,1022.5,19.87,66.3
format-code-task-000149,4,4,4,0,0,1.356,0.605,1.97,0.69,0.01,0.84,3,0.75,193,7.7,826.5,12.46,46.4
format-code-task-000152,4,4,4,0,0,1.064,0.367,2.0,0.53,0.01,0.23,0,0.67,108,7.2,170.9,1.13,43.4
format-code-task-000153,4,4,4,0,0,1.042,0.387,1.96,0.2,0.01,0.52,1,0.61,106,7.7,415.1,0.67,196.3
format-code-task-000154,4,4,4,0,0,1.01,0.381,1.95,0.18,0.01,0.46,0,0.63,108,6.9,398.1,0.51,131.5
format-code-task-000155,4,4,4,0,0,0.976,0.37,1.73,0.23,0.0,0.3,0,0.62,100,7.4,362.1,0.71,48.6
format-code-task-000156,4,4,4,0,0,1.034,0.366,1.92,0.34,0.01,0.33,0,0.67,99,7.2,149.4,0.23,68.6
format-code-task-000157,4,4,4,0,0,1.049,0.382,1.94,0.14,0.0,0.45,1,0.67,98,7.9,999.3,0.23,39.5
format-code-task-000158,4,4,4,0,0,1.136,0.376,1.96,0.25,0.01,0.36,0,0.76,100,7.5,143.7,0.46,41.2
format-code-task-000159,4,4,4,0,0,1.119,0.369,1.9,0.19,0.01,0.43,0,0.75,97,8.5,167.7,0.35,65.7
format-code-task-000160,4,4,4,0,0,1.024,0.36,1.99,0.22,0.02,0.38,0,0.67,100,7.4,164.0,0.48,43.9
format-code-task-000161,4,4,4,0,0,1.03,0.366,1.99,0.24,0.01,0.36,0,0.67,102,11.9,190.3,0.41,34.1
format-code-task-000162,4,4,4,0,0,1.101,0.37,2.06,0.31,0.14,0.55,10,0.71,193,3.4,1358.4,0.38,33.5
format-code-task-000163,4,4,4,0,0,1.057,0.448,1.89,0.44,0.03,0.2,10,0.62,139,10.4,835.8,0.81,193.6
format-code-task-000164,4,4,4,0,0,1.361,0.665,1.91,0.45,0.04,0.36,4,0.67,3456,4.2,285.3,0.97,45.5
format-code-task-000165,4,4,4,0,0,1.818,1.06,3.54,0.46,0.24,0.45,35,1.03,367,11.2,716.2,0.58,150.1
format-code-task-000166,4,4,4,0,0,1.987,0.897,3.12,0.89,0.45,0.32,28,1.17,579,66.4,299.8,0.57,111.7
format-code-task-000167,4,4,4,0,0,3.026,2.495,2.11,1.12,0.28,0.19,8,0.82,148,95.9,753.2,9.31,220.3
format-code-task-000168,4,4,4,0,0,1.021,0.354,1.94,0.12,0.0,0.47,0,0.62,108,5.9,299.6,0.05,211.0
format-code-task-000169,4,4,4,0,0,0.982,0.353,2.03,0.36,0.01,0.43,0,0.62,107,4.5,262.4,0.1,100.8
format-code-task-000170,4,4,4,0,0,4.776,4.173,2.1,1.15,0.25,0.12,22,0.71,201,21.3,824.9,6.85,189.5
format-code-task-000171,4,4,4,0,0,0.984,0.356,1.92,0.26,0.01,0.37,0,0.63,103,17.1,266.3,0.34,160.7
format-code-task-000172,4,4,4,0,0,1.663,0.808,2.42,0.5,0.22,0.39,15,0.93,324,8.1,326.3,0.88,56.7
format-code-task-000173,4,4,4,0,0,5.956,4.398,2.27,1.1,0.52,0.12,38,1.69,1238,476.4,195.3,0.33,116.5
format-code-task-000174,4,4,4,0,0,5.642,1.947,2.54,1.11,0.39,0.68,126,5.34,631,491.3,421.6,1.03,110.3
format-code-task-000175,4,4,4,0,0,1.606,0.675,1.82,0.59,0.07,0.39,4,0.85,196,4.3,150.0,2.02,79.3
format-code-task-000176,4,4,4,0,0,1.119,0.443,1.92,0.28,0.02,0.35,0,0.62,117,3.3,327.5,0.19,110.9
format-code-task-000177,4,4,4,0,0,1.361,0.615,1.79,0.46,0.0,0.31,2,0.82,108,98.8,929.5,5.47,160.7
format-code-task-000178,4,4,4,0,0,1.853,0.903,1.91,0.95,0.0,0.18,3,0.97,107,87.1,661.1,11.4,156.3
format-code-task-000179,4,4,4,0,0,1.437,0.646,1.93,0.82,0.0,0.15,20,0.93,108,87.5,933.9,7.94,268.1
format-code-task-000181,4,4,4,0,0,1.338,0.509,1.89,0.11,0.0,0.52,0,0.83,113,13.4,933.8,13.54,120.5
format-code-task-000182,4,4,4,0,0,1.209,0.458,2.0,0.32,0.01,0.56,0,0.74,107,9.3,1407.6,13.61,122.3
format-code-task-000183,4,4,4,0,0,1.968,1.321,1.98,0.78,0.04,0.21,11,0.92,271,468.3,685.4,6.92,149.7
format-code-task-000185,4,4,4,0,0,2.157,1.181,3.1,1.47,0.63,0.21,122,1.34,568,68.4,361.2,4.57,121.6
format-code-task-000186,4,4,4,0,0,2.741,1.512,2.69,1.25,0.58,0.28,77,1.85,498,15.8,385.0,4.01,137.4
format-code-task-000187,4,4,4,0,0,1.618,0.924,2.26,0.42,0.16,0.37,7,0.8,281,25.1,457.3,0.31,170.5
format-code-task-000188,4,4,4,0,0,1.099,0.468,1.93,0.29,0.01,0.35,0,0.64,105,8.8,195.2,1.1,114.2
format-code-task-000189,4,4,4,0,0,1.046,0.428,1.98,0.29,0.06,0.56,9,0.62,262,24.3,472.4,0.39,429.5
format-code-task-000190,4,4,4,0,0,1.025,0.408,2.0,0.1,0.0,0.46,0,0.63,101,3.9,343.7,0.29,142.7
format-code-task-000191,4,4,4,0,0,1.388,0.407,1.88,0.24,0.03,0.43,3,0.62,137,8.0,360.3,0.22,139.6
format-code-task-000192,4,4,4,0,0,2.095,1.445,2.05,1.22,0.13,0.24,3,0.63,117,18.1,760.4,11.13,179.2
format-code-task-000193,4,4,4,0,0,1.092,0.457,1.91,0.06,0.0,0.62,2,0.62,143,168.6,2025.3,28.35,201.9
format-code-task-000194,4,4,4,0,0,1.091,0.417,1.93,0.15,0.0,0.42,0,0.62,105,6.9,280.0,0.14,171.5
format-code-task-000195,4,4,4,0,0,1.485,0.433,1.93,0.18,0.02,0.52,2,0.72,141,9.1,424.9,0.38,201.1
format-code-task-000197,4,4,4,0,0,6.191,5.333,6.33,1.44,0.44,0.31,71,0.79,592,17.6,293.8,10.55,79.0
format-code-task-000198,4,4,4,0,0,2.534,1.835,2.04,0.89,0.17,0.18,6,0.71,132,10.2,844.4,17.93,171.0
format-code-task-000199,4,4,4,0,0,0.991,0.375,1.97,0.44,0.15,0.42,20,0.62,199,6.0,307.8,0.31,89.8
format-code-task-000200,4,4,4,0,0,1.086,0.443,2.18,0.75,0.26,0.21,24,0.62,200,7.7,249.4,1.01,251.7
format-code-task-000201,4,4,4,0,0,1.114,0.865,2.01,0.99,0.03,0.14,13,0.62,337,15.2,3604.2,53.61,129.0
format-code-task-000202,4,4,4,0,0,1.314,0.599,2.18,0.61,0.16,0.5,16,0.72,189,4.1,189.2,1.27,47.8
format-code-task-000203,4,4,4,0,0,1.095,0.474,1.84,0.46,0.12,0.17,18,0.68,199,7.5,477.3,1.27,335.7
format-code-task-000204,4,4,4,0,0,1.244,0.45,1.95,0.28,0.06,0.57,10,0.62,197,8.1,360.1,1.1,116.4
format-code-task-000205,4,4,4,0,0,1.851,1.141,1.91,0.11,0.0,0.51,1,0.62,105,7.9,938.2,0.08,103.1
format-code-task-000208,4,4,4,0,0,1.626,0.845,2.61,0.77,0.35,0.39,17,0.87,503,7.9,157.8,1.35,149.0
format-code-task-000209,4,4,4,0,0,1.174,0.518,1.97,0.41,0.03,0.33,2,0.69,150,9.7,237.3,0.78,157.7
format-code-task-000210,4,4,4,0,0,2.296,1.678,2.06,0.3,0.05,0.4,2,0.63,149,6.4,741.1,1.78,263.3
format-code-task-000211,4,4,4,0,0,1.08,0.409,1.85,0.14,0.01,0.5,0,0.62,110,3.9,312.7,0.35,268.0
format-code-task-000212,4,4,4,0,0,1.005,0.391,1.94,0.16,0.01,0.37,0,0.62,108,9.0,224.3,0.61,157.6
format-code-task-000213,4,4,4,0,0,2.758,1.241,1.84,0.96,0.02,0.39,5,1.71,373,17.1,1013.1,8.98,164.2
format-code-task-000214,4,4,4,0,0,1.16,0.536,1.95,0.22,0.01,0.45,0,1.2,108,7.9,167.0,0.32,164.3
format-code-task-000215,4,4,4,0,0,3.207,1.899,2.79,1.23,0.6,0.36,78,1.66,598,52.3,421.7,3.68,144.6
format-code-task-000216,4,4,4,0,0,1.316,0.693,2.38,0.91,0.32,0.21,34,0.62,165,11.7,233.2,2.34,334.6
format-code-task-000217,4,4,4,0,1,8.0,7.986,3.81,1.36,0.67,0.2,180,0.66,590,31.2,419.4,2.4,192.5
format-code-task-000218,4,4,4,0,0,1.075,0.413,2.03,0.34,0.02,0.67,1,0.62,108,3.4,762.8,4.6,152.3
format-code-task-000219,4,4,4,0,0,1.009,0.391,1.97,0.24,0.04,0.48,5,0.62,192,7.7,402.2,0.36,134.6
format-code-task-000220,4,4,4,0,0,0.991,0.373,1.9,0.2,0.01,0.4,0,0.63,107,8.0,143.6,0.61,122.4
format-code-task-000221,4,4,4,0,0,1.033,0.392,1.92,0.11,0.0,0.44,0,0.62,106,3.5,601.9,0.15,130.9
format-code-task-000222,4,4,4,0,0,1.205,0.521,1.96,0.34,0.0,0.3,1,0.61,106,4.5,428.3,0.58,106.0
format-code-task-000223,4,4,4,0,0,0.973,0.335,2.0,0.12,0.0,0.49,1,0.62,104,7.2,745.8,0.12,104.7
format-code-task-000224,4,4,4,0,0,1.076,0.362,1.98,0.15,0.01,0.46,0,0.71,109,7.6,531.1,0.19,138.3
format-code-task-000225,4,4,4,0,0,1.12,0.433,2.01,0.44,0.06,0.28,3,0.67,200,6.6,239.4,0.75,36.1
format-code-task-000226,4,4,4,0,0,1.001,0.336,1.98,0.35,0.02,0.47,0,0.66,100,4.2,69.6,0.41,32.8
format-code-task-000227,4,4,4,0,0,1.002,0.363,1.84,0.24,0.01,0.57,0,0.63,262,6.6,1271.5,13.08,60.1
format-code-task-000228,4,4,4,0,0,1.714,0.989,1.95,0.33,0.05,0.42,6,0.72,198,37.5,290.6,0.9,130.2
format-code-task-000229,4,4,4,0,0,2.859,2.194,2.16,0.81,0.31,0.35,30,0.71,914,9.8,582.6,2.35,53.6
format-code-task-000230,4,4,4,0,0,1.251,0.556,1.94,0.36,0.07,0.47,7,0.67,189,6.9,275.9,1.03,74.0
format-code-task-000232,4,4,4,0,1,8.0,7.763,1.95,0.75,0.03,0.5,6,0.62,201,37.1,397.1,5.33,196.2
format-code-task-000233,4,4,4,0,0,1.492,0.82,2.52,1.4,0.59,0.18,213,0.65,167,12.7,394.5,7.28,99.9
format-code-task-000234,4,4,4,0,0,1.027,0.355,1.99,0.13,0.0,0.5,4,0.62,105,4.4,404.0,0.39,110.1
format-code-task-000235,4,4,4,0,0,1.13,0.517,1.79,0.25,0.04,0.27,6,0.62,268,34.4,383.5,0.96,201.8
format-code-task-000236,4,4,4,0,4,8.0,8.0,5.27,1.79,0.89,0.18,494,0.67,979,202.9,599.2,14.91,93.0
format-code-task-000237,4,4,4,0,0,0.959,0.344,2.05,0.17,0.01,0.4,0,0.62,105,6.8,228.2,0.26,126.4
format-code-task-000238,4,4,4,0,0,5.196,1.957,2.75,1.35,0.59,0.13,134,3.72,307,408.9,785.0,3.33,169.4
format-code-task-000239,4,4,4,0,0,2.831,2.017,2.35,1.06,0.3,0.64,69,0.78,191,7.4,400.9,8.59,40.8
format-code-task-000240,4,4,4,0,0,1.061,0.4,1.96,0.18,0.01,0.43,0,0.66,96,3.4,143.5,0.25,29.2
format-code-task-000241,4,4,4,0,0,1.038,0.546,2.63,1.94,0.97,0.03,2853,0.62,370,339.7,3604.3,73.84,135.3
format-code-task-000242,4,4,4,0,0,1.042,0.421,1.98,0.29,0.07,0.24,9,0.7,129,7.5,834.3,0.41,41.8
format-code-task-000243,4,4,4,0,0,7.084,4.977,3.61,1.26,0.65,0.38,171,2.5,1279,154.4,646.6,2.81,104.7
format-code-task-000244,4,4,4,0,0,1.135,0.486,1.98,0.5,0.01,0.63,0,0.62,138,7.4,133.0,1.21,129.8
format-code-task-000245,4,4,4,0,0,7.308,6.544,2.84,0.82,0.37,0.32,56,0.66,824,23.5,740.1,12.56,202.7
format-code-task-000246,4,4,4,0,0,1.339,0.69,1.83,0.62,0.01,0.37,2,0.62,140,8.8,1005.4,4.22,136.1
format-code-task-000247,4,4,4,0,0,1.351,0.667,2.65,0.15,0.06,0.62,10,0.81,328,8.6,3604.2,40.41,92.0
format-code-task-000248,4,4,4,0,0,1.474,0.674,2.64,0.5,0.28,0.59,46,0.82,322,7.7,2812.3,21.6,113.1
format-code-task-000249,4,4,4,0,0,1.433,0.773,2.08,0.97,0.38,0.23,7,0.63,111,18.7,346.3,2.35,248.1
format-code-task-000250,4,4,4,0,0,2.318,1.558,2.18,0.73,0.28,0.2,15,0.77,240,121.9,141.6,0.18,120.7
format-code-task-000252,4,4,4,0,0,8.0,7.106,2.88,0.45,0.17,0.26,57,2.19,291,630.6,129.9,0.79,115.8
format-code-task-000253,4,4,4,0,0,1.015,0.399,1.99,0.24,0.0,0.49,0,0.62,108,18.5,380.0,0.51,142.2
format-code-task-000254,4,4,4,0,0,5.092,4.117,2.16,1.27,0.23,0.06,33,0.79,282,148.6,1165.0,12.43,4.3
format-code-task-000255,4,4,4,0,0,1.46,0.753,1.94,0.94,0.03,0.27,10,0.77,146,8.9,826.1,8.39,117.8
format-code-task-000256,4,4,4,0,0,1.25,0.603,2.0,0.58,0.06,0.36,5,0.63,133,9.9,214.3,1.5,173.9
format-code-task-000257,4,4,4,0,0,1.144,0.518,1.97,0.44,0.08,0.46,6,0.63,135,15.3,184.3,0.99,161.0
format-code-task-000258,4,4,4,0,0,3.124,2.105,3.08,1.41,0.68,0.3,43,1.07,621,4.2,180.9,5.43,106.8
format-code-task-000259,5,4,4,1,0,3.381,2.718,1.81,0.1,0.0,0.57,1,0.67,97,1800.0,1837.2,9.84,34.7
format-code-task-000262,4,4,4,0,0,1.349,0.662,2.2,0.45,0.09,0.25,16,0.61,265,8.8,512.2,3.38,278.0
format-code-task-000263,4,4,4,0,0,1.085,0.449,1.87,0.12,0.01,0.38,1,0.62,158,9.2,413.9,0.78,253.5
format-code-task-000264,4,4,4,0,0,1.081,0.446,1.76,0.26,0.01,0.35,1,0.62,139,5.6,255.8,0.65,120.3
format-code-task-000265,4,4,4,0,0,1.164,0.535,2.06,0.37,0.04,0.54,0,0.62,106,3.4,484.0,5.13,113.5
format-code-task-000267,4,4,4,0,0,1.316,0.629,1.99,0.49,0.04,0.44,0,0.68,122,7.6,62.6,0.24,152.4
format-code-task-000268,4,4,4,0,0,2.45,1.788,2.6,1.01,0.48,0.41,43,0.62,176,48.5,298.4,2.2,211.5
format-code-task-000269,4,4,4,0,0,1.093,0.36,2.01,0.34,0.02,0.41,0,0.66,100,3.4,68.8,0.09,55.4
format-code-task-000270,4,4,4,0,0,3.18,2.101,4.03,1.17,0.61,0.33,154,1.96,1046,16.2,498.3,5.5,135.3
format-code-task-000271,4,4,4,0,0,3.18,2.454,3.56,1.17,0.5,0.21,28,0.66,848,8.9,792.4,10.21,1805.6
format-code-task-000272,4,4,4,0,0,1.212,0.549,1.96,0.6,0.03,0.22,3,0.67,188,12.2,197.6,1.74,36.6
format-code-task-000273,4,4,4,0,0,1.04,0.426,2.11,0.37,0.1,0.53,12,0.62,266,11.9,636.4,0.68,115.7
format-code-task-000275,4,4,4,0,0,1.095,0.48,1.86,0.25,0.01,0.67,1,0.62,94,3.3,1997.0,39.69,40.6
format-code-task-000276,4,4,4,0,0,1.52,0.779,3.79,0.5,0.24,0.46,40,0.86,265,10.2,605.6,0.59,163.0
format-code-task-000277,4,4,4,0,0,1.6,0.962,2.03,0.37,0.04,0.38,0,0.77,109,9.4,525.4,1.25,113.6
format-code-task-000278,4,4,4,0,0,1.069,0.374,1.95,0.23,0.01,0.46,0,0.62,133,6.8,130.9,0.1,255.1
format-code-task-000279,4,4,4,0,0,1.09,0.416,1.94,0.24,0.0,0.31,0,0.7,108,30.4,238.6,0.1,240.2
format-code-task-000280,4,4,4,0,0,4.715,4.062,2.07,1.12,0.15,0.15,7,0.67,190,5.3,425.2,4.31,255.8
format-code-task-000281,4,4,4,0,0,0.979,0.356,1.88,0.09,0.0,0.62,0,1.51,104,6.8,921.0,0.27,150.5
format-code-task-000283,4,4,4,0,2,8.0,8.0,6.78,1.81,0.89,0.54,366,0.67,1181,265.0,145.8,1.44,267.2
format-code-task-000284,4,4,4,0,0,1.48,0.86,2.03,0.78,0.27,0.22,8,0.62,106,13.3,606.1,1.41,95.5
format-code-task-000285,4,4,4,0,0,1.05,0.342,1.96,0.36,0.02,0.33,0,0.71,138,10.1,73.9,0.11,122.5
format-code-task-000286,4,4,4,0,0,1.337,0.634,2.6,0.9,0.53,0.52,21,0.73,267,606.8,801.9,6.68,3.1
format-code-task-000287,4,4,4,0,0,1.284,0.516,2.29,0.49,0.22,0.5,8,0.73,233,9.2,297.0,2.2,79.3
format-code-task-000290,4,4,4,0,0,0.973,0.322,2.03,0.26,0.04,0.48,0,0.61,100,5.4,109.7,0.06,58.9
format-code-task-000291,4,4,4,0,0,1.163,0.491,1.96,0.22,0.0,0.3,0,0.62,104,7.1,420.1,0.5,145.3
format-code-task-000292,4,4,4,0,0,1.686,0.824,2.74,0.56,0.27,0.38,23,1.05,430,53.1,477.1,0.4,127.8
format-code-task-000293,4,4,4,0,0,3.94,3.281,2.04,0.85,0.01,0.46,18,0.85,108,7.7,1717.6,9.75,126.6
format-code-task-000294,4,4,4,0,0,4.077,2.804,3.24,1.33,0.65,0.29,90,1.96,1145,6.7,296.7,2.28,140.0
format-code-task-000295,4,4,4,0,0,3.667,2.024,2.71,1.01,0.55,0.29,60,1.58,779,6.1,304.4,1.45,237.9
format-code-task-000296,4,4,4,0,0,1.033,0.417,1.94,0.27,0.02,0.39,0,0.62,125,8.1,117.3,0.31,113.0
format-code-task-000297,4,4,4,0,0,0.95,0.337,1.85,0.3,0.01,0.37,0,0.62,98,6.8,139.1,0.14,29.9
format-code-task-000298,4,4,4,0,0,1.054,0.442,1.9,0.2,0.01,0.44,0,0.61,99,7.1,311.0,0.17,46.3
format-code-task-000300,4,4,4,0,0,1.312,0.566,2.32,0.29,0.12,0.43,4,0.7,254,9.8,623.1,2.26,36.5
format-code-task-000301,4,4,4,0,0,1.316,0.543,2.87,0.4,0.19,0.5,10,0.73,235,30.3,216.0,4.75,84.7
format-code-task-000302,4,4,4,0,0,1.015,0.393,1.93,0.25,0.07,0.27,10,0.61,317,8.4,393.4,0.56,45.5
format-code-task-000303,4,4,4,0,0,0.99,0.385,1.79,0.11,0.0,0.44,0,0.61,99,7.2,338.8,0.6,42.1
format-code-task-000305,4,4,4,0,0,2.972,2.317,4.29,0.71,0.11,0.3,13,0.64,527,49.4,686.4,16.85,172.7
format-code-task-000306,4,4,4,0,0,1.309,0.694,1.97,0.67,0.1,0.29,12,0.62,739,13.0,304.6,2.17,131.3
format-code-task-000308,4,4,4,0,0,2.504,1.488,2.53,1.0,0.48,0.27,37,1.19,488,126.4,262.4,1.59,41.8
format-code-task-000309,4,4,4,0,0,2.793,1.529,3.0,0.71,0.36,0.3,38,1.27,509,4.5,512.8,1.42,55.3
format-code-task-000310,4,4,4,0,0,1.637,0.896,1.96,0.79,0.03,0.2,11,0.83,191,6.5,811.5,5.22,41.2
format-code-task-000311,4,4,4,0,0,1.365,0.708,2.56,1.2,0.29,0.42,131,0.67,316,8.0,676.9,30.16,51.2
format-code-task-000312,4,4,4,0,0,1.111,0.37,1.77,0.25,0.0,0.35,0,0.71,105,13.1,272.0,0.43,127.6
format-code-task-000313,4,4,4,0,0,0.94,0.336,1.86,0.11,0.01,0.53,0,0.61,99,3.8,715.2,0.37,44.2
format-code-task-000315,7,4,4,3,0,1.02,0.413,1.91,0.07,0.0,0.53,2,0.62,94,1800.0,2045.8,23.41,46.4
format-code-task-000316,4,4,4,0,0,1.328,0.514,2.46,0.53,0.25,0.49,18,0.83,266,4.5,685.2,1.6,112.4
format-code-task-000317,4,4,4,0,0,1.491,0.7,2.44,0.43,0.14,0.37,8,0.76,350,4.5,356.9,0.26,116.4
format-code-task-000318,4,4,4,0,0,1.041,0.44,1.79,0.31,0.07,0.26,6,0.61,190,10.2,374.3,0.34,75.1
format-code-task-000319,4,4,4,0,0,6.442,5.196,2.58,0.96,0.11,0.25,25,1.61,587,9.3,1575.4,12.86,134.8
format-code-task-000320,4,4,4,0,0,1.223,0.616,1.86,0.67,0.0,0.45,1,0.61,104,3.3,952.0,5.53,53.5
format-code-task-000322,4,4,4,0,0,1.14,0.409,1.94,0.4,0.01,0.47,0,0.79,109,4.1,768.5,7.53,118.7
format-code-task-000323,4,4,4,0,0,1.141,0.511,1.93,0.83,0.0,0.14,1,0.62,103,19.3,848.3,9.42,138.2
format-code-task-000324,4,4,4,0,0,0.935,0.31,1.9,0.2,0.01,0.37,0,0.61,100,8.0,144.0,0.13,42.1
format-code-task-000325,4,4,4,0,0,1.082,0.454,1.94,0.36,0.0,0.26,0,0.62,130,5.5,332.0,1.46,156.1
format-code-task-000326,4,4,4,0,0,1.109,0.469,1.93,0.34,0.0,0.23,1,0.62,107,11.3,257.7,0.77,108.5
format-code-task-000327,4,4,4,0,0,0.995,0.38,1.92,0.23,0.01,0.39,0,0.62,110,4.6,163.6,0.29,165.5
format-code-task-000328,4,4,4,0,0,1.008,0.39,1.98,0.27,0.01,0.41,0,0.62,104,3.4,300.7,2.12,128.5
format-code-task-000329,4,4,4,0,0,3.087,1.574,1.8,0.11,0.01,0.55,5,2.5,151,9.2,942.7,9.53,144.7
format-code-task-000330,4,4,4,0,0,0.981,0.371,1.87,0.48,0.01,0.21,0,0.62,106,13.2,131.6,0.95,164.7
format-code-task-000331,4,4,4,0,0,2.259,1.75,2.16,0.81,0.32,0.15,10,0.77,273,141.9,123.8,0.09,143.1
format-code-task-000332,4,4,4,0,0,1.139,0.53,1.86,0.23,0.04,0.37,6,0.61,183,7.6,358.8,0.55,221.0
format-code-task-000333,4,4,4,0,0,0.951,0.339,2.0,0.2,0.01,0.36,0,0.62,107,19.4,354.3,0.16,153.2
format-code-task-000334,4,4,4,0,0,1.117,0.44,1.97,0.21,0.0,0.49,1,0.68,109,8.0,385.0,0.72,146.3
format-code-task-000335,4,4,4,0,0,3.025,1.725,3.15,1.06,0.52,0.34,66,1.42,906,12.6,500.1,2.0,181.2
format-code-task-000336,4,4,4,0,0,1.036,0.426,1.95,0.47,0.02,0.29,1,0.64,138,13.5,226.9,1.42,159.4
format-code-task-000337,4,4,4,0,0,1.162,0.544,2.32,0.53,0.21,0.14,50,0.62,379,7.0,510.8,1.24,120.7
format-code-task-000338,4,4,4,0,1,8.0,7.972,1.94,0.89,0.07,0.36,13,0.61,262,21.3,310.4,10.22,396.7
format-code-task-000339,4,4,4,0,0,1.614,0.731,2.06,0.7,0.06,0.2,8,0.61,201,89.1,429.9,4.24,209.8
format-code-task-000340,4,4,4,0,0,1.279,0.515,2.2,0.53,0.21,0.42,5,0.79,293,7.7,147.4,0.5,43.0
format-code-task-000341,4,4,4,0,0,0.935,0.326,1.92,0.17,0.01,0.37,0,0.61,100,7.5,179.4,0.06,40.3
format-code-task-000342,4,4,4,0,0,1.15,0.446,2.23,0.54,0.22,0.5,5,0.7,295,7.4,313.1,0.44,37.4
format-code-task-000343,4,4,4,0,0,1.102,0.493,1.93,0.31,0.05,0.24,7,0.61,189,8.9,478.9,0.69,64.6
format-code-task-000345,4,4,4,0,0,2.593,1.493,2.95,0.93,0.44,0.32,66,1.62,832,55.0,370.7,1.23,356.7
format-code-task-000346,4,4,4,0,0,1.607,0.756,2.42,0.97,0.45,0.29,23,0.83,439,12.1,327.3,2.65,139.4
format-code-task-000347,4,4,4,0,0,8.0,7.833,4.61,1.64,0.77,0.24,445,6.46,2085,274.2,766.0,9.91,186.0
format-code-task-000348,4,4,4,0,4,8.0,7.998,4.08,1.79,0.88,0.15,650,4.17,2368,546.4,876.7,10.37,299.7
format-code-task-000349,4,4,4,0,0,1.64,0.84,2.57,0.3,0.15,0.45,19,0.93,346,5.5,486.7,2.68,89.7
format-code-task-000350,4,4,4,0,0,1.693,0.971,2.59,0.42,0.2,0.47,21,0.93,349,9.1,446.2,0.93,98.8
format-code-task-000352,4,4,4,0,0,1.032,0.422,1.95,0.5,0.0,0.13,1,0.62,109,14.4,341.3,1.4,138.8
format-code-task-000354,4,4,4,0,0,1.465,0.848,1.97,0.37,0.0,0.17,1,0.62,106,5.4,556.0,1.35,362.9
format-code-task-000357,4,4,4,0,0,1.391,0.686,2.08,0.45,0.08,0.33,10,0.71,199,7.7,278.5,1.38,217.5
format-code-task-000359,4,4,4,0,0,1.96,1.14,2.67,0.52,0.25,0.35,20,0.96,1107,7.8,487.7,1.11,175.6
format-code-task-000360,4,4,4,0,0,1.122,0.493,1.75,0.27,0.05,0.25,4,0.62,199,8.4,211.5,0.45,213.6
format-code-task-000361,4,4,4,0,0,1.36,0.592,2.33,0.64,0.3,0.43,11,0.81,285,5.3,398.7,0.48,57.9
format-code-task-000362,4,4,4,0,0,1.404,0.593,2.54,0.61,0.25,0.39,12,0.82,331,3.6,346.0,0.68,53.1
format-code-task-000363,4,4,4,0,0,1.006,0.392,1.95,0.36,0.05,0.43,3,0.62,125,4.1,151.0,0.48,39.8
format-code-task-000364,4,4,4,0,0,0.987,0.369,2.0,0.21,0.01,0.39,1,0.62,106,3.9,289.9,0.36,171.8
format-code-task-000365,4,4,4,0,0,1.064,0.397,1.87,0.31,0.04,0.28,2,0.67,126,7.9,183.4,0.38,240.6
format-code-task-000366,4,4,4,0,0,1.042,0.39,1.97,0.23,0.01,0.36,0,0.64,136,3.6,169.0,0.56,133.4
format-code-task-000367,4,4,4,0,0,1.318,0.682,2.06,0.55,0.2,0.22,4,0.62,104,8.0,122.1,0.7,86.7
format-code-task-000368,4,4,4,0,0,1.251,0.607,2.07,0.51,0.14,0.23,2,0.62,99,9.0,154.7,0.54,55.0
format-code-task-000369,4,4,4,0,0,1.467,0.709,2.96,1.0,0.47,0.38,15,0.89,319,10.6,149.3,1.84,41.5
format-code-task-000370,4,4,4,0,0,1.109,0.442,1.79,0.45,0.07,0.39,13,0.62,202,12.0,448.5,2.33,116.0
format-code-task-000371,4,4,4,0,0,1.221,0.485,1.96,0.44,0.1,0.46,6,0.75,202,4.9,266.4,1.11,56.4
format-code-task-000372,4,4,4,0,0,1.13,0.496,1.81,0.28,0.01,0.35,0,0.61,109,4.4,185.5,0.16,148.6
format-code-task-000373,4,4,4,0,0,8.0,4.666,2.1,0.78,0.2,0.22,16,4.85,215,4.9,569.2,4.68,131.0
format-code-task-000377,4,4,4,0,0,1.206,0.604,1.7,0.33,0.04,0.25,2,0.61,125,8.9,165.3,0.71,93.8
format-code-task-000379,4,4,4,0,0,1.037,0.42,1.93,0.28,0.01,0.37,0,0.62,109,4.3,147.3,0.7,112.6
format-code-task-000380,4,4,4,0,0,5.043,3.655,2.32,0.46,0.06,0.47,7,1.72,724,25.3,1594.0,9.62,172.0
format-code-task-000381,4,4,4,0,0,1.04,0.416,2.02,0.14,0.01,0.46,0,0.62,101,7.5,463.6,0.21,57.6
format-code-task-000382,4,4,4,0,0,0.954,0.344,1.88,0.16,0.01,0.37,0,0.63,100,5.5,273.4,0.25,36.1
format-code-task-000383,4,4,4,0,0,0.997,0.397,1.93,0.21,0.03,0.34,3,0.64,128,10.0,344.2,0.28,41.1
format-code-task-000384,4,4,4,0,0,2.1,1.152,4.69,0.9,0.44,0.41,45,1.07,1582,4.4,263.7,2.61,147.7
format-code-task-000385,4,4,4,0,2,8.0,7.999,2.68,0.83,0.35,0.39,19,0.89,862,7.2,458.5,0.93,228.1
format-code-task-000386,4,4,4,0,0,1.841,0.938,2.74,0.76,0.39,0.4,49,1.12,565,6.5,298.5,0.92,129.4
format-code-task-000388,4,4,4,0,0,1.056,0.388,1.96,0.21,0.0,0.41,0,0.63,107,17.1,321.1,0.65,114.4
format-code-task-000389,4,4,4,0,0,0.952,0.33,1.92,0.18,0.01,0.45,0,0.62,102,7.5,231.0,0.05,37.4
format-code-task-000390,4,4,4,0,0,1.481,0.806,1.84,0.3,0.03,0.3,1,0.62,178,7.7,525.5,15.51,102.1
format-code-task-000391,4,4,4,0,0,0.994,0.391,1.94,0.32,0.02,0.35,0,0.61,137,4.4,72.4,0.4,139.6
format-code-task-000392,4,4,4,0,0,1.135,0.488,1.94,0.41,0.01,0.61,0,0.63,109,6.6,186.1,1.11,161.4
format-code-task-000393,4,4,4,0,0,1.098,0.349,1.78,0.22,0.01,0.39,0,0.75,98,4.2,106.9,0.19,100.7
format-code-task-000394,4,4,4,0,0,1.019,0.423,1.74,0.63,0.0,0.21,1,0.63,98,26.2,628.8,2.71,80.7
format-code-task-000395,4,4,4,0,0,0.936,0.304,1.95,0.33,0.02,0.41,0,0.61,108,7.9,49.8,0.02,61.1
format-code-task-000396,4,4,4,0,1,8.0,7.999,5.58,1.47,0.67,0.16,269,0.68,335,23.9,955.9,8.27,104.6
format-code-task-000398,4,4,4,0,0,2.411,1.278,3.55,0.76,0.34,0.41,29,1.24,946,78.2,611.4,0.93,196.1
format-code-task-000399,4,4,4,0,0,6.194,4.268,3.02,1.56,0.79,0.28,163,3.18,727,7.3,466.7,6.66,65.0
format-code-task-000400,4,4,4,0,0,1.589,0.973,2.36,0.2,0.08,0.37,8,0.63,538,28.3,1526.1,19.6,303.2
format-code-task-000401,4,4,4,0,0,2.044,1.438,2.34,0.77,0.34,0.11,35,0.62,149,67.9,581.6,2.61,53.8
format-code-task-000402,4,4,4,0,0,0.976,0.359,1.79,0.27,0.01,0.33,0,0.62,99,3.4,120.8,0.38,28.6
format-code-task-000403,4,4,4,0,0,1.255,0.596,1.88,0.67,0.02,0.14,3,0.66,129,11.2,360.9,2.89,57.0
format-code-task-000404,4,4,4,0,0,1.046,0.431,2.02,0.25,0.03,0.42,2,0.62,136,6.4,196.9,0.85,108.8
format-code-task-000405,4,4,4,0,0,1.09,0.471,1.98,0.41,0.01,0.28,1,0.62,129,6.5,333.9,0.73,67.9
format-code-task-000406,4,4,4,0,0,1.771,1.107,2.0,0.35,0.02,0.37,0,0.62,152,8.0,139.2,0.45,135.5
format-code-task-000407,4,4,4,0,0,1.02,0.397,1.85,0.25,0.01,0.33,0,0.62,99,5.3,139.8,0.16,69.7
format-code-task-000408,4,4,4,0,0,1.077,0.474,1.73,0.34,0.03,0.35,2,0.62,126,4.4,125.8,0.75,128.5
format-code-task-000409,4,4,4,0,0,1.091,0.412,1.81,0.24,0.01,0.33,0,0.62,101,8.0,230.1,0.37,83.8
format-code-task-000410,4,4,4,0,0,1.212,0.468,2.04,0.39,0.07,0.4,3,0.62,129,9.1,137.9,0.61,54.1
format-code-task-000411,4,4,4,0,0,1.024,0.406,1.96,0.41,0.02,0.4,0,0.8,98,9.1,102.7,0.27,71.9
format-code-task-000412,4,4,4,0,0,1.031,0.415,1.98,0.33,0.01,0.33,0,0.63,99,8.5,128.0,0.65,59.7
format-code-task-000413,4,4,4,0,0,1.605,0.971,1.72,0.27,0.0,0.39,0,0.62,111,6.2,305.4,0.73,90.3
format-code-task-000414,4,4,4,0,0,1.06,0.44,1.92,0.29,0.01,0.29,0,0.62,99,6.3,206.2,0.59,84.8
format-code-task-000415,4,4,4,0,0,1.032,0.413,1.92,0.31,0.01,0.32,0,0.62,98,5.4,132.0,0.43,112.8
format-code-task-000416,4,4,4,0,0,1.062,0.42,1.97,0.49,0.01,0.33,0,0.62,110,7.7,105.5,0.49,155.0
format-code-task-000417,4,4,4,0,0,1.499,0.702,1.89,0.44,0.01,0.34,1,0.67,149,98.2,1047.5,8.24,199.6
format-code-task-000418,4,4,4,0,0,1.195,0.589,1.87,0.32,0.01,0.3,1,0.62,138,31.9,239.0,1.22,277.6
format-code-task-000419,4,4,4,0,0,1.035,0.416,1.99,0.31,0.02,0.35,1,0.62,127,5.3,191.0,0.37,159.2
format-code-task-000420,4,4,4,0,0,1.0,0.36,1.91,0.13,0.0,0.57,0,0.62,108,10.4,802.2,0.08,180.0
format-code-task-000421,4,4,4,0,0,0.934,0.321,1.86,0.22,0.01,0.4,1,0.61,100,13.0,147.4,0.25,48.3
format-code-task-000422,4,4,4,0,0,1.276,0.613,1.99,0.39,0.06,0.32,1,0.7,104,6.9,230.3,0.89,47.7
format-code-task-000426,4,4,4,0,0,1.042,0.638,1.95,0.15,0.01,0.45,1,0.62,99,7.9,507.5,1.51,73.1
format-code-task-000427,4,4,4,0,0,1.783,0.861,3.03,0.85,0.4,0.37,20,0.89,571,7.8,287.9,2.28,432.0
format-code-task-000428,4,4,4,0,0,1.679,1.019,2.06,0.6,0.19,0.33,12,0.65,126,13.8,296.7,0.79,241.4
format-code-task-000430,4,4,4,0,0,4.196,2.357,2.77,0.65,0.34,0.38,80,1.89,801,7.1,580.3,1.27,160.3
format-code-task-000431,4,4,4,0,0,2.382,1.226,2.98,1.11,0.48,0.34,55,1.33,984,28.4,300.7,3.99,98.0
format-code-task-000433,4,4,4,0,0,3.39,1.547,4.18,1.04,0.54,0.38,113,1.92,857,74.5,521.2,2.14,111.4
format-code-task-000434,4,4,4,0,0,1.236,0.563,1.95,0.54,0.07,0.23,3,0.66,112,4.0,764.6,15.28,58.0
format-code-task-000435,4,4,4,0,1,8.0,7.992,2.71,1.6,0.79,0.28,209,0.79,881,20.9,729.5,5.72,119.4
format-code-task-000436,4,4,4,0,0,1.342,0.699,2.13,0.37,0.11,0.22,3,0.65,159,43.6,143.4,0.12,177.3
format-code-task-000437,4,4,4,0,0,1.268,0.651,1.91,0.28,0.03,0.35,7,0.62,138,10.3,540.1,1.16,220.6
format-code-task-000438,4,4,4,0,0,1.082,0.48,1.94,0.25,0.04,0.25,5,0.61,251,6.3,507.7,0.85,54.1
format-code-task-000439,4,4,4,0,0,1.868,1.024,2.33,0.39,0.16,0.4,13,0.88,1028,11.5,399.8,0.64,126.2
format-code-task-000440,4,4,4,0,0,1.813,0.955,2.87,0.47,0.21,0.48,33,0.88,917,4.4,630.5,0.79,179.7
format-code-task-000441,4,4,4,0,0,5.245,3.524,3.91,1.44,0.72,0.32,119,1.91,558,17.1,462.9,3.03,179.8
format-code-task-000442,4,4,4,0,0,1.585,0.807,3.05,0.58,0.28,0.37,34,1.05,373,35.6,623.2,1.32,52.0
format-code-task-000444,4,4,4,0,0,3.085,1.483,2.21,0.83,0.19,0.23,15,1.47,230,23.9,240.7,2.24,406.9
format-code-task-000445,4,4,4,0,0,1.722,0.79,2.57,0.71,0.31,0.34,14,0.85,416,4.5,148.4,1.14,117.5
format-code-task-000448,4,4,4,0,0,3.743,2.554,2.83,1.25,0.64,0.32,74,1.35,684,10.9,257.8,4.69,137.0
format-code-task-000449,4,4,4,0,0,3.737,2.759,3.4,1.11,0.58,0.37,74,1.61,1151,87.3,257.8,2.82,240.9
format-code-task-000450,4,4,4,0,0,1.012,0.359,1.86,0.22,0.0,0.33,0,0.65,109,9.3,307.9,0.59,223.4
format-code-task-000451,4,4,4,0,0,7.53,4.846,3.24,1.47,0.72,0.26,146,2.77,638,10.6,442.3,13.74,58.4
format-code-task-000452,4,4,4,0,0,4.564,3.085,2.78,1.23,0.62,0.3,112,1.56,652,10.5,841.6,13.15,84.3
format-code-task-000453,4,4,4,0,0,4.468,3.029,3.1,1.1,0.57,0.32,150,1.93,716,10.9,595.8,6.29,140.7
format-code-task-000454,4,4,4,0,0,5.593,3.875,3.12,1.58,0.77,0.29,142,1.98,652,14.3,390.5,3.26,58.4
format-code-task-000455,4,4,4,0,0,2.021,1.132,3.77,0.77,0.37,0.36,28,0.94,593,9.7,248.6,0.96,157.7
format-code-task-000456,4,4,4,0,0,1.803,0.991,2.59,0.43,0.23,0.41,22,0.9,490,10.0,441.9,1.27,137.1
format-code-task-000457,4,4,4,0,0,1.032,0.368,1.82,0.21,0.01,0.42,0,0.66,95,6.2,129.9,0.06,37.8
format-code-task-000458,4,4,4,0,0,0.979,0.374,2.01,0.23,0.05,0.41,4,0.61,145,7.5,576.6,8.95,128.8
format-code-task-000459,4,4,4,0,0,0.955,0.338,1.99,0.49,0.01,0.38,0,0.62,100,3.8,157.5,0.93,58.8
format-code-task-000460,4,4,4,0,0,2.854,2.378,4.08,1.55,0.38,0.18,210,0.8,511,24.6,3604.2,33.87,163.5
format-code-task-000461,4,4,4,0,0,0.931,0.315,1.95,0.1,0.01,0.49,0,0.61,103,6.8,251.4,0.02,57.3
format-code-task-000462,4,4,4,0,0,1.929,0.93,2.53,0.71,0.36,0.38,43,1.39,978,7.6,498.8,1.19,64.4
format-code-task-000463,4,4,4,0,0,2.065,1.142,2.67,0.76,0.38,0.43,35,0.98,848,6.4,261.5,1.02,116.8
format-code-task-000464,4,4,4,0,0,2.62,2.139,2.69,0.49,0.25,0.4,42,1.07,1427,4.9,487.4,0.51,104.1
format-code-task-000466,4,4,4,0,0,1.027,0.335,1.92,0.28,0.01,0.36,0,0.71,95,3.3,87.0,0.07,39.3
format-code-task-000467,4,4,4,0,0,0.993,0.335,1.95,0.22,0.01,0.44,0,0.61,107,4.0,283.0,0.07,153.7
format-code-task-000468,4,4,4,0,0,1.017,0.413,1.85,0.14,0.01,0.42,0,0.61,99,7.9,326.6,0.22,39.3
format-code-task-000469,4,4,4,0,0,1.104,0.491,1.98,0.4,0.05,0.31,2,0.62,189,4.6,85.3,0.71,99.0
format-code-task-000471,4,4,4,0,0,1.303,0.545,1.91,0.36,0.01,0.37,1,0.76,118,10.3,768.3,13.74,57.6
format-code-task-000472,4,4,4,0,0,1.266,0.507,1.95,0.46,0.07,0.35,8,0.76,190,9.2,220.1,1.98,59.2
format-code-task-000474,4,4,4,0,0,0.979,0.375,1.83,0.17,0.03,0.4,3,0.62,118,4.4,372.1,0.37,44.2
format-code-task-000475,4,4,4,0,0,5.272,4.593,2.73,1.25,0.62,0.23,120,0.67,584,9.0,248.0,2.85,44.5
format-code-task-000476,4,4,4,0,0,1.567,0.788,2.33,0.55,0.17,0.32,13,0.95,260,7.3,324.8,0.89,57.3
format-code-task-000477,4,4,4,0,0,3.767,3.119,2.0,0.74,0.03,0.18,3,0.63,108,138.3,765.0,11.3,152.7
format-code-task-000478,4,4,4,0,0,2.639,1.773,2.21,0.45,0.17,0.28,6,0.87,229,80.8,295.6,0.48,91.4
format-code-task-000479,4,4,4,0,0,5.544,4.857,2.49,1.15,0.56,0.25,95,0.67,579,11.1,316.0,2.64,63.2
format-code-task-000480,4,4,4,0,0,3.408,1.703,3.58,1.07,0.51,0.22,82,2.01,463,21.1,1052.8,10.02,110.2
format-code-task-000481,4,4,4,0,0,1.551,0.934,2.05,0.52,0.16,0.24,2,0.62,102,7.7,193.2,0.6,74.8
format-code-task-000482,4,4,4,0,0,2.245,1.278,4.15,0.78,0.39,0.37,51,1.41,1393,96.8,356.1,1.37,120.5
format-code-task-000483,4,4,4,0,0,1.304,0.685,2.11,0.42,0.09,0.29,1,0.64,132,13.1,146.7,0.29,182.4
format-code-task-000484,4,4,4,0,0,1.184,0.565,1.98,0.32,0.07,0.54,7,0.62,197,4.1,276.7,0.49,155.9
format-code-task-000485,4,4,4,0,0,0.946,0.33,1.91,0.17,0.01,0.39,0,0.61,100,7.2,300.5,0.12,53.0
format-code-task-000486,4,4,4,0,0,0.94,0.329,1.93,0.3,0.01,0.33,0,0.61,100,8.7,100.1,0.11,95.9
format-code-task-000487,4,4,4,0,0,1.509,0.763,2.94,0.44,0.18,0.37,8,0.77,458,17.8,235.7,0.66,184.0
format-code-task-000488,4,4,4,0,0,1.047,0.441,1.87,0.29,0.04,0.41,6,0.61,202,28.3,380.1,0.38,92.5
format-code-task-000489,4,4,4,0,0,1.43,0.798,1.97,0.35,0.04,0.34,9,0.67,207,20.8,871.1,14.09,106.3
format-code-task-000490,4,4,4,0,0,3.459,2.796,2.68,1.63,0.7,0.19,384,0.92,622,8.0,1090.9,16.49,30.8
format-code-task-000491,4,4,4,0,0,2.19,1.423,3.08,0.77,0.35,0.46,56,1.15,903,5.5,501.0,1.82,226.6
format-code-task-000492,4,4,4,0,0,1.008,0.397,1.97,0.35,0.04,0.42,3,0.61,134,4.5,212.0,1.69,58.7
format-code-task-000493,4,4,4,0,1,8.0,7.705,2.16,0.92,0.46,0.39,19,0.62,133,4.5,710.6,1.95,212.0
format-code-task-000494,4,4,4,0,0,4.035,3.403,2.53,0.51,0.16,0.26,26,0.64,134,14.7,347.3,1.26,190.3
format-code-task-000495,4,4,4,0,0,1.172,0.557,2.0,0.4,0.01,0.41,0,0.62,126,7.3,314.7,0.97,146.7
format-code-task-000496,4,4,4,0,0,1.244,0.474,1.77,0.31,0.01,0.29,0,0.76,120,8.0,289.8,0.64,61.2
format-code-task-000497,4,4,4,0,0,1.081,0.375,1.85,0.15,0.01,0.45,1,0.71,99,7.5,402.5,0.86,54.9
format-code-task-000498,4,4,4,0,0,0.961,0.338,2.02,0.2,0.03,0.46,0,0.62,97,8.0,165.3,0.1,39.9
format-code-task-000499,4,4,4,0,1,8.0,7.97,3.27,0.98,0.52,0.37,144,3.05,395,246.9,436.7,2.3,177.4
format-code-task-000500,4,4,4,0,0,1.554,0.706,2.61,0.65,0.29,0.31,27,1.18,793,49.1,291.6,0.59,104.1
format-code-task-000501,4,4,4,0,0,2.018,1.12,2.62,0.76,0.38,0.34,32,1.0,347,10.6,257.4,1.23,52.1
format-code-task-000502,4,4,4,0,0,2.069,1.099,3.03,1.19,0.56,0.29,33,0.97,409,8.3,151.2,1.86,62.2
format-code-task-000504,4,4,4,0,0,1.568,0.764,2.7,0.72,0.34,0.38,20,0.87,437,7.7,197.7,1.33,383.9
format-code-task-000505,4,4,4,0,0,1.443,0.823,1.99,0.39,0.01,0.35,0,0.62,106,4.0,358.8,2.75,148.5
format-code-task-000506,4,4,4,0,0,2.521,1.53,2.99,0.5,0.25,0.41,42,1.18,640,47.7,903.4,8.48,161.7
format-code-task-000507,4,4,4,0,0,1.289,0.52,2.23,0.73,0.17,0.55,5,0.75,296,9.1,166.5,1.17,76.3
format-code-task-000508,4,4,4,0,0,2.569,1.518,3.02,1.25,0.6,0.3,45,1.43,870,21.7,187.2,2.54,122.3
format-code-task-000509,4,4,4,0,0,3.321,2.09,4.16,0.64,0.35,0.37,63,1.91,461,6.3,828.3,2.49,102.7
format-code-task-000510,4,4,4,0,0,1.422,0.749,1.59,0.35,0.02,0.36,0,0.66,164,7.5,69.1,0.43,41.3
format-code-task-000511,4,4,4,0,0,1.006,0.393,2.0,0.18,0.01,0.36,1,0.62,117,4.2,276.4,1.61,150.3
format-code-task-000512,4,4,4,0,0,0.984,0.375,1.98,0.24,0.04,0.31,3,0.62,127,7.5,250.5,0.38,49.3
format-code-task-000513,4,4,4,0,0,1.16,0.515,1.93,0.22,0.04,0.29,4,0.61,191,7.9,263.3,0.59,48.3
format-code-task-000514,4,4,4,0,0,1.925,1.157,2.86,0.94,0.43,0.37,30,0.9,706,36.6,207.1,1.23,174.1
format-code-task-000515,4,4,4,0,0,1.196,0.608,2.08,0.55,0.2,0.17,3,0.61,98,7.5,120.0,0.32,104.1
format-code-task-000516,4,4,4,0,0,2.226,1.411,3.1,0.47,0.19,0.26,9,0.68,638,10.0,813.5,6.1,108.7
format-code-task-000517,4,4,4,0,0,1.527,0.816,1.97,0.68,0.05,0.25,10,0.62,200,12.2,418.1,2.48,146.3
format-code-task-000519,4,4,4,0,0,1.395,0.785,2.4,0.78,0.25,0.26,30,0.61,733,10.4,398.2,2.19,100.9
format-code-task-000520,4,4,4,0,0,1.098,0.659,2.06,0.26,0.07,0.29,16,0.61,483,6.9,627.7,0.94,52.0
format-code-task-000521,4,4,4,0,0,0.932,0.334,2.0,0.19,0.03,0.54,3,0.61,127,10.8,413.2,0.57,83.2
format-code-task-000522,4,4,4,0,0,1.085,0.473,1.96,0.08,0.0,0.51,1,0.62,107,10.3,1412.3,0.28,44.4
format-code-task-000523,4,4,4,0,0,1.004,0.37,1.9,0.32,0.01,0.32,0,0.62,298,3.5,159.9,0.57,49.6
format-code-task-000524,4,4,4,0,0,1.22,0.55,2.09,0.6,0.12,0.23,1,0.66,104,7.7,92.4,0.47,9.0
format-code-task-000525,4,4,4,0,0,1.146,0.531,1.81,0.22,0.04,0.3,5,0.61,196,8.1,385.4,0.58,193.9
format-code-task-000526,4,4,4,0,0,1.11,0.506,1.97,0.55,0.02,0.35,5,0.61,193,15.9,863.0,2.39,178.2
format-code-task-000527,4,4,4,0,0,1.18,0.469,2.62,1.76,0.89,0.02,1204,0.72,202,972.9,1927.0,24.9,169.2
format-code-task-000528,4,4,4,0,0,2.526,1.708,2.39,0.4,0.14,0.28,7,0.81,577,29.3,409.6,3.84,133.5
format-code-task-000529,4,4,4,0,0,1.787,1.076,2.39,1.54,0.6,0.68,327,0.71,129,9.2,801.9,14.47,53.2
format-code-task-000530,4,4,4,0,0,1.147,0.457,2.0,0.65,0.01,0.28,0,0.69,98,7.8,257.3,1.68,49.0
format-code-task-000531,4,4,4,0,0,1.781,1.177,2.65,1.67,0.82,0.05,507,0.61,255,90.3,1096.5,13.89,61.3
format-code-task-000532,4,4,4,0,0,1.0,0.389,1.96,0.15,0.0,0.42,0,0.62,109,8.4,534.0,0.2,124.0
format-code-task-000533,4,4,4,0,0,1.131,0.391,2.12,0.27,0.05,0.44,1,0.73,204,10.6,194.9,0.08,84.8
format-code-task-000534,4,4,4,0,0,1.239,0.43,2.14,0.57,0.23,0.36,4,0.78,250,7.9,125.4,0.56,58.7
format-code-task-000535,4,4,4,0,0,2.475,1.796,2.13,0.44,0.19,0.24,16,0.62,113,16.1,249.1,0.39,39.2
format-code-task-000537,4,4,4,0,0,0.937,0.329,1.95,0.09,0.0,0.55,1,0.61,99,3.4,599.1,0.06,89.5
format-code-task-000538,4,4,4,0,0,1.698,0.89,2.36,0.51,0.23,0.36,19,0.88,525,10.5,507.0,0.42,163.2
format-code-task-000539,4,4,4,0,0,2.43,1.227,2.79,0.93,0.44,0.37,41,1.23,424,9.1,271.2,2.53,88.8
format-code-task-000540,4,4,4,0,0,2.082,1.464,1.99,0.91,0.01,0.43,0,0.62,106,39.3,703.2,13.08,117.2
format-code-task-000541,4,4,4,0,0,1.087,0.413,1.8,0.21,0.0,0.35,1,0.62,107,5.4,421.0,0.51,157.8
format-code-task-000542,4,4,4,0,0,7.463,7.432,3.26,1.07,0.33,0.26,66,0.62,3706,28.5,1055.7,10.02,310.0
format-code-task-000543,4,4,4,0,0,1.302,0.893,2.64,1.09,0.21,0.32,82,0.62,148,100.8,1701.3,19.9,328.7
format-code-task-000544,4,4,4,0,0,1.156,0.541,2.09,0.25,0.08,0.39,3,0.61,135,6.0,596.6,0.25,131.2
format-code-task-000545,4,4,4,0,0,0.977,0.351,1.82,0.19,0.01,0.39,0,0.62,99,7.7,307.2,0.37,40.0
format-code-task-000546,4,4,4,0,0,2.063,1.104,2.2,0.75,0.36,0.33,15,0.99,317,13.4,255.7,1.89,116.3
format-code-task-000547,4,4,4,0,0,2.671,1.686,2.79,0.88,0.46,0.32,34,1.18,297,38.1,297.9,1.7,45.9
format-code-task-000549,4,4,4,0,0,1.261,0.484,2.31,0.4,0.15,0.45,4,0.77,267,9.1,233.1,0.36,42.9
format-code-task-000550,4,4,4,0,0,0.98,0.374,1.85,0.13,0.0,0.4,1,0.61,98,9.4,445.8,2.54,75.6
format-code-task-000551,4,4,4,0,0,1.346,0.659,2.08,0.39,0.15,0.32,6,0.62,212,3.4,637.7,1.34,116.0
format-code-task-000552,4,4,4,0,0,0.927,0.321,1.98,0.14,0.01,0.46,0,0.61,101,47.7,296.2,0.06,75.0
format-code-task-000553,4,4,4,0,0,1.823,0.953,2.95,0.69,0.31,0.4,29,1.06,401,5.6,825.1,1.59,54.0
format-code-task-000554,4,4,4,0,0,2.988,1.417,3.47,1.07,0.54,0.37,141,2.17,519,159.5,1824.5,11.24,122.1
format-code-task-000555,4,4,4,0,0,3.629,1.758,3.79,1.02,0.54,0.34,105,2.03,562,98.0,459.6,2.35,91.5
format-code-task-000556,4,4,4,0,0,1.468,0.591,3.06,0.6,0.27,0.42,28,0.95,311,39.0,689.5,1.86,78.5
format-code-task-000557,4,4,4,0,0,2.834,2.214,1.99,0.85,0.06,0.18,11,0.62,450,12.6,593.2,7.05,262.7
format-code-task-000558,4,4,4,0,0,1.043,0.426,1.98,0.36,0.02,0.33,0,0.62,119,7.6,160.1,0.24,44.3
format-code-task-000559,4,4,4,0,0,6.1,5.302,2.33,1.31,0.66,0.35,101,0.97,281,15.8,717.0,13.93,294.2
format-code-task-000560,4,4,4,0,0,1.038,0.37,1.83,0.3,0.0,0.23,1,0.61,108,10.7,329.7,1.45,156.1
format-code-task-000561,4,4,4,0,0,1.58,0.832,1.88,0.7,0.02,0.16,4,0.85,134,194.4,489.2,5.68,202.1
format-code-task-000562,4,4,4,0,0,3.229,2.33,2.76,1.8,0.9,0.07,603,0.68,405,89.2,1765.1,26.11,164.9
format-code-task-000563,4,4,4,0,0,1.133,0.506,2.05,0.15,0.01,0.48,0,0.63,108,16.5,396.1,0.37,141.4
format-code-task-000564,4,4,4,0,0,1.284,0.57,2.23,0.41,0.16,0.41,6,0.69,256,14.4,320.8,0.38,200.6
format-code-task-000566,4,4,4,0,0,1.158,0.402,1.84,0.33,0.01,0.43,0,0.77,100,9.4,80.0,0.38,42.5
format-code-task-000567,4,4,4,0,0,1.493,0.753,2.21,0.41,0.13,0.42,9,0.77,340,4.6,420.2,0.5,254.2
format-code-task-000568,4,4,4,0,1,8.0,7.839,2.01,0.41,0.0,0.31,0,0.62,100,7.9,394.3,0.81,138.5
format-code-task-000569,4,4,4,0,0,1.383,0.662,2.29,0.54,0.22,0.38,9,0.84,361,8.8,254.1,1.47,125.0
format-code-task-000570,4,4,4,0,0,1.358,0.593,3.95,0.41,0.2,0.51,24,0.76,256,25.7,393.6,0.77,193.1
format-code-task-000571,4,4,4,0,0,1.554,0.907,1.96,0.26,0.0,0.33,0,0.95,108,8.0,280.4,0.6,111.5
format-code-task-000573,4,4,4,0,0,0.987,0.377,1.95,0.38,0.08,0.5,4,0.61,218,7.8,252.8,0.45,169.2
format-code-task-000574,4,4,4,0,0,2.067,1.111,2.88,1.29,0.61,0.29,53,1.3,555,25.2,267.6,2.2,135.3
format-code-task-000575,4,4,4,0,0,1.401,0.696,2.34,0.51,0.23,0.43,9,0.76,353,7.3,389.6,0.68,158.0
format-code-task-000576,4,4,4,0,1,8.0,7.968,3.52,1.01,0.55,0.28,149,0.63,858,23.1,547.8,1.64,108.7
format-code-task-000577,4,4,4,0,0,1.764,0.91,4.08,0.51,0.25,0.43,26,0.87,515,3.4,259.1,0.91,148.4
format-code-task-000578,4,4,4,0,0,1.4,0.701,2.92,0.7,0.33,0.41,16,0.83,509,3.4,258.4,1.11,104.3
format-code-task-000579,4,4,4,0,0,1.669,0.858,2.77,0.92,0.41,0.37,26,0.9,516,7.9,145.3,1.04,108.9
format-code-task-000580,4,4,4,0,0,1.105,0.611,1.8,0.11,0.0,0.39,1,0.68,98,11.2,1830.9,4.43,102.1
format-code-task-000581,4,4,4,0,0,1.018,0.352,2.04,0.2,0.02,0.47,0,0.66,98,9.3,165.9,0.23,50.2
format-code-task-000582,4,4,4,0,0,1.087,0.401,1.88,0.45,0.02,0.38,1,0.71,111,4.3,142.3,2.12,118.1
format-code-task-000583,4,4,4,0,0,8.0,7.447,3.02,1.08,0.5,0.34,161,0.64,466,12.0,954.8,6.92,371.5
format-code-task-000584,4,4,4,0,0,1.435,0.754,1.96,0.59,0.06,0.21,1,0.67,104,61.0,179.2,2.12,43.5
format-code-task-000585,4,4,4,0,0,1.022,0.393,2.0,0.16,0.0,0.42,0,0.63,110,3.9,457.1,0.28,275.0
format-code-task-000586,4,4,4,0,0,1.41,0.691,2.27,0.56,0.22,0.38,6,0.75,381,7.7,193.0,0.88,131.0
format-code-task-000587,4,4,4,0,0,0.969,0.355,1.91,0.18,0.01,0.56,1,0.61,108,16.5,800.6,14.51,161.4
format-code-task-000588,4,4,4,0,0,1.442,0.735,1.94,0.27,0.01,0.36,1,0.72,101,5.4,901.7,5.31,75.7
format-code-task-000589,4,4,4,0,0,1.028,0.394,1.96,0.28,0.01,0.37,1,0.62,109,10.4,619.1,1.05,133.2
format-code-task-000590,4,4,4,0,0,1.407,0.658,3.31,1.02,0.43,0.4,25,0.93,267,7.5,791.1,15.66,74.0
format-code-task-000591,4,4,4,0,0,1.004,0.349,1.96,0.18,0.01,0.43,0,0.63,221,12.6,198.0,0.03,164.7
format-code-task-000592,4,4,4,0,0,1.005,0.375,1.76,0.27,0.0,0.33,0,0.62,109,4.4,184.7,0.48,301.0
format-code-task-000593,4,4,4,0,0,0.934,0.313,1.93,0.22,0.01,0.47,0,0.61,97,4.1,375.7,0.04,69.6
format-code-task-000595,4,4,4,0,0,5.155,4.544,2.11,0.69,0.22,0.39,9,0.62,107,7.3,208.5,1.44,213.8
format-code-task-000596,4,4,4,0,0,2.299,1.352,3.09,0.93,0.45,0.35,45,1.31,774,8.9,370.4,1.26,150.6
format-code-task-000598,4,4,4,0,0,1.533,0.752,2.6,0.63,0.3,0.39,17,0.84,593,36.5,810.4,7.69,114.9
format-code-task-000599,4,4,4,0,0,1.83,0.931,2.91,0.74,0.34,0.41,31,1.81,761,7.8,958.0,7.09,113.6
format-code-task-000600,4,4,4,0,0,3.008,1.944,4.27,0.96,0.42,0.47,40,3.05,867,75.3,1522.3,15.53,179.8
format-code-task-000601,4,4,4,0,0,2.675,1.972,2.39,1.07,0.42,0.32,35,0.63,474,12.6,218.1,1.75,98.0
format-code-task-000602,4,4,4,0,0,1.506,0.702,2.91,0.62,0.3,0.41,18,0.92,413,6.6,367.1,0.83,164.1
format-code-task-000603,4,4,4,0,0,1.204,0.572,2.09,0.6,0.18,0.26,2,0.61,99,7.8,123.0,0.42,39.6
format-code-task-000604,4,4,4,0,4,8.0,8.0,4.62,1.23,0.64,0.3,262,0.65,662,26.5,649.9,6.61,167.8
format-code-task-000605,4,4,4,0,0,0.961,0.348,1.95,0.12,0.01,0.52,0,0.61,104,3.4,387.3,0.29,88.3
format-code-task-000606,4,4,4,0,0,2.099,1.327,3.33,0.83,0.39,0.32,43,0.97,792,11.4,319.6,1.23,100.2
format-code-task-000607,4,4,4,0,0,8.0,1.008,2.87,0.99,0.48,0.27,62,10.29,341,7.2,455.7,4.04,71.6
format-code-task-000609,4,4,4,0,0,4.253,3.635,2.55,1.01,0.5,0.13,138,0.62,231,27.3,582.1,3.56,147.7
format-code-task-000610,4,4,4,0,0,5.233,4.649,2.87,1.19,0.52,0.36,57,0.63,588,8.0,223.5,1.87,187.1
format-code-task-000611,4,4,4,0,0,1.169,0.538,1.83,0.06,0.0,0.75,2,0.63,264,5.5,3146.3,70.69,175.5
format-code-task-000613,4,4,4,0,0,1.599,0.52,1.96,0.42,0.05,0.28,4,0.62,190,6.9,301.4,1.03,63.7
format-code-task-000614,4,4,4,0,0,1.718,1.0,1.98,0.71,0.06,0.23,3,0.66,248,4.5,115.4,1.71,51.4
format-code-task-000616,4,4,4,0,0,1.665,0.942,2.04,0.56,0.13,0.26,2,0.63,156,19.8,229.9,0.61,154.6
format-code-task-000617,4,4,4,0,0,0.951,0.327,1.9,0.34,0.01,0.36,0,0.61,108,6.9,44.0,0.12,96.1
format-code-task-000619,4,4,4,0,0,1.642,0.824,2.42,0.81,0.34,0.31,26,0.86,430,3.4,222.6,2.0,108.3
format-code-task-000620,4,4,4,0,0,4.432,2.644,3.37,1.03,0.49,0.4,82,2.3,1319,7.4,468.2,1.93,203.5
format-code-task-000621,4,4,4,0,0,1.922,1.078,3.9,1.18,0.56,0.4,52,1.15,894,7.5,221.8,2.89,203.7
format-code-task-000622,4,4,4,0,0,1.159,0.505,1.99,0.2,0.05,0.44,1,0.88,199,12.5,241.8,0.12,73.8
format-code-task-000624,4,4,4,0,0,1.254,0.662,1.9,0.45,0.06,0.21,9,0.61,190,8.9,361.9,1.71,154.8
format-code-task-000625,4,4,4,0,0,1.012,0.395,1.99,0.15,0.01,0.39,0,0.62,107,5.2,335.5,0.7,92.7
format-code-task-000626,4,4,4,0,0,2.299,1.409,2.52,0.75,0.35,0.32,34,1.0,1238,4.3,327.5,1.53,197.1
format-code-task-000627,4,4,4,0,0,1.111,0.48,1.89,0.2,0.0,0.6,0,0.62,123,7.1,820.6,6.47,125.6
format-code-task-000628,4,4,4,0,0,1.159,0.529,1.93,0.2,0.04,0.46,2,0.63,218,8.2,347.7,1.45,84.0
format-code-task-000629,4,4,4,0,4,8.0,7.996,2.68,1.16,0.51,0.19,67,0.96,249,77.7,601.6,1.26,49.7
format-code-task-000630,4,4,4,0,0,1.263,0.608,2.01,0.32,0.02,0.51,0,0.66,149,9.9,485.7,0.39,233.2
format-code-task-000631,4,4,4,0,0,3.436,2.757,2.36,1.04,0.53,0.1,31,0.72,198,179.9,194.7,0.28,111.2
format-code-task-000632,4,4,4,0,4,8.0,7.999,3.63,1.54,0.72,0.19,133,1.2,842,116.2,291.1,1.47,99.1
format-code-task-000633,4,4,4,0,0,0.968,0.361,1.94,0.24,0.01,0.35,0,0.61,100,3.5,114.5,0.19,61.2
format-code-task-000634,4,4,4,0,0,1.172,0.515,1.91,0.29,0.0,0.31,1,0.62,100,7.9,262.0,0.94,77.5
format-code-task-000635,4,4,4,0,0,1.213,0.626,1.94,0.3,0.0,0.37,0,0.62,96,8.2,332.2,0.67,72.8
format-code-task-000636,4,4,4,0,0,1.117,0.355,2.0,0.44,0.03,0.36,0,0.75,106,3.9,76.7,0.61,28.3
format-code-task-000638,4,4,4,0,0,1.727,1.086,2.02,0.52,0.07,0.34,1,0.77,105,19.4,1056.9,1.28,233.6
format-code-task-000639,4,4,4,0,0,1.297,0.676,2.09,0.17,0.03,0.53,3,0.62,148,9.8,2540.6,25.21,201.6
format-code-task-000640,4,4,4,0,0,2.189,1.413,2.89,0.92,0.44,0.37,56,1.49,874,4.0,1457.0,6.5,132.3
format-code-task-000641,4,4,4,0,0,1.794,0.901,3.04,0.3,0.15,0.53,37,1.09,398,7.8,3604.2,16.54,144.5
format-code-task-000642,4,4,4,0,0,7.797,5.839,3.38,1.56,0.76,0.35,189,3.55,1312,6.6,469.5,6.71,120.6
format-code-task-000643,4,4,4,0,0,1.059,0.421,1.99,0.17,0.02,0.38,1,0.62,108,6.9,590.1,0.41,167.7
format-code-task-000644,4,4,4,0,1,8.0,7.992,1.98,0.6,0.0,0.44,2,0.8,98,4.9,1020.2,3.55,38.7
format-code-task-000645,4,4,4,0,0,1.012,0.398,1.82,0.17,0.0,0.4,0,0.64,107,7.9,341.0,1.18,158.4
format-code-task-000646,4,4,4,0,0,6.906,6.173,3.92,1.34,0.66,0.33,280,0.72,589,25.7,489.6,8.3,254.3
format-code-task-000647,4,4,4,0,0,1.196,0.566,2.01,0.3,0.06,0.4,0,0.62,120,10.8,335.7,2.28,286.4
format-code-task-000651,4,4,4,0,0,1.059,0.344,1.94,0.32,0.05,0.47,2,0.71,125,7.7,109.0,0.21,35.7
format-code-task-000652,4,4,4,0,0,1.084,0.365,1.8,0.3,0.05,0.48,3,0.71,128,3.5,253.6,0.53,43.1
format-code-task-000654,4,4,4,0,0,0.983,0.361,1.99,0.29,0.07,0.54,4,0.61,201,10.4,137.3,0.54,105.0
format-code-task-000655,4,4,4,0,0,1.032,0.427,2.51,1.39,0.73,0.83,417,0.62,198,8.8,1019.4,14.75,160.5
format-code-task-000656,4,4,4,0,0,2.244,1.608,4.26,0.64,0.24,0.27,16,0.62,520,20.0,496.9,1.42,95.4
format-code-task-000657,4,4,4,0,0,1.036,0.374,1.93,0.11,0.01,0.47,1,0.62,108,10.7,478.3,0.79,277.5
format-code-task-000658,4,4,4,0,0,2.052,1.129,3.14,0.88,0.44,0.34,69,1.25,455,32.3,606.5,1.49,132.4
format-code-task-000659,4,4,4,0,0,0.954,0.339,2.0,0.24,0.01,0.41,0,0.61,105,3.5,178.7,0.06,163.5
format-code-task-000663,4,4,4,0,0,5.022,4.616,2.6,1.13,0.26,0.23,35,0.91,531,17.6,638.9,6.39,75.6
format-code-task-000664,4,4,4,0,0,2.582,1.785,2.6,0.66,0.24,0.17,14,0.74,299,113.9,173.6,0.14,145.8
format-code-task-000665,4,4,4,0,0,1.297,0.422,1.91,0.35,0.01,0.34,1,0.61,98,9.8,137.9,0.6,93.1
format-code-task-000666,4,4,4,0,0,0.965,0.361,1.98,0.32,0.05,0.29,2,0.61,190,7.5,94.6,0.31,105.0
format-code-task-000667,4,4,4,0,0,2.228,1.574,2.1,0.94,0.47,0.22,43,0.85,100,10.3,535.2,2.04,220.1
format-code-task-000668,4,4,4,0,0,3.996,2.255,3.53,0.81,0.46,0.34,129,2.17,1025,11.1,630.2,5.87,149.0
format-code-task-000669,4,4,4,0,0,7.649,5.145,3.3,1.25,0.65,0.28,189,4.11,2099,63.0,762.6,5.93,126.5
format-code-task-000670,4,4,4,0,0,0.942,0.327,1.81,0.13,0.0,0.45,0,0.61,109,7.6,277.0,1.83,53.9
format-code-task-000672,4,4,4,0,0,2.56,1.417,2.44,0.85,0.43,0.34,57,1.09,461,7.5,432.7,3.35,73.0
format-code-task-000673,4,4,4,0,0,1.075,0.455,1.9,0.78,0.19,0.19,20,0.61,189,10.0,249.6,2.31,52.7
format-code-task-000675,4,4,4,0,0,1.317,0.698,2.31,0.22,0.03,0.42,2,0.61,166,3.5,179.7,0.11,67.8
format-code-task-000676,4,4,4,0,0,1.113,0.469,2.04,0.3,0.04,0.4,4,0.68,99,20.6,756.1,0.58,39.9
format-code-task-000677,4,4,4,0,0,1.177,0.556,1.91,0.59,0.05,0.27,0,0.61,168,7.7,92.8,1.14,49.8
format-code-task-000678,4,4,4,0,0,2.637,1.521,2.8,1.1,0.53,0.39,38,1.18,1062,7.5,212.2,2.75,124.1
format-code-task-000679,4,4,4,0,0,3.171,1.927,4.43,1.29,0.64,0.39,71,1.35,657,4.5,237.2,4.08,53.0
format-code-task-000680,4,4,4,0,0,1.182,0.743,1.93,0.62,0.05,0.14,19,0.61,317,67.0,1000.8,3.98,37.0
format-code-task-000681,4,4,4,0,0,6.283,2.022,2.03,1.24,0.35,0.24,1,4.41,147,136.4,395.9,2.58,182.2
format-code-task-000682,4,4,4,0,2,8.0,7.996,1.86,0.75,0.0,0.42,1,0.62,105,41.4,726.1,13.2,114.2
format-code-task-000683,4,4,4,0,0,1.046,0.429,2.0,0.08,0.0,0.56,1,0.62,108,10.3,1078.6,11.61,116.9
format-code-task-000684,4,4,4,0,0,0.997,0.35,1.94,0.13,0.01,0.45,0,0.62,109,7.7,330.7,1.43,150.2
format-code-task-000685,4,4,4,0,0,8.0,5.752,3.4,1.43,0.71,0.31,185,4.13,1093,15.6,455.3,4.49,109.9
format-code-task-000686,4,4,4,0,0,8.0,5.72,3.52,1.58,0.77,0.37,201,2.95,1224,66.1,519.0,8.05,173.3
format-code-task-000691,4,4,4,0,0,1.968,1.119,2.64,0.69,0.35,0.42,20,0.9,384,8.3,239.0,2.6,265.0
format-code-task-000692,4,4,4,0,0,6.054,4.255,2.69,0.75,0.38,0.41,67,1.85,1090,3.4,450.6,1.71,140.2
format-code-task-000693,4,4,4,0,0,1.091,0.477,1.81,0.08,0.0,0.52,1,0.62,108,8.3,1010.3,0.89,103.8
format-code-task-000694,4,4,4,0,0,3.849,1.677,3.02,1.44,0.75,0.26,205,3.07,445,175.2,291.6,2.78,124.7
format-code-task-000695,4,4,4,0,0,3.925,2.362,2.97,1.02,0.54,0.33,158,2.89,1118,232.6,624.5,2.33,140.5
format-code-task-000696,4,4,4,0,0,2.279,1.335,3.28,0.97,0.49,0.42,53,1.06,1704,7.8,499.1,2.11,198.4
format-code-task-000697,4,4,4,0,0,2.892,1.364,3.46,0.97,0.48,0.38,58,1.64,471,11.8,420.8,2.04,241.6
format-code-task-000698,4,4,4,0,0,0.989,0.378,1.96,0.21,0.01,0.39,0,0.61,109,6.4,190.4,0.82,59.5
format-code-task-000699,4,4,4,0,0,1.691,1.055,2.05,0.57,0.22,0.21,6,0.63,108,6.0,340.2,0.63,161.3
format-code-task-000700,4,4,4,0,0,5.684,5.069,3.43,1.2,0.64,0.15,199,0.62,8584,64.5,469.8,4.96,399.3
format-code-task-000701,4,4,4,0,0,1.596,0.77,2.18,0.19,0.07,0.5,8,0.73,383,15.5,1234.8,8.22,147.2
format-code-task-000702,4,4,4,0,0,1.002,0.387,2.0,0.17,0.0,0.4,0,0.62,107,8.5,275.8,0.79,182.8
format-code-task-000703,4,4,4,0,0,1.186,0.491,1.96,0.42,0.0,0.3,0,0.76,108,19.4,405.4,1.38,137.5
format-code-task-000705,4,4,4,0,0,1.001,0.355,1.91,0.22,0.01,0.41,0,0.63,110,4.8,213.0,0.25,224.8
format-code-task-000706,4,4,4,0,0,1.036,0.373,1.85,0.26,0.0,0.42,0,0.66,108,40.5,408.5,0.19,316.0
format-code-task-000707,4,4,4,0,0,5.48,4.823,2.06,0.91,0.12,0.31,11,0.66,127,7.7,467.0,6.95,54.2
format-code-task-000708,4,4,4,0,0,1.121,0.408,1.83,0.68,0.0,0.17,1,0.71,108,50.1,349.1,2.51,109.9
format-code-task-000710,4,4,4,0,0,1.586,0.847,2.64,0.38,0.16,0.43,18,0.88,409,9.9,845.1,10.18,102.1
format-code-task-000712,4,4,4,0,0,2.873,1.368,3.97,1.04,0.53,0.37,99,1.66,1430,9.2,557.6,3.51,76.8
format-code-task-000714,4,4,4,0,0,1.591,0.81,2.69,0.54,0.26,0.42,24,0.83,575,8.7,334.9,0.86,125.1
format-code-task-000715,4,4,4,0,0,1.566,0.762,2.92,0.84,0.38,0.44,18,0.85,502,6.4,706.2,20.76,190.6
format-code-task-000716,4,4,4,0,0,1.534,0.685,3.37,0.52,0.25,0.47,29,0.87,348,10.1,542.0,0.72,109.5
format-code-task-000717,4,4,4,0,0,1.05,0.433,1.97,0.27,0.04,0.37,3,0.62,294,8.6,450.3,0.29,115.4
format-code-task-000718,4,4,4,0,0,5.725,3.477,3.8,0.91,0.45,0.35,143,2.98,1157,46.8,632.7,4.56,165.6
format-code-task-000719,4,4,4,0,0,5.103,3.769,4.05,1.05,0.54,0.3,194,3.11,1315,10.6,836.7,5.06,142.8
format-code-task-000720,4,4,4,0,0,3.471,1.621,4.15,1.43,0.74,0.38,188,2.34,929,9.0,505.7,10.89,142.5
format-code-task-000721,4,4,4,0,0,8.0,5.808,5.62,0.9,0.44,0.39,253,2.56,1061,15.0,1160.2,8.64,155.8
format-code-task-000722,4,4,4,0,0,1.806,0.924,2.7,0.75,0.34,0.36,24,0.9,518,9.2,266.3,0.94,100.6
format-code-task-000723,4,4,4,0,0,2.162,1.2,3.3,0.76,0.4,0.43,52,1.19,828,69.8,184.6,0.36,175.9
format-code-task-000724,4,4,4,0,0,4.627,2.577,3.98,1.02,0.5,0.29,115,2.09,1235,11.1,759.5,4.14,107.7
format-code-task-000725,4,4,4,0,0,2.038,0.692,2.01,0.45,0.06,0.33,9,0.62,220,9.9,388.6,1.39,206.4
format-code-task-000726,4,4,4,0,0,1.299,0.684,2.01,0.53,0.06,0.22,9,0.62,160,9.0,426.3,2.01,177.0
format-code-task-000727,4,4,4,0,0,4.329,2.854,4.17,1.24,0.63,0.42,158,1.95,1127,26.3,501.6,3.95,188.7
format-code-task-000728,4,4,4,0,0,1.008,0.343,1.79,0.18,0.01,0.39,0,0.61,108,7.3,246.1,0.14,153.7
format-code-task-000729,4,4,4,0,0,2.754,1.411,3.04,0.87,0.43,0.31,65,1.63,842,12.1,416.2,3.18,144.5
format-code-task-000730,4,4,4,0,0,2.489,1.583,5.37,0.74,0.39,0.41,76,1.24,1060,108.6,1752.2,13.44,119.4
format-code-task-000732,4,4,4,0,0,1.042,0.423,2.0,0.14,0.0,0.4,0,0.62,107,9.3,444.8,0.25,118.7
format-code-task-000733,4,4,4,0,0,5.178,4.566,2.0,0.88,0.01,0.1,1,0.61,98,6.3,1085.0,17.67,103.7
format-code-task-000734,4,4,4,0,0,1.033,0.386,1.89,0.24,0.04,0.53,5,0.65,137,9.7,324.8,0.37,120.8
format-code-task-000735,4,4,4,0,0,1.007,0.4,1.9,0.15,0.03,0.4,3,0.61,128,6.3,294.9,0.41,36.6
format-code-task-000736,4,4,4,0,0,2.322,1.215,7.16,0.98,0.52,0.55,82,1.1,808,9.7,475.4,1.7,119.8
format-code-task-000737,4,4,4,0,0,1.585,0.918,2.04,0.42,0.05,0.28,6,0.7,326,39.4,294.5,0.75,189.4
format-code-task-000738,4,4,4,0,0,1.923,1.011,2.0,0.55,0.01,0.43,3,0.91,125,7.3,503.1,1.78,42.9
format-code-task-000739,4,4,4,0,0,1.837,1.154,2.08,0.56,0.2,0.19,3,0.62,107,8.6,236.9,1.26,51.0
format-code-task-000740,4,4,4,0,0,1.076,0.367,2.04,0.2,0.02,0.37,1,0.71,112,21.5,276.6,0.34,187.6
format-code-task-000741,4,4,4,0,0,1.529,0.814,2.0,0.61,0.0,0.21,2,0.75,107,139.9,840.3,3.52,134.8
format-code-task-000742,4,4,4,0,0,0.998,0.383,1.96,0.14,0.0,0.42,0,0.62,108,8.0,488.1,0.06,133.2
format-code-task-000743,4,4,4,0,0,1.977,1.089,3.29,0.87,0.43,0.37,32,1.15,1330,9.2,389.1,1.84,132.6
format-code-task-000744,4,4,4,0,0,2.38,1.14,2.03,0.46,0.01,0.33,1,1.16,167,78.5,731.4,1.54,258.2
format-code-task-000745,4,4,4,0,0,1.681,1.083,2.01,0.75,0.01,0.3,1,1.44,263,97.8,1490.7,11.08,322.2
format-code-task-000746,4,4,4,0,0,1.377,0.8,2.02,0.83,0.02,0.24,1,1.53,143,135.1,886.6,5.65,392.5
format-code-task-000747,4,4,4,0,0,1.264,0.421,1.82,0.39,0.01,0.3,0,0.62,108,9.0,107.6,0.4,275.4
format-code-task-000748,4,4,4,0,0,2.429,1.44,2.99,0.99,0.49,0.33,64,1.26,779,10.3,280.7,2.35,144.1
format-code-task-000749,4,4,4,0,0,0.955,0.347,2.03,0.24,0.01,0.43,0,0.61,107,17.2,168.3,0.14,128.2
format-code-task-000750,4,4,4,0,0,1.129,0.445,2.04,0.61,0.02,0.33,0,0.64,96,8.0,250.1,3.09,44.9
format-code-task-000751,4,4,4,0,0,7.613,5.685,2.26,1.57,0.76,0.31,217,3.01,147,29.7,1052.1,16.89,134.4
format-code-task-000752,4,4,4,0,0,3.221,1.539,1.95,0.33,0.06,0.53,11,2.82,205,35.5,402.5,1.91,185.1
format-code-task-000753,4,4,4,0,0,0.984,0.37,1.89,0.14,0.0,0.56,0,0.62,107,4.4,487.5,0.06,96.1
format-code-task-000754,4,4,4,0,0,2.231,1.589,2.12,0.88,0.29,0.2,5,0.65,140,8.0,107.7,0.91,381.5
format-code-task-000755,6,4,6,0,6,8.0,7.999,3.09,0.93,0.41,0.21,50,0.64,774,111.6,286.3,1.94,173.9
format-code-task-000756,4,4,4,0,0,2.462,1.809,2.39,1.03,0.57,0.52,77,0.62,176,19.0,1095.6,14.91,112.7
format-code-task-000757,4,4,4,0,0,4.639,3.121,3.6,1.26,0.6,0.41,81,2.08,1182,11.3,229.8,3.34,4.3
format-code-task-000758,4,4,4,0,0,3.44,2.046,2.63,1.11,0.53,0.39,56,1.78,1450,19.5,399.7,2.63,155.5
format-code-task-000761,4,4,4,0,0,2.214,1.332,3.17,0.79,0.44,0.38,52,1.14,420,5.1,332.6,5.93,46.5
format-code-task-000762,4,4,4,0,0,4.247,2.629,2.55,1.39,0.64,0.2,112,2.22,597,13.6,363.0,2.64,88.1
format-code-task-000764,4,4,4,0,0,1.795,0.382,2.0,0.44,0.04,0.54,0,1.62,227,13.0,677.9,14.65,114.5
format-code-task-000766,4,4,4,0,0,1.54,0.748,3.56,0.74,0.35,0.43,15,0.81,314,4.6,191.8,1.56,50.7
format-code-task-000767,4,4,4,0,0,0.999,0.372,1.8,0.19,0.0,0.34,0,0.63,108,7.3,369.7,0.26,127.0
format-code-task-000768,4,4,4,0,0,1.063,0.456,1.95,0.28,0.0,0.31,1,0.61,100,10.3,491.0,1.18,49.7
format-code-task-000769,4,4,4,0,0,1.112,0.452,2.0,0.23,0.0,0.3,0,0.67,105,33.3,351.2,0.6,120.2
format-code-task-000771,4,4,4,0,0,1.019,0.373,1.93,0.26,0.01,0.32,0,0.62,118,4.3,140.2,0.24,140.6
format-code-task-000772,4,4,4,0,3,8.0,7.995,3.98,1.74,0.88,0.21,339,0.62,964,152.7,445.2,2.96,138.0
format-code-task-000773,4,4,4,0,0,1.011,0.404,1.81,0.61,0.06,0.25,3,0.61,189,8.4,124.2,2.76,195.2
format-code-task-000775,4,4,4,0,0,1.978,1.063,2.91,1.17,0.58,0.37,27,1.05,407,4.8,139.7,1.79,101.0
format-code-task-000776,4,4,4,0,3,8.0,7.998,3.28,1.59,0.76,0.34,94,0.65,819,62.8,668.6,3.91,157.9
format-code-task-000777,4,4,4,0,0,7.795,5.323,3.22,1.23,0.61,0.4,228,3.14,1342,8.9,1089.8,6.18,261.8
format-code-task-000778,4,4,4,0,0,7.471,4.483,3.92,1.46,0.76,0.4,265,3.32,1303,83.2,656.4,7.33,165.5
format-code-task-000779,4,4,4,0,0,1.843,0.961,4.11,0.69,0.34,0.36,30,1.01,573,69.9,144.0,0.48,86.2
format-code-task-000780,4,4,4,0,0,1.386,0.691,2.21,0.29,0.13,0.36,10,0.81,344,13.0,295.0,0.21,100.1
format-code-task-000781,4,4,4,0,0,1.573,0.719,2.85,0.31,0.12,0.52,10,0.79,319,7.3,379.8,0.39,126.8
format-code-task-000783,4,4,4,0,0,0.925,0.321,1.82,0.18,0.01,0.37,0,0.61,100,7.3,113.6,0.07,47.2
format-code-task-000784,4,4,4,0,0,1.014,0.4,1.91,0.17,0.01,0.49,0,0.62,108,4.0,562.6,0.19,155.5
format-code-task-000785,4,4,4,0,0,4.74,4.05,2.54,1.3,0.26,0.1,191,0.7,667,12.0,1988.5,26.03,211.1
format-code-task-000786,4,4,4,0,0,1.205,0.593,1.92,0.59,0.07,0.29,8,0.62,197,13.8,281.8,1.49,215.6
format-code-task-000787,4,4,4,0,0,1.177,0.441,2.0,0.28,0.04,0.3,5,0.64,143,4.4,386.6,1.08,133.6
format-code-task-000788,4,4,4,0,0,1.0,0.389,1.9,0.17,0.02,0.35,2,0.61,137,6.9,368.3,0.87,128.8
format-code-task-000790,4,4,4,0,0,0.967,0.353,1.82,0.19,0.01,0.61,0,0.62,107,9.2,710.9,11.34,113.9
format-code-task-000791,4,4,4,0,0,1.457,0.732,2.0,0.23,0.04,0.45,0,0.68,151,16.0,341.3,0.22,139.1
format-code-task-000792,4,4,4,0,0,0.987,0.374,1.73,0.16,0.0,0.52,0,0.62,109,9.8,549.4,0.37,225.0
format-code-task-000794,4,4,4,0,0,1.197,0.636,1.99,0.33,0.08,0.19,5,0.62,102,8.7,1041.8,0.99,56.2
format-code-task-000795,4,4,4,0,0,1.236,0.483,2.02,0.35,0.04,0.37,3,0.77,144,8.5,242.0,1.46,37.6
format-code-task-000796,4,4,4,0,0,1.077,0.418,1.88,0.33,0.01,0.36,0,0.62,106,7.8,79.1,0.1,119.4
format-code-task-000797,4,4,4,0,0,8.0,4.055,2.1,1.62,0.64,0.22,8,14.36,143,651.3,259.3,1.37,392.0
format-code-task-000798,4,4,4,0,0,8.0,4.303,5.27,1.55,0.63,0.24,5,11.26,108,154.5,810.6,11.06,142.4
format-code-task-000799,4,4,4,0,0,1.413,0.633,2.24,0.56,0.25,0.41,11,0.78,278,8.9,192.9,0.99,66.5
format-code-task-000800,4,4,4,0,0,1.487,0.687,2.96,0.53,0.23,0.45,44,0.79,272,6.6,1162.8,1.03,84.6
format-code-task-000802,4,4,4,0,0,0.998,0.376,1.91,0.23,0.01,0.36,0,0.62,107,7.0,161.0,0.2,189.8
format-code-task-000803,4,4,4,0,0,1.077,0.324,1.98,0.2,0.01,0.42,0,0.75,96,3.4,230.1,0.03,39.6
format-code-task-000804,4,4,4,0,0,1.587,0.791,2.34,0.77,0.36,0.41,18,1.34,608,34.5,312.8,0.8,101.8
format-code-task-000805,4,4,4,0,0,1.958,1.046,4.21,0.96,0.51,0.41,80,1.05,826,16.8,401.9,1.86,115.4
format-code-task-000807,4,4,4,0,0,1.308,0.679,2.06,0.6,0.21,0.29,2,0.62,166,13.9,122.4,2.39,39.5
format-code-task-000809,4,4,4,0,0,1.145,0.391,1.91,0.18,0.01,0.41,0,0.61,109,5.4,194.2,0.53,136.6
format-code-task-000810,4,4,4,0,0,1.035,0.422,2.01,0.31,0.02,0.35,0,0.62,107,5.4,165.2,0.26,117.6
format-code-task-000812,4,4,4,0,0,0.99,0.376,1.76,0.46,0.0,0.25,0,0.62,95,8.2,189.7,1.32,38.3
format-code-task-000813,4,4,4,0,0,0.936,0.319,1.94,0.18,0.01,0.41,0,0.61,101,7.5,165.1,0.08,56.4
format-code-task-000814,4,4,4,0,0,1.274,0.603,2.24,1.3,0.55,0.79,18,0.64,173,6.5,597.6,2.45,52.5
format-code-task-000815,4,4,4,0,0,1.217,0.587,2.02,1.32,0.35,0.47,18,0.62,100,11.1,782.4,12.17,75.8
format-code-task-000816,4,4,4,0,0,4.085,3.461,3.88,0.85,0.4,0.29,58,0.62,581,8.9,348.1,2.86,60.5
format-code-task-000817,4,4,4,0,0,8.0,7.691,2.82,1.28,0.6,0.41,243,0.98,272,10.0,734.8,5.16,361.5
format-code-task-000818,4,4,4,0,0,3.182,1.894,2.31,1.48,0.71,0.22,162,0.62,268,281.5,547.2,1.92,243.1
format-code-task-000819,4,4,4,0,0,1.641,0.839,2.35,1.05,0.29,0.25,15,1.05,371,62.4,356.3,2.45,117.8
format-code-task-000820,4,4,4,0,0,2.006,1.004,2.9,1.01,0.22,0.29,24,1.15,466,23.0,910.4,8.22,69.0
format-code-task-000821,4,4,4,0,0,1.166,0.411,1.91,0.38,0.01,0.33,0,0.75,118,6.8,160.6,0.78,50.9
format-code-task-000822,4,4,4,0,0,2.673,1.546,2.82,1.03,0.54,0.4,54,1.14,592,10.9,315.8,2.72,56.2
format-code-task-000823,4,4,4,0,0,1.036,0.379,1.98,0.25,0.01,0.34,0,0.66,100,8.0,319.9,0.38,46.4
format-code-task-000824,4,4,4,0,0,2.573,1.488,2.71,1.09,0.52,0.34,31,1.15,1034,13.3,260.5,3.0,165.2
format-code-task-000825,4,4,4,0,0,1.027,0.402,1.91,0.34,0.06,0.21,6,0.61,138,23.3,238.9,0.57,255.7
format-code-task-000827,4,4,4,0,0,2.449,1.521,4.28,0.69,0.38,0.36,78,1.69,982,151.9,350.4,0.05,143.4
format-code-task-000828,4,4,4,0,0,1.449,0.799,2.08,0.32,0.1,0.27,2,0.63,136,11.7,204.5,3.04,39.2
format-code-task-000829,4,4,4,0,0,0.953,0.338,1.94,0.28,0.01,0.34,0,0.62,93,3.4,203.3,0.21,46.3
format-code-task-000830,4,4,4,0,0,2.126,0.819,2.55,0.61,0.28,0.27,20,1.44,324,7.0,846.8,1.35,86.0
format-code-task-000831,4,4,4,0,0,1.017,0.385,1.97,0.23,0.01,0.38,0,0.61,102,5.3,162.7,0.17,87.2
format-code-task-000832,4,4,4,0,0,0.971,0.36,2.01,0.28,0.01,0.37,0,0.61,100,7.7,98.9,0.18,49.8
format-code-task-000833,4,4,4,0,0,0.982,0.373,1.99,0.17,0.01,0.39,1,0.61,112,9.7,221.2,0.3,109.5
format-code-task-000834,4,4,4,0,0,1.119,0.361,1.92,0.39,0.02,0.37,0,0.75,103,5.0,68.6,0.83,36.7
format-code-task-000835,4,4,4,0,1,8.0,7.971,3.85,0.91,0.49,0.37,79,0.61,853,20.4,555.4,3.76,131.5
format-code-task-000836,4,4,4,0,0,1.937,1.379,2.38,0.26,0.1,0.46,10,0.78,296,8.9,1171.6,0.33,93.9
format-code-task-000837,4,4,4,0,0,1.405,0.915,2.59,0.61,0.14,0.39,16,0.97,354,4.5,1162.2,6.74,41.6
format-code-task-000838,4,4,4,0,0,1.088,0.335,1.92,0.16,0.01,0.45,0,0.75,100,6.7,169.2,0.19,37.9
format-code-task-000839,4,4,4,0,0,1.515,0.714,2.97,0.85,0.38,0.35,15,0.84,607,13.8,139.4,1.44,168.5
format-code-task-000840,4,4,4,0,0,3.361,2.721,2.13,1.32,0.3,0.07,34,0.7,123,15.6,1060.6,8.51,94.7
format-code-task-000841,4,4,4,0,0,1.14,0.531,1.98,0.18,0.01,0.4,0,0.61,107,7.1,269.3,0.26,164.9
format-code-task-000842,4,4,4,0,0,0.944,0.335,1.85,0.18,0.01,0.41,0,0.61,108,7.6,124.3,0.05,112.2
format-code-task-000843,4,4,4,0,0,1.074,0.463,2.08,0.52,0.09,0.25,8,0.61,213,4.6,200.9,0.75,44.4
format-code-task-000844,4,4,4,0,0,1.008,0.404,2.01,0.42,0.08,0.2,8,0.61,253,9.1,407.1,1.28,53.5
format-code-task-000846,4,4,4,0,0,1.071,0.407,1.93,0.18,0.01,0.46,0,0.66,98,7.6,220.2,2.09,26.9
format-code-task-000847,4,4,4,0,0,1.036,0.413,1.89,0.3,0.01,0.29,0,0.62,101,7.8,158.6,0.37,96.4
format-code-task-000850,4,4,4,0,0,1.54,0.625,3.52,0.78,0.37,0.4,22,0.88,593,51.8,196.9,0.08,193.1
format-code-task-000851,4,4,4,0,0,1.959,1.332,2.38,0.67,0.35,0.25,19,0.67,661,33.0,314.4,3.18,180.0
format-code-task-000852,4,4,4,0,0,7.515,6.905,2.54,0.89,0.2,0.2,32,0.62,246,4.5,310.2,4.69,62.8
format-code-task-000853,4,4,4,0,0,0.942,0.308,1.95,0.23,0.01,0.44,0,0.61,100,3.6,178.4,0.02,54.2
format-code-task-000854,4,4,4,0,0,0.985,0.355,1.82,0.28,0.01,0.39,0,0.62,98,3.4,103.0,0.06,55.5
format-code-task-000855,4,4,4,0,2,8.0,7.999,3.06,1.65,0.83,0.2,509,0.62,766,86.8,948.2,19.11,173.9
format-code-task-000856,4,4,4,0,0,1.699,0.819,3.5,0.76,0.36,0.4,26,0.85,607,26.3,197.1,1.93,234.3
format-code-task-000857,4,4,4,0,0,2.545,1.352,3.23,1.41,0.69,0.36,68,1.35,468,5.6,295.7,2.08,114.2
format-code-task-000858,4,4,4,0,0,7.189,6.1,2.87,1.74,0.87,0.35,423,3.49,639,9.8,667.5,11.4,68.0
format-code-task-000859,4,4,4,0,2,8.0,7.997,3.71,1.66,0.83,0.38,397,5.38,1057,12.0,715.8,15.95,185.9
format-code-task-000860,4,4,4,0,0,5.795,4.139,3.28,1.4,0.69,0.27,136,2.29,781,4.5,417.1,5.21,80.8
format-code-task-000861,4,4,4,0,0,2.643,1.646,2.39,1.15,0.55,0.39,50,1.54,669,11.7,184.2,1.77,130.6
format-code-task-000862,4,4,4,0,0,2.42,1.251,2.65,0.83,0.42,0.35,42,1.5,384,42.4,233.0,1.24,153.4
format-code-task-000863,4,4,4,0,0,2.192,1.045,3.37,0.78,0.38,0.42,39,1.1,681,7.7,282.6,1.52,156.6
format-code-task-000864,4,4,4,0,0,2.241,1.027,3.04,1.13,0.54,0.36,56,1.25,598,68.5,226.6,1.7,79.5
format-code-task-000865,4,4,4,0,0,1.012,0.351,1.99,0.26,0.02,0.41,0,0.66,96,3.6,206.2,0.22,52.2
format-code-task-000866,4,4,4,0,0,1.197,0.387,1.82,0.27,0.01,0.34,0,0.75,99,7.3,138.2,0.31,60.1
format-code-task-000867,4,4,4,0,0,6.095,5.398,2.49,1.2,0.61,0.28,52,0.66,2587,11.0,218.4,2.54,58.0
format-code-task-000868,4,4,4,0,0,1.017,0.409,1.88,0.11,0.01,0.47,0,0.61,99,3.3,449.5,3.06,34.6
format-code-task-000870,4,4,4,0,0,1.424,0.844,1.9,0.35,0.02,0.3,3,0.62,190,11.5,369.0,1.46,100.1
format-code-task-000871,4,4,4,0,0,1.051,0.432,1.81,0.38,0.01,0.46,1,0.62,109,15.8,456.6,1.33,177.0
format-code-task-000872,4,4,4,0,0,1.043,0.352,1.71,0.24,0.01,0.41,0,0.66,100,5.4,117.8,0.04,51.5
format-code-task-000873,4,4,4,0,0,1.053,0.387,1.92,0.19,0.01,0.43,1,0.66,96,6.6,268.1,0.08,93.0
format-code-task-000874,4,4,4,0,0,1.359,0.742,2.06,0.62,0.09,0.34,3,0.62,106,7.8,547.8,3.97,186.2
format-code-task-000875,4,4,4,0,3,8.0,7.981,5.78,0.98,0.48,0.36,70,0.67,580,10.3,283.9,0.17,68.3
format-code-task-000876,4,4,4,0,4,8.0,8.0,4.89,1.83,0.87,0.32,258,0.82,1016,136.6,153.3,0.75,46.5
format-code-task-000877,4,4,4,0,0,7.006,5.031,2.7,1.58,0.77,0.12,520,2.06,145,18.7,2359.9,18.05,60.6
format-code-task-000878,4,4,4,0,0,1.0,0.381,1.9,0.17,0.0,0.36,0,0.63,109,9.8,284.0,0.21,168.5
format-code-task-000879,4,4,4,0,0,0.985,0.363,1.84,0.29,0.01,0.35,0,0.62,113,3.1,192.3,0.3,166.6
format-code-task-000880,4,4,4,0,0,2.034,1.24,3.86,0.96,0.21,0.35,14,0.67,541,7.4,790.0,16.35,59.6
format-code-task-000881,4,4,4,0,0,1.003,0.389,2.0,0.27,0.05,0.43,6,0.63,139,22.6,256.2,0.28,300.0
format-code-task-000882,4,4,4,0,0,1.176,0.463,1.94,0.16,0.01,0.42,4,0.61,163,7.5,1006.7,11.46,68.2
format-code-task-000883,4,4,4,0,0,1.039,0.381,1.99,0.18,0.01,0.39,0,0.62,108,3.6,190.2,0.37,115.3
format-code-task-000885,4,4,4,0,0,5.088,2.614,2.26,0.36,0.05,0.23,10,0.61,238,13.8,520.6,0.77,48.2
format-code-task-000886,4,4,4,0,0,2.382,1.249,2.82,0.77,0.41,0.4,58,1.36,357,7.4,466.0,3.58,144.4
format-code-task-000887,4,4,4,0,0,1.213,0.479,1.96,0.3,0.02,0.39,0,0.95,1304,7.6,111.4,0.62,108.2
format-code-task-000888,4,4,4,0,0,1.009,0.381,1.91,0.16,0.01,0.42,0,0.62,103,10.6,209.8,0.25,98.8
format-code-task-000889,4,4,4,0,0,2.048,1.246,3.41,0.95,0.45,0.43,29,0.94,441,23.3,367.0,3.03,60.0
format-code-task-000890,4,4,4,0,0,3.276,2.612,2.9,1.48,0.74,0.28,154,0.66,958,11.2,330.2,4.61,32.5
format-code-task-000891,4,4,4,0,0,3.379,2.64,2.9,1.29,0.63,0.26,58,0.66,618,4.6,170.8,3.01,35.4
format-code-task-000892,4,4,4,0,0,1.459,0.782,2.06,0.42,0.13,0.36,5,0.66,94,7.1,295.4,0.69,37.3
format-code-task-000893,4,4,4,0,0,3.032,1.618,2.06,0.69,0.22,0.24,2,2.24,104,17.4,790.5,1.92,80.7
format-code-task-000896,4,4,4,0,0,2.649,1.465,2.59,0.8,0.39,0.37,38,1.53,1319,82.4,408.5,1.0,142.0
format-code-task-000897,5,4,4,0,0,3.676,1.889,3.72,1.55,0.75,0.44,115,1.81,875,1800.0,3604.2,9.64,103.7
format-code-task-000898,4,4,4,0,0,1.216,0.545,2.0,0.36,0.02,0.38,0,0.62,107,10.3,141.6,0.25,117.3
format-code-task-000899,4,4,4,0,0,1.991,1.137,2.67,0.96,0.41,0.36,19,0.89,548,7.8,163.2,1.32,131.9
format-code-task-000900,4,4,4,0,0,1.96,0.992,2.82,0.44,0.22,0.4,33,1.08,716,13.6,1147.5,5.89,141.9
format-code-task-000901,4,4,4,0,2,8.0,8.0,2.83,0.56,0.24,0.36,31,1.14,446,74.4,601.4,1.17,191.8
format-code-task-000902,4,4,4,0,0,1.595,0.763,2.33,0.84,0.34,0.32,16,0.87,825,7.9,157.3,1.43,131.3
format-code-task-000903,4,4,4,0,0,2.604,1.655,3.73,1.05,0.52,0.34,89,1.51,981,11.5,406.2,2.89,206.2
format-code-task-000904,4,4,4,0,0,2.303,1.299,3.42,0.77,0.36,0.33,34,1.12,445,68.0,389.6,3.24,145.3
format-code-task-000905,4,4,4,0,0,0.978,0.392,1.99,0.46,0.03,0.33,0,0.62,118,6.9,124.1,1.65,50.8
format-code-task-000906,4,4,4,0,0,0.98,0.373,2.02,0.27,0.02,0.43,0,0.62,100,8.0,123.2,0.38,45.5
format-code-task-000907,4,4,4,0,0,3.036,1.534,3.39,1.26,0.63,0.34,91,1.98,500,88.6,399.9,2.33,184.2
format-code-task-000908,4,4,4,0,0,2.972,1.787,3.99,0.73,0.38,0.34,64,1.67,516,82.4,705.7,1.93,113.5
format-code-task-000909,4,4,4,0,0,3.54,2.476,5.68,0.98,0.51,0.38,98,2.05,1140,63.1,535.5,2.83,120.6
format-code-task-000910,4,4,4,0,0,1.345,0.706,1.91,0.5,0.03,0.36,0,0.62,140,4.6,185.0,0.42,123.8
format-code-task-000911,4,4,4,0,0,1.414,0.794,1.99,0.37,0.03,0.42,0,0.63,149,4.2,591.1,1.02,146.8
format-code-task-000912,4,4,4,0,0,3.652,2.061,3.89,1.45,0.7,0.35,81,2.03,497,12.6,468.8,4.85,263.1
format-code-task-000913,4,4,4,0,0,8.0,3.016,4.58,1.67,0.79,0.26,343,7.05,641,282.0,673.9,11.7,97.3
format-code-task-000914,4,4,4,0,0,1.668,1.039,1.99,0.28,0.04,0.38,0,0.61,145,7.7,177.8,0.45,151.8
format-code-task-000915,4,4,4,0,0,1.548,0.58,2.09,0.67,0.21,0.24,3,1.09,108,40.4,150.6,0.34,5.4
format-code-task-000917,4,4,4,0,0,1.64,0.983,2.07,0.33,0.14,0.28,2,0.63,172,7.9,360.6,4.21,137.6
format-code-task-000918,4,4,4,0,0,1.007,0.392,2.12,0.56,0.19,0.24,5,0.62,167,11.0,52.9,0.24,4.9
format-code-task-000919,4,4,4,0,0,1.092,0.443,1.86,0.24,0.01,0.42,0,0.63,108,14.2,242.4,0.22,125.6
format-code-task-000920,4,4,4,0,0,1.605,0.885,3.44,0.35,0.11,0.39,11,0.62,533,11.8,377.9,0.53,132.4
format-code-task-000921,4,4,4,0,4,8.0,8.0,4.67,1.31,0.59,0.25,114,0.67,874,59.9,284.2,2.35,145.8
format-code-task-000922,4,4,4,0,0,1.99,1.32,2.09,0.63,0.14,0.21,2,0.68,117,7.7,338.7,1.05,62.5
format-code-task-000923,4,4,4,0,0,1.028,0.41,2.02,0.25,0.02,0.28,1,0.62,108,18.3,207.1,0.27,253.7
format-code-task-000924,4,4,4,0,0,1.071,0.445,2.09,0.2,0.02,0.31,1,0.61,99,5.8,291.0,0.29,51.1
format-code-task-000925,4,4,4,0,0,1.122,0.618,1.89,0.19,0.0,0.43,1,0.61,128,3.6,245.3,0.56,111.9
format-code-task-000926,4,4,4,0,0,1.08,0.362,1.98,0.08,0.0,0.48,0,0.71,98,6.8,923.1,0.19,61.4
format-code-task-000927,4,4,4,0,0,1.006,0.351,1.96,0.24,0.01,0.34,0,0.66,96,7.6,177.1,0.15,39.2
format-code-task-000928,4,4,4,0,0,3.967,3.261,2.25,1.07,0.32,0.3,62,0.7,180,26.3,1293.1,18.52,46.6
format-code-task-000929,4,4,4,0,0,3.056,2.714,2.06,1.26,0.42,0.19,13,0.67,219,25.0,1951.3,9.7,218.4
format-code-task-000930,4,4,4,0,0,0.931,0.326,1.79,0.22,0.01,0.4,0,0.61,139,7.1,119.4,0.13,111.5
format-code-task-000931,4,4,4,0,0,1.149,0.531,1.96,0.31,0.01,0.31,1,0.64,108,22.4,381.5,0.44,134.9
format-code-task-000932,4,4,4,0,0,1.035,0.365,1.98,0.26,0.02,0.42,1,0.67,118,3.4,176.5,0.13,57.9
format-code-task-000934,4,4,4,0,0,1.85,1.159,2.19,1.01,0.5,0.26,39,0.7,179,3.3,401.4,3.11,63.6
format-code-task-000935,4,4,4,0,0,1.204,0.542,2.18,0.66,0.32,0.37,7,0.66,126,3.9,823.8,10.96,75.8
format-code-task-000936,4,4,4,0,0,1.197,0.531,2.02,0.45,0.03,0.52,1,0.66,107,8.2,644.9,16.52,37.9
format-code-task-000937,4,4,4,0,0,1.212,0.527,2.02,0.32,0.06,0.35,0,0.66,98,6.9,161.0,0.33,59.5
format-code-task-000938,4,4,4,0,0,1.113,0.486,1.98,0.37,0.01,0.37,0,0.62,108,11.4,196.2,0.73,131.1
format-code-task-000939,4,4,4,0,0,1.333,0.705,2.27,0.91,0.4,0.18,52,0.62,169,17.2,257.3,4.35,158.3
format-code-task-000940,4,4,4,0,0,1.024,0.406,1.88,0.24,0.0,0.43,0,0.61,133,8.1,303.3,0.63,34.1
format-code-task-000941,4,4,4,0,0,1.275,0.521,1.82,0.36,0.02,0.39,0,0.75,121,4.7,95.6,0.48,34.3
format-code-task-000942,4,4,4,0,0,1.342,0.668,2.19,0.66,0.24,0.34,5,0.74,360,3.5,70.6,0.39,111.1
format-code-task-000943,4,4,4,0,0,3.733,3.103,2.44,0.8,0.36,0.19,52,0.62,891,7.8,718.4,3.52,111.2
format-code-task-000944,4,4,4,0,0,1.867,1.262,2.09,0.61,0.27,0.34,6,0.62,426,17.8,303.7,1.51,177.6
format-code-task-000945,4,4,4,0,0,1.095,0.427,1.98,0.34,0.01,0.4,0,0.74,143,21.6,162.9,0.09,133.5
format-code-task-000947,4,4,4,0,0,1.141,0.478,1.88,0.27,0.01,0.39,0,0.64,128,8.0,215.4,0.27,168.0
format-code-task-000948,4,4,4,0,0,2.47,1.267,5.22,1.17,0.56,0.35,79,1.48,539,59.5,308.1,2.51,190.1
format-code-task-000949,4,4,4,0,0,2.217,1.564,2.07,0.77,0.24,0.11,7,0.65,115,13.2,291.3,2.06,221.3
format-code-task-000950,4,4,4,0,0,0.914,0.309,1.83,0.16,0.01,0.42,0,0.61,95,7.4,113.2,0.03,30.3
format-code-task-000951,4,4,4,0,0,1.867,1.063,3.41,1.29,0.6,0.4,35,1.03,1025,9.2,131.2,4.43,151.5
format-code-task-000952,5,4,4,0,0,3.867,3.177,2.12,1.27,0.31,0.07,19,0.71,112,11.1,1217.7,15.19,46.4
format-code-task-000953,4,4,4,0,0,2.615,1.415,3.03,1.15,0.58,0.36,62,1.37,712,8.7,367.7,2.63,118.4
format-code-task-000954,4,4,4,0,0,4.414,3.863,2.21,0.75,0.32,0.21,43,0.68,595,4.4,649.1,3.8,78.8
format-code-task-000955,4,4,4,0,0,3.769,3.028,2.02,0.52,0.03,0.22,2,0.71,100,11.7,575.5,2.82,142.1
format-code-task-000956,4,4,4,0,0,1.015,0.374,1.87,0.14,0.0,0.39,1,0.73,109,20.9,426.3,0.27,341.0
format-code-task-000957,4,4,4,0,0,0.982,0.367,1.83,0.13,0.0,0.44,0,0.62,107,3.5,297.4,0.2,120.6
format-code-task-000958,4,4,4,0,0,2.096,1.086,2.71,0.92,0.43,0.38,31,1.07,435,4.5,201.8,1.35,135.8
format-code-task-000959,4,4,4,0,0,1.645,0.859,2.48,0.45,0.19,0.39,16,0.87,539,3.3,490.6,1.01,108.5
format-code-task-000960,4,4,4,0,0,4.498,3.526,2.4,0.44,0.12,0.25,20,0.61,571,3.5,680.1,3.21,389.6
format-code-task-000961,4,4,4,0,0,1.888,1.093,2.84,0.7,0.38,0.37,37,1.66,632,5.5,369.0,2.07,108.9
format-code-task-000962,4,4,4,0,0,2.134,1.047,3.51,0.48,0.26,0.35,43,1.11,940,7.6,880.3,1.0,174.7
format-code-task-000963,4,4,4,0,0,5.446,4.831,2.7,1.34,0.65,0.14,177,0.63,638,16.0,794.3,4.15,184.6
format-code-task-000964,4,4,4,0,0,1.127,0.507,1.94,0.29,0.05,0.42,10,0.62,196,8.2,453.9,0.93,150.4
format-code-task-000965,4,4,4,0,0,1.675,0.644,2.16,0.27,0.09,0.35,4,1.02,142,5.5,374.0,0.65,230.9
format-code-task-000966,4,4,4,0,0,1.506,0.844,2.01,0.24,0.0,0.42,1,0.82,115,9.8,336.1,0.84,252.2
format-code-task-000967,4,4,4,0,0,1.063,0.437,1.9,0.26,0.01,0.37,0,1.13,104,4.5,260.6,0.28,181.8
format-code-task-000968,4,4,4,0,0,1.086,0.421,1.89,0.11,0.0,0.51,1,0.62,108,3.7,499.1,0.27,93.3
format-code-task-000969,4,4,4,0,0,0.957,0.342,1.96,0.19,0.01,0.38,0,0.62,108,7.4,290.7,0.18,150.2
format-code-task-000970,4,4,4,0,0,3.02,1.829,3.99,1.04,0.54,0.41,114,1.53,1439,35.4,661.5,3.99,259.1
format-code-task-000971,4,4,4,0,0,0.966,0.349,1.92,0.11,0.0,0.46,0,0.62,111,3.2,297.9,0.11,245.1
format-code-task-000972,4,4,4,0,0,1.006,0.389,2.08,0.16,0.01,0.51,0,0.62,108,4.3,317.0,0.12,161.2
format-code-task-000973,4,4,4,0,1,8.0,7.994,1.92,0.71,0.01,0.5,0,4.61,110,3.5,590.8,6.22,103.2
format-code-task-000974,4,4,4,0,0,1.046,0.424,1.87,0.35,0.07,0.25,5,0.61,166,7.8,172.7,0.54,188.5
format-code-task-000975,4,4,4,0,0,1.476,0.747,1.94,0.39,0.04,0.17,6,0.66,138,9.3,331.4,1.44,136.0
format-code-task-000976,4,4,4,0,0,1.041,0.428,1.8,0.39,0.04,0.2,4,0.61,137,6.5,267.5,1.16,153.8
format-code-task-000977,4,4,4,0,0,1.971,1.066,3.34,0.59,0.3,0.44,33,0.95,607,8.1,459.4,1.79,175.1
format-code-task-000978,4,4,4,0,0,5.403,3.749,5.71,1.46,0.71,0.31,215,2.31,1055,11.7,648.7,7.03,126.3
format-code-task-000979,4,4,4,0,0,1.713,0.935,4.27,0.61,0.33,0.44,37,0.97,344,9.5,348.2,1.41,113.7
format-code-task-000980,4,4,4,0,0,1.109,0.345,1.85,0.1,0.0,0.47,0,0.62,101,6.4,293.6,0.35,158.0
format-code-task-000981,4,4,4,0,0,1.076,0.389,1.91,0.13,0.0,0.44,0,0.62,108,3.9,284.9,0.04,138.5
format-code-task-000982,4,4,4,0,0,1.57,0.804,3.85,0.6,0.31,0.52,35,0.85,300,10.4,399.4,2.48,100.3
format-code-task-000983,4,4,4,0,0,6.636,4.225,3.36,0.94,0.5,0.59,167,4.53,639,7.7,1239.8,3.79,172.4
format-code-task-000984,4,4,4,0,0,1.01,0.401,1.93,0.17,0.01,0.39,0,0.62,109,3.2,281.9,0.28,156.0
format-code-task-000985,4,4,4,0,0,1.604,0.776,2.76,1.15,0.51,0.43,24,0.94,596,20.3,751.6,21.63,133.5
format-code-task-000986,4,4,4,0,0,1.027,0.43,1.98,0.22,0.05,0.56,7,0.62,138,7.6,354.6,0.4,119.4
format-code-task-000987,4,4,4,0,0,1.46,0.857,1.83,0.51,0.04,0.22,7,0.61,234,9.6,395.1,1.69,202.9
format-code-task-000988,4,4,4,0,0,5.917,3.009,4.03,1.37,0.71,0.32,207,3.11,1078,7.1,687.5,8.9,98.9
format-code-task-000989,4,4,4,0,0,3.102,1.953,3.4,0.93,0.44,0.36,60,1.33,970,7.5,386.2,4.0,149.9
format-code-task-000990,4,4,4,0,0,1.053,0.445,1.97,0.1,0.0,0.52,1,0.62,107,7.5,467.7,2.87,115.9
format-code-task-000991,4,4,4,0,0,1.09,0.419,1.89,0.12,0.0,0.5,0,0.63,104,3.4,534.2,1.29,302.6
format-code-task-000992,4,4,4,0,0,1.027,0.4,1.76,0.14,0.0,0.49,1,0.64,110,6.9,447.8,0.59,175.0
format-code-task-000993,4,4,4,0,0,1.419,0.656,2.82,0.51,0.19,0.44,8,0.75,245,4.1,181.7,0.73,135.2
format-code-task-000994,4,4,4,0,0,0.945,0.325,2.0,0.29,0.01,0.42,0,0.61,109,6.5,86.8,0.12,105.0
format-code-task-000995,4,4,4,0,0,1.056,0.472,1.88,0.12,0.01,0.51,0,0.84,102,3.2,346.4,1.86,229.7
format-code-task-000996,5,4,4,0,0,1.386,0.665,2.49,0.5,0.26,0.5,15,0.74,242,3.8,257.6,0.68,147.1
format-code-task-000997,4,4,4,0,0,1.14,0.601,1.92,0.59,0.0,0.35,1,0.63,113,7.5,664.4,3.21,134.5
format-code-task-000998,4,4,4,0,0,1.009,0.395,1.9,0.13,0.01,0.44,0,0.62,103,8.7,262.3,0.44,104.6
format-code-task-000999,4,4,4,0,0,1.11,0.383,1.89,0.13,0.0,0.53,0,0.71,109,4.3,472.6,0.69,139.6
format-code-task-001000,4,4,4,0,0,2.164,1.326,3.11,0.76,0.33,0.37,34,1.07,1434,5.4,324.9,1.58,138.6
format-code-task-001001,4,4,4,0,1,8.0,7.994,3.2,1.28,0.63,0.22,170,0.71,702,8.7,394.8,2.85,227.8
format-code-task-001002,4,4,4,0,0,1.881,1.235,2.06,0.34,0.06,0.39,1,0.62,110,8.9,349.0,0.64,146.5
format-code-task-001003,4,4,4,0,0,1.439,0.777,2.06,0.5,0.12,0.29,2,0.62,124,3.4,380.2,1.06,205.3
format-code-task-001004,4,4,4,0,0,3.144,1.569,3.25,1.07,0.57,0.34,168,2.22,1026,7.7,824.3,4.09,175.2
format-code-task-001005,4,4,4,0,0,1.093,0.384,1.98,0.14,0.0,0.54,0,0.63,108,11.2,585.3,0.57,132.1
format-code-task-001006,5,4,4,0,0,4.249,2.711,3.79,1.1,0.53,0.3,98,2.99,969,7.6,495.1,8.95,149.3
format-code-task-001007,4,4,4,0,0,2.846,2.264,2.58,0.26,0.13,0.43,21,0.62,598,7.7,925.2,5.48,104.2
format-code-task-001008,4,4,4,0,0,1.101,0.48,1.91,0.19,0.0,0.63,0,0.63,108,9.0,3369.8,43.13,208.2
format-code-task-001009,4,4,4,0,0,2.687,2.045,2.02,0.38,0.07,0.42,2,0.65,106,8.4,966.5,20.78,300.7
format-code-task-001010,4,4,4,0,0,0.966,0.352,2.01,0.13,0.01,0.47,0,0.61,109,5.9,221.6,0.13,173.0
format-code-task-001011,4,4,4,0,0,2.877,1.64,3.19,0.79,0.39,0.4,57,1.4,838,8.7,453.3,2.97,240.1
format-code-task-001013,4,4,4,0,0,1.015,0.383,1.93,0.22,0.01,0.38,0,0.61,105,4.5,172.8,0.44,149.3
format-code-task-001014,4,4,4,0,0,0.943,0.318,1.84,0.15,0.01,0.47,0,0.61,115,3.5,151.3,0.03,192.7
format-code-task-001015,4,4,4,0,0,6.165,5.645,2.48,0.77,0.36,0.31,89,0.65,680,8.8,451.7,2.47,172.4
format-code-task-001016,4,4,4,0,0,2.79,1.894,3.55,0.91,0.48,0.37,59,1.18,1008,4.2,605.8,3.6,101.9
format-code-task-001017,4,4,4,0,0,0.965,0.347,1.98,0.15,0.0,0.44,0,0.63,108,3.4,330.0,0.1,187.4
format-code-task-001018,4,4,4,0,0,1.0,0.379,1.87,0.34,0.01,0.31,0,0.62,108,4.6,220.7,0.59,182.7
format-code-task-001019,4,4,4,0,0,1.104,0.396,1.94,0.13,0.0,0.54,0,0.82,108,7.0,656.3,0.13,214.9
format-code-task-001020,4,4,4,0,0,1.212,0.602,1.95,0.74,0.0,0.24,2,1.71,109,8.0,786.8,9.87,301.0
format-code-task-001021,4,4,4,0,0,1.628,0.782,2.35,0.63,0.27,0.46,16,0.95,777,26.6,1390.3,19.53,166.2
format-code-task-001022,4,4,4,0,0,1.762,1.082,1.99,0.67,0.03,0.13,6,0.68,138,14.2,381.8,2.6,133.5
format-code-task-001023,4,4,4,0,0,0.986,0.359,2.01,0.13,0.0,0.52,0,0.74,140,5.9,485.7,0.21,189.2
format-code-task-001024,4,4,4,0,0,0.963,0.348,1.96,0.12,0.0,0.49,0,0.62,108,7.6,420.8,0.39,142.8
format-code-task-001025,4,4,4,0,0,1.82,1.086,2.45,0.36,0.16,0.43,26,0.9,685,7.1,833.2,0.88,166.1
format-code-task-001027,4,4,4,0,0,8.0,7.799,3.29,1.21,0.4,0.18,94,0.62,4722,8.0,505.4,4.87,3.3
format-code-task-001028,4,4,4,0,0,1.125,0.547,2.16,0.63,0.3,0.4,8,0.62,118,5.6,562.4,1.25,118.0
format-code-task-001029,4,4,4,0,0,0.983,0.359,1.81,0.2,0.0,0.48,0,0.62,139,3.5,290.3,0.08,116.1
format-code-task-001030,4,4,4,0,0,8.0,6.074,3.47,1.3,0.67,0.33,346,5.36,789,5.5,956.9,7.95,262.3
format-code-task-001031,4,4,4,0,0,1.067,0.441,2.01,0.16,0.03,0.37,2,0.62,104,4.9,739.4,0.15,101.5
format-code-task-001032,4,4,4,0,0,2.546,1.928,2.21,0.4,0.04,0.41,7,0.62,434,4.3,412.9,1.45,105.2
format-code-task-001034,4,4,4,0,0,3.114,1.488,2.92,1.23,0.59,0.33,77,1.69,983,9.4,541.5,2.31,128.5
format-code-task-001035,4,4,4,0,0,1.024,0.391,2.01,0.15,0.01,0.49,0,0.62,107,12.3,326.5,0.06,121.3
format-code-task-001036,4,4,4,0,0,2.356,1.309,4.43,0.83,0.41,0.4,70,1.3,835,7.9,441.5,2.13,193.4
format-code-task-001037,4,4,4,0,0,5.189,4.575,2.78,0.47,0.22,0.24,33,0.62,907,11.4,416.3,1.33,152.0
format-code-task-001038,4,4,4,0,0,0.993,0.374,1.98,0.11,0.0,0.43,0,0.62,102,3.7,660.9,0.21,106.1
format-code-task-001039,4,4,4,0,0,4.891,3.217,3.42,0.99,0.51,0.34,92,2.27,574,8.9,536.9,3.87,171.4
format-code-task-001040,4,4,4,0,0,3.696,2.48,4.96,1.24,0.66,0.38,104,1.94,498,25.7,364.8,3.3,93.1
format-code-task-001041,4,4,4,0,0,2.314,1.277,3.45,0.94,0.48,0.42,69,1.32,1434,9.0,611.6,4.16,149.7
format-code-task-001042,4,4,4,0,0,2.237,1.212,3.45,0.93,0.42,0.38,37,1.22,702,7.9,440.9,3.19,151.4
format-code-task-001043,4,4,4,0,0,8.0,7.374,3.44,1.79,0.89,0.38,985,7.73,1303,8.9,1433.8,20.37,186.1
format-code-task-001044,4,4,4,0,0,1.573,0.513,1.86,0.34,0.04,0.36,6,0.93,137,7.1,319.8,1.37,116.5
format-code-task-001045,4,4,4,0,0,1.405,0.79,1.93,0.54,0.01,0.13,2,0.62,130,18.0,566.5,2.87,123.4
format-code-task-001046,4,4,4,0,0,1.653,0.827,2.21,0.84,0.39,0.38,17,0.86,494,3.4,215.4,1.58,124.1
format-code-task-001047,4,4,4,0,0,5.622,3.164,3.66,0.63,0.33,0.41,86,2.55,1150,9.2,587.4,2.87,167.5
format-code-task-001048,4,4,4,0,0,3.045,1.484,3.05,0.51,0.26,0.35,58,1.97,712,4.4,785.0,2.09,101.9
format-code-task-001049,4,4,4,0,0,1.076,0.457,2.0,0.11,0.0,0.43,1,0.69,105,9.2,629.2,0.2,158.3
format-code-task-001050,4,4,4,0,0,1.341,0.643,2.25,0.8,0.3,0.35,6,0.74,277,3.9,61.2,1.0,88.5
format-code-task-001051,4,4,4,0,0,1.088,0.462,1.92,0.23,0.0,0.45,1,0.63,109,9.4,512.3,1.65,175.4
format-code-task-001052,4,4,4,0,0,1.109,0.571,1.97,0.35,0.04,0.43,5,1.2,168,5.3,508.2,0.84,132.7
format-code-task-001053,4,4,4,0,0,1.001,0.373,1.98,0.15,0.01,0.44,0,0.62,104,4.4,265.5,0.42,154.4
format-code-task-001054,4,4,4,0,0,1.477,0.688,2.71,0.66,0.29,0.4,15,0.84,512,16.6,371.2,1.07,145.4
format-code-task-001055,4,4,4,0,0,1.34,0.724,2.6,0.42,0.19,0.47,19,0.87,357,25.3,377.6,0.45,162.2
format-code-task-001056,4,4,4,0,0,1.706,0.954,2.5,0.41,0.18,0.37,14,0.86,483,7.5,379.1,0.78,172.2
format-code-task-001057,4,4,4,0,0,1.149,0.4,1.87,0.12,0.0,0.53,0,0.62,115,8.0,517.1,0.15,87.8
format-code-task-001058,4,4,4,0,0,1.012,0.388,2.02,0.14,0.01,0.5,0,0.63,108,4.3,355.8,0.49,125.8
format-code-task-001059,4,4,4,0,0,3.239,1.802,3.12,0.87,0.4,0.31,127,2.43,555,19.1,1296.2,10.12,144.4
format-code-task-001060,4,4,4,0,0,2.22,1.555,2.12,0.3,0.1,0.45,5,0.63,428,5.0,898.9,1.15,152.9
format-code-task-001061,4,4,4,0,0,1.393,0.746,2.25,0.64,0.26,0.41,14,0.82,531,24.1,698.3,34.39,131.2
format-code-task-001062,4,4,4,0,0,0.978,0.361,2.01,0.16,0.01,0.46,0,0.62,109,5.6,306.8,0.02,129.3
format-code-task-001063,4,4,4,0,0,0.969,0.352,1.85,0.14,0.0,0.44,0,0.62,108,5.4,346.3,0.53,178.0
format-code-task-001064,4,4,4,0,0,1.45,0.462,1.93,0.93,0.01,0.54,2,1.07,103,9.2,1227.8,7.31,117.2
format-code-task-001065,4,4,4,0,0,1.619,0.787,1.87,0.41,0.05,0.25,7,0.62,136,7.7,427.0,2.18,216.0
format-code-task-001066,4,4,4,0,0,1.125,0.443,1.95,0.16,0.01,0.43,1,0.62,2273,3.5,398.5,0.23,135.1
format-code-task-001067,4,4,4,0,0,2.119,1.387,2.1,0.5,0.08,0.29,2,0.62,122,4.9,382.5,3.03,227.5
format-code-task-001068,4,4,4,0,0,1.019,0.492,2.0,0.14,0.0,0.51,0,0.62,108,4.2,474.4,0.67,146.9
format-code-task-001069,4,4,4,0,0,2.3,0.77,2.02,0.47,0.02,0.24,5,0.62,138,13.1,1171.7,2.11,111.7
format-code-task-001070,4,4,4,0,0,1.176,0.449,2.0,0.32,0.01,0.37,0,0.62,107,8.0,148.9,0.21,222.9
format-code-task-001071,4,4,4,0,0,1.365,0.661,2.09,0.48,0.06,0.36,2,0.63,161,5.5,125.7,0.83,124.4
format-code-task-001072,4,4,4,0,0,1.047,0.41,1.85,0.42,0.05,0.41,9,0.63,149,8.5,393.2,0.85,117.2
format-code-task-001073,4,4,4,0,0,6.221,5.443,2.97,1.18,0.56,0.28,191,0.82,232,6.6,756.4,2.99,175.2
format-code-task-001074,4,4,4,0,0,2.171,1.232,3.55,1.02,0.52,0.39,83,1.37,881,59.1,283.2,3.17,139.6
format-code-task-001075,4,4,4,0,0,1.145,0.422,1.82,0.31,0.05,0.45,6,0.71,138,8.1,513.3,0.47,256.4
format-code-task-001076,4,4,4,0,0,0.997,0.388,1.78,0.12,0.0,0.51,1,0.61,110,7.0,743.4,0.45,229.6
format-code-task-001077,4,4,4,0,0,1.324,0.725,2.27,0.47,0.2,0.33,12,0.62,134,7.6,165.3,0.33,118.6
format-code-task-001078,5,4,4,0,0,1.789,1.226,1.99,0.72,0.11,0.35,17,0.62,599,16.9,502.9,3.16,236.6
format-code-task-001079,4,4,4,0,0,1.204,0.554,1.81,0.24,0.0,0.3,0,0.62,138,9.8,484.6,1.52,150.8
format-code-task-001080,4,4,4,0,0,1.168,0.488,1.93,0.29,0.06,0.47,5,0.67,192,7.2,344.2,0.55,154.1
format-code-task-001081,4,4,4,0,0,1.006,0.36,1.95,0.14,0.01,0.52,0,0.61,107,7.3,444.3,0.2,223.0
format-code-task-001082,4,4,4,0,0,1.045,0.427,2.0,0.28,0.0,0.39,1,0.62,109,7.9,1086.0,1.06,175.8
format-code-task-001083,4,4,4,0,0,1.603,0.703,2.1,0.32,0.08,0.4,1,0.89,115,8.2,336.4,1.15,110.2
format-code-task-001084,4,4,4,0,0,1.545,0.793,1.98,0.3,0.04,0.43,6,0.79,165,8.2,340.0,1.12,131.2
format-code-task-001085,4,4,4,0,0,5.059,4.419,3.02,1.32,0.69,0.48,173,0.68,176,34.3,552.9,9.2,122.2
format-code-task-001086,4,4,4,0,0,1.097,0.392,1.99,0.31,0.01,0.36,0,0.71,114,6.8,133.8,0.24,151.3
format-code-task-001087,4,4,4,0,0,1.99,1.336,2.24,0.52,0.1,0.3,18,0.71,267,9.9,470.1,2.32,139.1
format-code-task-001089,4,4,4,0,0,1.008,0.352,1.79,0.16,0.0,0.42,0,0.62,129,7.6,206.2,0.15,189.6
format-code-task-001090,4,4,4,0,0,1.962,1.085,2.79,0.53,0.26,0.42,30,0.94,819,7.4,467.6,1.51,154.0
format-code-task-001091,4,4,4,0,0,0.989,0.369,2.0,0.26,0.01,0.75,0,0.62,108,6.5,351.3,1.08,246.5
format-code-task-001092,4,4,4,0,0,1.002,0.38,2.0,0.1,0.0,0.52,0,0.62,111,2.7,612.1,0.42,132.8
format-code-task-001093,4,4,4,0,0,1.039,0.375,1.93,0.17,0.0,0.47,0,0.65,109,3.2,533.1,0.42,117.0
format-code-task-001094,4,4,4,0,0,1.007,0.376,1.98,0.29,0.04,0.34,3,0.61,135,7.8,212.7,0.33,167.8
format-code-task-001095,4,4,4,0,0,0.999,0.377,1.98,0.15,0.01,0.53,0,0.62,106,7.2,228.1,0.22,133.8
format-code-task-001096,4,4,4,0,0,4.379,3.762,2.63,0.98,0.45,0.22,62,0.62,597,23.5,901.9,7.04,121.3
format-code-task-001097,4,4,4,0,0,1.323,0.661,1.98,0.19,0.01,0.41,0,0.62,111,9.4,737.0,0.71,127.1
format-code-task-001098,4,4,4,0,0,4.041,3.383,2.15,0.91,0.2,0.16,10,0.67,406,25.0,244.2,1.24,204.2
format-code-task-001099,4,4,4,0,0,1.05,0.382,1.94,0.12,0.0,0.45,0,0.62,105,3.4,512.6,0.06,159.6
format-code-task-001100,4,4,4,0,0,1.081,0.466,1.97,0.26,0.0,0.27,0,0.62,133,3.5,353.1,0.31,132.5
format-code-task-001101,4,4,4,0,0,1.106,0.489,2.01,0.16,0.01,0.57,0,0.62,108,9.9,643.8,3.07,131.0
format-code-task-001102,4,4,4,0,0,7.768,5.312,3.06,1.02,0.54,0.33,143,2.73,1940,12.1,600.9,5.15,115.0
format-code-task-001103,4,4,4,0,0,0.985,0.397,1.87,0.18,0.05,0.66,10,0.63,204,8.0,592.2,0.44,120.8
format-code-task-001105,4,4,4,0,0,1.011,0.394,1.94,0.15,0.0,0.5,0,0.62,108,6.7,310.2,0.38,147.1
format-code-task-001106,4,4,4,0,0,1.357,0.655,3.44,0.58,0.3,0.55,33,0.76,329,10.0,320.0,0.83,134.8
format-code-task-001107,4,4,4,0,0,2.012,1.05,2.13,0.29,0.12,0.28,6,1.01,190,25.7,401.6,0.25,141.2
format-code-task-001108,4,4,4,0,0,8.0,3.283,3.64,1.47,0.78,0.54,263,20.0,1727,9.3,864.7,18.82,193.1
format-code-task-001109,5,4,5,0,1,8.0,7.999,1.91,0.73,0.01,0.42,0,1.21,108,326.5,1702.1,20.91,148.8
format-code-task-001110,4,4,4,0,0,1.064,0.379,1.94,0.15,0.0,0.53,0,0.62,102,6.1,624.0,0.38,156.0
format-code-task-001111,4,4,4,0,0,1.14,0.511,1.83,0.1,0.01,0.47,0,0.62,108,4.3,465.4,0.22,113.1
format-code-task-001112,4,4,4,0,0,0.929,0.312,1.99,0.25,0.02,0.4,0,0.61,109,3.5,100.4,0.04,98.7
format-code-task-001113,4,4,4,0,0,2.459,1.305,3.29,0.71,0.34,0.38,64,1.4,821,5.5,662.4,2.76,138.6
format-code-task-001114,4,4,4,0,0,1.011,0.402,1.94,0.16,0.0,0.38,0,0.62,107,7.5,313.8,0.74,126.0
format-code-task-001115,4,4,4,0,0,1.527,0.888,1.94,0.28,0.04,0.33,0,0.62,108,8.1,196.9,0.25,147.3
format-code-task-001116,4,4,4,0,0,1.507,0.872,2.32,1.67,0.85,0.3,173,0.63,314,20.1,683.1,5.38,153.4
format-code-task-001117,4,4,4,0,2,8.0,7.902,2.14,0.43,0.15,0.48,3,0.62,110,4.3,541.6,1.65,142.7
format-code-task-001118,4,4,4,0,0,1.921,1.262,2.33,0.53,0.13,0.35,7,0.62,587,3.4,240.9,0.84,124.6
format-code-task-001119,4,4,4,0,0,1.082,0.377,1.8,0.14,0.0,0.51,1,0.71,106,4.5,567.9,0.35,154.9
format-code-task-001120,4,4,4,0,2,8.0,8.0,5.41,1.68,0.84,0.38,140,0.63,694,118.9,297.8,0.67,203.9
format-code-task-001121,4,4,4,0,0,1.883,0.901,4.15,0.78,0.26,0.43,35,1.02,650,7.7,961.1,14.46,176.9
format-code-task-001122,4,4,4,0,0,1.06,0.353,1.86,0.15,0.01,0.41,0,0.71,117,5.2,267.1,0.19,162.5
format-code-task-001123,4,4,4,0,0,2.068,1.09,3.3,0.7,0.36,0.48,46,1.24,472,21.6,563.7,1.76,174.6
format-code-task-001124,4,4,4,0,0,0.971,0.338,1.95,0.13,0.0,0.49,0,0.62,109,3.5,401.9,0.1,109.7
format-code-task-001125,4,4,4,0,0,1.07,0.357,2.03,0.16,0.01,0.42,0,0.71,111,9.7,504.7,0.32,150.2
format-code-task-001126,4,4,4,0,0,8.0,6.235,2.81,1.2,0.56,0.34,310,4.95,999,7.8,796.8,6.32,113.5
format-code-task-001127,4,4,4,0,0,1.043,0.4,1.98,0.16,0.01,0.43,0,0.63,110,3.5,276.8,0.21,153.9
format-code-task-001128,4,4,4,0,0,1.121,0.401,1.98,0.12,0.0,0.47,0,0.63,110,3.4,431.2,0.59,177.1
format-code-task-001129,4,4,4,0,0,1.81,0.962,3.84,0.47,0.23,0.44,29,0.87,708,4.8,380.0,0.76,143.3
format-code-task-001130,4,4,4,0,0,1.074,0.463,1.97,0.46,0.0,0.26,1,0.61,107,4.1,460.2,1.63,115.0
format-code-task-001131,4,4,4,0,0,1.785,0.905,3.44,0.4,0.2,0.35,29,0.92,684,16.8,580.4,4.64,177.6
format-code-task-001132,4,4,4,0,0,1.125,0.413,1.99,0.23,0.05,0.48,4,0.62,148,8.2,363.0,0.92,154.8
format-code-task-001133,4,4,4,0,0,3.294,2.654,2.09,0.9,0.21,0.4,13,0.63,123,7.9,456.6,2.04,133.0
format-code-task-001134,4,4,4,0,0,0.994,0.372,1.95,0.12,0.0,0.44,0,0.62,108,7.1,447.7,0.35,142.8
format-code-task-001135,4,4,4,0,0,2.28,1.632,2.2,1.38,0.66,0.34,65,0.65,210,8.1,446.4,3.19,163.7
format-code-task-001136,4,4,4,0,0,0.999,0.39,1.96,0.12,0.0,0.54,0,0.62,108,5.2,757.7,3.37,107.9
format-code-task-001137,4,4,4,0,0,0.946,0.338,1.95,0.14,0.0,0.46,1,0.61,152,6.4,400.6,0.09,164.0
format-code-task-001138,4,4,4,0,0,1.008,0.388,1.92,0.17,0.0,0.52,0,0.62,108,8.3,471.7,0.22,146.2
format-code-task-001139,4,4,4,0,0,1.185,0.552,1.91,0.4,0.0,0.25,0,0.62,108,8.9,275.4,0.79,93.6
format-code-task-001140,4,4,4,0,0,0.969,0.356,1.91,0.15,0.0,0.5,0,0.62,108,7.0,407.9,0.16,109.8
format-code-task-001141,4,4,4,0,0,2.285,1.348,3.12,0.74,0.31,0.37,44,1.1,549,4.5,1034.9,10.43,118.1
format-code-task-001142,4,4,4,0,0,0.97,0.354,2.01,0.22,0.01,0.46,0,0.62,103,3.5,164.2,0.6,114.3
format-code-task-001143,4,4,4,0,0,1.009,0.389,1.9,0.16,0.01,0.55,0,0.62,109,3.4,463.8,6.13,159.7
format-code-task-001144,4,4,4,0,0,1.01,0.384,1.98,0.21,0.05,0.51,10,0.62,144,7.5,646.1,0.44,138.0
format-code-task-001145,4,4,4,0,0,1.001,0.377,1.96,0.18,0.01,0.41,0,0.62,108,7.3,233.1,0.15,132.9
format-code-task-001146,4,4,4,0,0,1.044,0.425,1.97,0.15,0.01,0.43,0,0.62,108,3.4,401.4,0.51,172.1
format-code-task-001147,4,4,4,0,0,1.076,0.36,2.02,0.13,0.01,0.48,0,0.62,107,5.9,273.4,0.12,151.4
format-code-task-001148,4,4,4,0,0,1.015,0.356,1.91,0.17,0.01,0.48,0,0.62,109,3.4,217.2,0.14,160.1
format-code-task-001149,4,4,4,0,0,1.259,0.632,1.93,0.13,0.02,0.54,5,0.62,109,3.5,701.7,0.39,153.9
format-code-task-001150,4,4,4,0,0,1.53,0.485,1.87,0.12,0.0,0.56,0,0.85,110,6.4,386.8,0.75,159.7
format-code-task-001151,4,4,4,0,0,1.714,0.831,2.62,0.54,0.26,0.34,33,0.96,543,14.7,473.5,1.65,183.3
format-code-task-001152,4,4,4,0,0,1.084,0.45,1.85,0.18,0.0,0.4,0,0.61,109,7.1,343.1,0.37,165.8
format-code-task-001153,4,4,4,0,0,6.841,4.789,3.54,1.4,0.48,0.18,201,2.71,511,12.5,997.4,19.25,96.2
format-code-task-001154,4,4,4,0,0,1.16,0.542,1.93,0.71,0.01,0.16,2,0.62,108,10.4,814.9,5.34,199.9
format-code-task-001155,4,4,4,0,0,5.811,5.191,2.49,0.49,0.23,0.2,29,0.62,588,6.8,543.3,1.82,230.8
format-code-task-001156,4,4,4,0,0,1.021,0.423,1.87,0.46,0.0,0.21,2,0.62,113,7.6,702.9,2.45,124.5
format-code-task-001157,4,4,4,0,0,3.047,1.761,3.23,1.23,0.6,0.33,46,1.29,1047,9.1,181.2,3.33,142.6
format-code-task-001159,4,4,4,0,0,5.998,5.268,2.11,0.89,0.13,0.1,21,0.97,108,7.8,870.2,6.72,210.2
format-code-task-001160,4,4,4,0,0,0.978,0.359,1.83,0.13,0.01,0.46,0,0.62,108,6.4,348.6,0.12,149.9
format-code-task-001161,4,4,4,0,0,0.968,0.35,1.93,0.12,0.0,0.46,0,0.61,109,4.0,741.4,0.11,167.5
format-code-task-001162,4,4,4,0,0,2.574,1.894,2.05,0.87,0.13,0.33,4,0.63,109,8.0,501.3,2.74,115.7
format-code-task-001163,4,4,4,0,0,1.049,0.376,1.86,0.25,0.01,0.36,0,0.63,109,7.1,190.3,0.39,138.8
format-code-task-001164,4,4,4,0,0,1.044,0.427,1.81,0.14,0.0,0.47,1,0.62,108,5.7,454.4,0.19,224.4
format-code-task-001165,4,4,4,0,0,3.498,1.977,4.29,1.41,0.69,0.35,159,1.9,1051,12.6,532.4,6.75,186.1
format-code-task-001166,4,4,4,0,0,1.676,1.022,1.91,0.46,0.04,0.31,0,0.63,124,4.4,257.3,0.86,132.2
format-code-task-001167,4,4,4,0,0,1.034,0.42,1.87,0.26,0.01,0.36,0,0.62,107,7.8,239.8,0.42,107.9
format-code-task-001168,4,4,4,0,0,1.07,0.454,2.02,0.28,0.03,0.41,3,0.62,138,8.9,367.5,0.45,159.4
format-code-task-001169,4,4,4,0,0,2.265,1.334,3.93,0.95,0.43,0.35,54,1.37,1024,8.8,482.5,1.94,147.3
format-code-task-001170,4,4,4,0,0,1.517,1.223,3.9,0.61,0.31,0.5,32,1.07,350,7.6,562.4,1.5,120.8
format-code-task-001171,4,4,4,0,0,1.141,0.431,1.89,0.06,0.0,0.69,1,0.62,104,3.6,2046.2,45.11,112.4
format-code-task-001172,4,4,4,0,0,1.53,0.905,2.12,0.22,0.07,0.46,4,0.62,144,9.5,576.0,0.45,152.5
format-code-task-001173,4,4,4,0,0,5.219,4.602,2.13,0.31,0.08,0.53,7,0.73,107,7.7,444.9,2.9,113.6
format-code-task-001174,4,4,4,0,0,1.02,0.402,1.95,0.19,0.0,0.48,0,0.62,140,3.4,410.3,0.41,136.2
format-code-task-001175,4,4,4,0,0,0.995,0.366,1.9,0.14,0.0,0.42,0,0.63,139,7.5,322.1,0.32,177.2
format-code-task-001176,4,4,4,0,0,0.979,0.354,1.93,0.11,0.0,0.47,0,0.62,107,6.6,539.3,0.35,135.8
format-code-task-001177,4,4,4,0,0,1.326,0.716,2.05,0.35,0.03,0.42,5,0.61,141,5.6,772.9,12.66,138.4
format-code-task-001178,4,4,4,0,0,1.007,0.387,2.0,0.13,0.0,0.58,0,0.62,103,3.4,397.6,0.3,222.0
format-code-task-001179,4,4,4,0,0,1.047,0.441,2.0,0.18,0.0,0.6,0,0.61,106,4.4,294.4,0.58,247.2
format-code-task-001180,4,4,4,0,0,1.28,0.63,1.94,0.7,0.0,0.09,1,0.62,112,31.4,719.9,4.74,161.8
format-code-task-001181,4,4,4,0,0,1.058,0.38,1.89,0.16,0.0,0.47,0,0.67,101,4.2,573.6,0.11,128.7
format-code-task-001182,4,4,4,0,0,0.998,0.377,1.95,0.11,0.0,0.47,0,0.62,108,6.5,298.9,0.62,110.2
format-code-task-001183,4,4,4,0,0,1.037,0.426,1.97,0.27,0.03,0.48,4,0.62,138,8.7,1092.0,7.15,108.3
format-code-task-001184,4,4,4,0,0,1.008,0.357,1.93,0.1,0.0,0.51,1,0.62,106,6.8,812.2,9.78,142.3
format-code-task-001185,4,4,4,0,0,1.507,0.75,3.82,0.88,0.43,0.36,26,0.92,436,37.0,209.4,0.89,199.7
format-code-task-001186,4,4,4,0,0,2.37,1.4,4.67,1.12,0.58,0.46,97,1.22,1482,9.2,303.6,5.6,165.8
format-code-task-001187,4,4,4,0,0,5.733,3.379,5.26,1.62,0.79,0.31,352,3.56,1258,93.2,781.0,7.98,197.7
format-code-task-001188,4,4,4,0,0,2.777,1.665,4.3,1.0,0.48,0.36,126,1.57,1025,31.8,538.2,2.28,190.2
format-code-task-001189,4,4,4,0,0,0.953,0.343,1.92,0.27,0.02,0.38,0,0.62,100,3.3,54.8,0.14,89.1
format-code-task-001190,4,4,4,0,0,4.672,4.049,2.23,1.47,0.76,0.19,313,0.7,397,37.6,1324.4,7.34,234.6
format-code-task-001191,4,4,4,0,0,1.561,0.795,2.38,0.57,0.23,0.34,12,0.82,394,8.9,323.0,0.65,89.6
format-code-task-001192,4,4,4,0,0,2.873,2.736,2.83,0.52,0.22,0.42,13,0.63,591,4.3,198.6,0.86,176.6
format-code-task-001193,4,4,4,0,0,2.696,2.071,2.08,0.18,0.07,0.5,6,0.63,612,7.3,802.4,9.7,134.7
format-code-task-001194,4,4,4,0,0,2.206,1.054,2.06,0.33,0.03,0.38,1,1.11,110,24.7,288.1,4.1,195.5
format-code-task-001195,4,4,4,0,0,7.685,5.247,3.35,1.49,0.76,0.32,232,3.83,1159,205.9,318.6,4.46,72.9
format-code-task-001196,4,4,4,0,0,1.125,0.42,1.97,0.34,0.05,0.45,5,0.71,205,5.5,338.9,0.47,152.4
format-code-task-001197,4,4,4,0,0,1.667,0.724,2.19,0.93,0.16,0.2,11,0.93,285,10.5,293.7,4.21,45.1
format-code-task-001198,4,4,4,0,0,1.267,0.625,1.9,0.28,0.01,0.3,0,0.68,159,4.0,338.1,0.86,147.1
format-code-task-001199,4,4,4,0,0,1.105,0.404,1.97,0.39,0.01,0.31,0,0.68,127,16.0,80.4,0.17,150.6
format-code-task-001200,4,4,4,0,0,0.982,0.365,1.91,0.21,0.01,0.39,0,0.62,108,4.3,132.5,0.05,108.5
format-code-task-001201,4,4,4,0,0,0.979,0.367,1.96,0.26,0.01,0.35,1,0.61,99,7.5,165.2,0.32,100.8
format-code-task-001203,4,4,4,0,0,2.813,2.109,2.15,0.63,0.15,0.22,4,0.78,263,81.0,213.0,0.17,206.8
format-code-task-001204,4,4,4,0,0,4.315,3.691,2.05,1.07,0.17,0.21,5,0.66,140,43.1,715.7,11.78,145.0
format-code-task-001205,4,4,4,0,0,1.136,0.396,2.04,0.31,0.03,0.39,0,0.62,109,4.5,68.5,0.35,98.2
format-code-task-001207,4,4,4,0,0,1.203,0.547,1.87,0.2,0.01,0.53,1,0.91,109,551.5,222.5,0.31,322.6
format-code-task-001208,4,4,4,0,0,1.025,0.357,1.97,0.1,0.02,0.39,4,0.61,190,3.3,568.9,0.19,62.0
format-code-task-001209,4,4,4,0,0,0.965,0.351,1.99,0.44,0.1,0.28,3,0.61,191,7.9,69.3,0.25,54.6
format-code-task-001210,4,4,4,0,0,1.036,0.41,2.02,0.25,0.04,0.4,0,0.61,104,8.4,99.1,0.08,36.5
format-code-task-001211,4,4,4,0,0,1.907,1.037,3.18,0.71,0.36,0.46,35,1.03,415,9.1,491.4,3.65,46.5
format-code-task-001212,4,4,4,0,0,1.15,0.469,1.96,0.38,0.0,0.24,3,0.91,154,153.2,336.5,0.05,281.9
format-code-task-001214,4,4,4,0,0,4.124,3.281,2.25,0.7,0.28,0.34,27,0.87,138,7.9,2631.0,27.97,88.1
format-code-task-001215,4,4,4,0,0,1.128,0.513,1.93,0.36,0.03,0.3,3,0.62,185,11.9,270.4,0.82,130.6
format-code-task-001216,4,4,4,0,0,1.33,0.508,2.15,0.69,0.22,0.68,3,0.77,121,3.4,142.2,0.46,35.9
format-code-task-001217,4,4,4,0,0,1.636,0.889,2.71,0.73,0.37,0.66,62,0.82,820,11.9,419.5,2.85,142.1
format-code-task-001218,4,4,4,0,0,1.507,0.402,1.94,0.42,0.08,0.5,2,0.66,128,7.4,66.2,0.89,29.9
format-code-task-001219,4,4,4,0,0,1.296,0.57,1.97,0.26,0.04,0.35,4,0.7,190,13.9,265.5,0.49,67.6
format-code-task-001220,4,4,4,0,0,1.715,0.563,1.99,0.35,0.06,0.44,5,0.7,191,9.2,491.6,0.69,81.9
format-code-task-001221,5,4,4,0,0,1.983,1.071,3.11,0.97,0.45,0.4,28,1.14,462,6.6,363.2,0.95,40.5
format-code-task-001222,4,4,4,0,0,0.974,0.356,1.83,0.06,0.0,0.74,4,0.62,109,4.3,2546.8,50.2,109.4
format-code-task-001223,4,4,4,0,0,5.578,3.948,4.32,1.33,0.68,0.36,145,1.92,755,9.1,388.5,5.78,70.2
format-code-task-001224,4,4,4,0,0,1.388,0.747,1.93,0.41,0.06,0.27,1,0.64,113,11.6,384.4,0.43,131.1
format-code-task-001225,4,4,4,0,0,1.131,0.446,1.94,0.3,0.03,0.32,0,0.66,99,6.7,177.3,0.29,108.6
format-code-task-001226,9,0,0,9,0,,,,,,,,,,1800.0,884.8,7.62,227.0
format-code-task-001227,4,4,4,0,0,0.977,0.364,1.84,0.24,0.01,0.38,0,0.61,118,7.7,152.5,0.21,39.5
format-code-task-001228,4,4,4,0,0,1.035,0.418,1.89,0.33,0.1,0.42,8,0.63,200,5.7,231.1,0.44,120.8
format-code-task-001229,4,4,4,0,0,1.236,0.492,2.03,0.56,0.11,0.47,7,0.67,190,4.7,136.5,0.61,51.6
format-code-task-001231,4,4,4,0,0,2.41,1.569,2.47,0.93,0.43,0.31,23,1.09,664,13.4,144.7,1.78,124.3
format-code-task-001232,4,4,4,0,0,1.071,0.424,1.92,0.16,0.0,0.46,0,0.69,108,3.4,334.0,0.54,158.4
format-code-task-001233,4,4,4,0,0,4.937,3.046,2.56,1.14,0.61,0.24,158,2.93,659,66.1,547.2,3.59,187.1
format-code-task-001234,4,4,4,0,0,7.888,5.818,2.9,1.39,0.73,0.32,350,3.16,848,43.8,820.9,5.66,56.1
format-code-task-001235,4,4,4,0,0,5.826,3.77,2.92,1.54,0.77,0.28,171,3.56,858,5.7,358.3,4.91,96.1
format-code-task-001236,4,4,4,0,0,8.0,6.777,3.71,1.49,0.76,0.33,251,4.68,2501,10.0,652.3,7.73,211.6
format-code-task-001237,4,4,4,0,0,5.247,3.68,2.72,1.33,0.68,0.25,193,2.71,780,10.8,786.9,4.96,47.0
format-code-task-001238,4,4,4,0,0,1.431,0.582,2.69,0.72,0.31,0.34,8,0.8,337,8.7,128.7,1.38,41.0
format-code-task-001239,4,4,4,0,0,8.0,7.715,2.46,0.64,0.27,0.46,104,0.67,605,10.9,782.4,25.38,327.0
format-code-task-001240,4,4,4,0,0,4.413,3.71,2.12,1.62,0.76,0.17,144,1.74,140,133.9,1155.5,12.1,70.1
format-code-task-001241,4,4,4,0,0,1.041,0.433,1.99,0.25,0.05,0.33,4,0.61,182,6.7,395.4,0.7,48.7
format-code-task-001242,4,4,4,0,0,0.998,0.339,1.97,0.31,0.01,0.34,0,0.64,101,3.3,111.6,0.13,31.9
format-code-task-001243,4,4,4,0,0,1.036,0.419,2.05,0.12,0.01,0.53,0,0.62,112,7.9,610.8,0.19,99.1
format-code-task-001244,4,4,4,0,4,8.0,8.0,3.23,0.68,0.28,0.17,127,0.8,683,215.7,1193.1,10.44,414.4
format-code-task-001246,4,4,4,0,0,1.091,0.491,1.95,0.81,0.04,0.26,9,0.61,194,7.6,3163.4,15.52,69.7
format-code-task-001247,4,4,4,0,0,1.056,0.436,1.98,0.21,0.05,0.42,6,0.62,200,7.6,301.3,0.42,163.2
format-code-task-001248,4,4,4,0,0,1.166,0.413,1.94,0.49,0.05,0.33,1,0.76,135,4.2,78.7,0.86,73.1
format-code-task-001249,4,4,4,0,0,1.028,0.413,2.02,0.6,0.11,0.5,4,0.62,116,4.8,66.6,0.52,104.9
format-code-task-001250,4,4,4,0,0,1.333,0.665,2.52,0.73,0.23,0.39,32,0.75,195,8.2,282.8,0.83,44.0
format-code-task-001251,4,4,4,0,0,1.354,0.543,1.83,0.43,0.05,0.36,4,0.75,127,3.2,214.4,1.18,66.2
format-code-task-001252,4,4,4,0,0,1.11,0.451,2.01,0.18,0.02,0.52,1,0.66,107,4.3,195.0,0.17,101.5
format-code-task-001253,4,4,4,0,0,1.478,0.686,2.81,0.75,0.35,0.41,19,0.89,468,4.4,265.8,1.29,169.0
format-code-task-001254,4,4,4,0,0,1.719,0.813,3.28,0.71,0.33,0.39,24,0.88,542,6.6,227.0,1.09,116.7
format-code-task-001255,4,4,4,0,0,1.76,0.915,2.78,0.5,0.25,0.36,28,0.91,991,5.6,781.9,0.87,75.7
format-code-task-001256,4,4,4,0,0,1.134,0.428,1.95,0.34,0.01,0.36,0,0.71,108,7.3,194.5,0.46,96.8
format-code-task-001257,4,4,4,0,0,1.306,0.519,1.88,0.45,0.0,0.24,0,0.62,111,12.3,444.8,1.25,177.7
format-code-task-001258,4,4,4,0,0,1.019,0.401,1.94,0.38,0.01,0.34,0,0.62,109,7.1,163.7,0.36,136.4
format-code-task-001259,4,4,4,0,0,1.131,0.465,1.92,0.53,0.01,0.23,0,0.67,99,6.9,206.6,1.35,43.2
format-code-task-001260,4,4,4,0,0,1.211,0.452,1.84,0.31,0.01,0.28,0,0.76,94,4.4,291.1,5.62,40.7
format-code-task-001261,4,4,4,0,0,1.165,0.552,1.94,0.49,0.01,0.27,0,0.62,109,10.6,125.3,0.84,164.2
format-code-task-001262,4,4,4,0,0,1.266,0.554,1.84,0.61,0.01,0.24,0,0.67,102,7.7,130.7,1.61,45.9
format-code-task-001263,4,4,4,0,0,1.092,0.473,1.87,0.17,0.0,0.38,0,0.62,106,8.6,346.0,0.52,156.0
format-code-task-001264,4,4,4,0,0,1.096,0.392,1.85,0.25,0.01,0.42,0,0.71,107,8.0,86.7,0.67,107.4
format-code-task-001265,4,4,4,0,0,1.044,0.364,1.88,0.2,0.01,0.41,0,0.66,101,8.0,245.5,0.29,38.5
format-code-task-001266,4,4,4,0,0,3.035,1.832,2.4,1.08,0.56,0.37,61,1.44,442,7.7,224.9,2.55,92.4
format-code-task-001267,4,4,4,0,0,1.009,0.33,2.0,0.19,0.01,0.5,0,0.7,107,48.3,178.7,0.05,133.0
format-code-task-001268,4,4,4,0,0,1.118,0.445,1.84,0.26,0.0,0.36,0,0.74,102,17.2,213.0,0.36,124.0
format-code-task-001269,4,4,4,0,0,0.97,0.335,1.98,0.21,0.01,0.37,0,0.62,101,3.4,352.9,0.57,55.2
format-code-task-001270,4,4,4,0,0,1.957,1.828,2.37,0.89,0.27,0.47,16,0.63,586,14.4,1380.6,15.63,187.9
format-code-task-001272,4,4,4,0,0,1.014,0.397,2.0,0.27,0.01,0.43,1,0.7,112,25.1,245.8,0.36,160.3
format-code-task-001273,4,4,4,0,0,1.001,0.353,1.98,0.28,0.01,0.43,0,0.7,114,21.0,158.8,0.11,194.1
format-code-task-001274,4,4,4,0,0,1.903,1.29,2.2,0.25,0.04,0.44,4,0.63,767,14.3,843.0,9.97,212.4
format-code-task-001277,4,4,4,0,0,1.052,0.436,1.9,0.21,0.01,0.44,0,0.62,111,9.0,192.3,0.21,166.5
format-code-task-001279,4,4,4,0,0,3.692,3.065,2.32,0.35,0.09,0.38,4,0.64,779,15.5,921.7,7.71,252.0
format-code-task-001281,4,4,4,0,0,4.533,3.361,2.15,1.73,0.79,0.29,165,2.2,109,8.1,1326.8,22.72,165.2
format-code-task-001283,4,4,4,0,0,3.033,2.388,2.08,1.05,0.2,0.3,3,0.66,106,11.0,669.8,24.19,156.8
format-code-task-001285,4,4,4,0,0,1.023,0.393,1.86,0.28,0.01,0.41,0,0.65,104,3.3,189.3,0.4,67.0
format-code-task-001286,4,4,4,0,0,1.028,0.369,1.9,0.13,0.01,0.53,0,0.62,170,8.3,344.5,0.2,291.6
format-code-task-001287,4,4,4,0,0,0.979,0.367,1.86,0.29,0.01,0.41,0,0.91,112,13.7,112.8,0.22,132.4
format-code-task-001290,4,4,4,0,0,8.0,7.509,2.18,0.94,0.43,0.24,29,0.63,230,110.5,156.6,0.04,141.2
format-code-task-001291,5,4,4,0,0,0.982,0.36,1.92,0.22,0.01,0.35,0,0.62,100,3.3,297.0,0.29,55.6
format-code-task-001292,4,4,4,0,0,1.041,0.416,1.97,0.22,0.01,0.38,0,0.62,109,7.7,280.9,0.05,152.0
format-code-task-001294,4,4,4,0,0,2.098,1.151,2.98,0.8,0.39,0.34,47,1.21,762,13.5,369.8,1.37,122.1
format-code-task-001295,4,4,4,0,0,4.796,3.723,2.73,1.47,0.74,0.2,118,1.2,994,6.5,448.5,6.06,154.9
format-code-task-001296,4,4,4,0,0,1.438,0.552,2.2,0.85,0.14,0.5,8,0.77,359,5.9,880.4,15.36,34.5
format-code-task-001297,4,4,4,0,1,8.0,7.985,3.2,1.2,0.55,0.32,102,2.02,717,62.5,335.8,3.89,96.2
format-code-task-001298,4,4,4,0,0,5.368,3.492,3.52,1.18,0.5,0.35,117,2.1,1195,61.2,999.2,10.14,127.0
format-code-task-001299,4,4,4,0,0,2.826,1.896,3.04,1.34,0.59,0.29,78,1.97,547,123.5,331.9,2.42,135.0
format-code-task-001300,4,4,4,0,0,3.431,1.762,3.04,0.99,0.47,0.34,91,2.26,1026,47.0,421.9,2.07,167.4
format-code-task-001301,4,4,4,0,0,4.519,3.349,3.0,1.62,0.75,0.3,245,3.15,1142,29.0,749.6,7.56,128.7
format-code-task-001302,4,4,4,0,0,2.131,1.197,2.59,0.89,0.37,0.4,22,1.25,974,6.6,325.6,1.07,121.1
format-code-task-001303,4,4,4,0,0,2.235,1.128,2.95,0.98,0.5,0.32,44,1.32,432,7.5,266.5,4.68,74.2
format-code-task-001304,4,4,4,0,0,2.384,1.376,3.67,0.92,0.47,0.33,44,1.27,704,3.4,444.7,4.08,85.0
format-code-task-001305,4,4,4,0,0,1.351,0.608,3.4,0.66,0.29,0.51,29,0.83,354,33.0,438.5,3.42,62.2
format-code-task-001306,4,4,4,0,0,1.314,0.571,2.13,0.58,0.24,0.4,13,0.81,319,5.7,388.8,0.77,406.8
format-code-task-001307,4,4,4,0,0,1.427,0.686,2.42,0.48,0.22,0.43,8,0.83,365,7.5,314.0,0.77,92.4
format-code-task-001308,4,4,4,0,0,1.446,0.753,2.29,0.57,0.23,0.33,7,0.74,739,4.5,136.5,0.79,114.1
format-code-task-001309,4,4,4,0,0,1.872,1.352,3.85,0.67,0.3,0.47,28,0.81,306,8.2,280.9,1.03,49.7
format-code-task-001310,4,4,4,0,0,1.412,0.698,2.44,0.45,0.18,0.39,8,0.75,550,7.6,201.8,0.71,169.1
format-code-task-001311,4,4,4,0,0,1.886,0.947,2.63,1.12,0.53,0.3,43,1.06,587,10.2,231.9,1.48,126.3
format-code-task-001312,4,4,4,0,0,1.86,0.896,3.35,0.71,0.3,0.37,24,0.87,613,10.2,205.3,0.84,148.7
format-code-task-001314,4,4,4,0,0,1.301,0.597,3.01,0.74,0.35,0.46,18,0.79,297,8.4,224.2,0.93,86.7
format-code-task-001315,4,4,4,0,2,8.0,8.0,2.72,1.02,0.39,0.58,48,0.73,244,10.4,1245.2,10.5,56.4
format-code-task-001316,4,4,4,0,0,1.304,0.554,2.7,0.37,0.16,0.43,7,0.74,261,4.8,226.3,0.4,35.4
format-code-task-001317,4,4,4,0,0,1.573,0.794,3.04,0.87,0.4,0.43,16,0.94,362,7.6,236.2,2.07,92.9
format-code-task-001318,4,4,4,0,0,1.568,0.691,2.74,0.87,0.36,0.41,36,0.94,360,9.9,833.3,10.22,65.3
format-code-task-001319,4,4,4,0,0,1.604,0.551,2.49,0.34,0.16,0.52,14,1.07,261,8.1,520.5,0.46,81.4
format-code-task-001320,4,4,4,0,0,1.912,1.019,3.13,0.69,0.35,0.4,54,1.37,755,7.5,450.9,1.4,118.9
format-code-task-001321,4,4,4,0,0,0.995,0.393,1.87,0.26,0.02,0.56,1,0.61,101,3.4,680.3,16.3,39.8
format-code-task-001322,4,4,4,0,0,1.097,0.394,1.97,0.3,0.01,0.32,0,0.71,100,3.5,147.7,0.19,33.2
format-code-task-001323,4,4,4,0,0,1.533,0.694,2.53,0.77,0.32,0.36,12,0.91,392,5.1,228.5,1.1,108.9
format-code-task-001324,4,4,4,0,0,1.322,0.605,2.24,0.67,0.12,0.34,6,0.75,236,32.2,298.2,2.62,31.7
format-code-task-001325,4,4,4,0,0,2.397,1.363,3.62,1.1,0.56,0.45,93,1.12,838,47.9,346.6,1.42,146.4
format-code-task-001326,4,4,4,0,0,1.814,1.034,3.55,1.06,0.52,0.41,27,0.92,703,3.6,162.4,1.88,234.7
format-code-task-001327,4,4,4,0,0,4.484,2.399,4.38,0.76,0.4,0.42,84,2.87,808,9.1,1768.9,4.27,158.6
format-code-task-001329,4,4,4,0,0,4.99,3.624,4.66,1.42,0.74,0.45,264,3.57,1974,8.3,1045.4,4.04,139.0
format-code-task-001330,4,4,4,0,0,1.226,0.382,1.88,0.22,0.01,0.53,1,0.62,199,9.1,746.9,14.13,109.3
format-code-task-001331,4,4,4,0,0,1.297,0.65,2.07,0.15,0.02,0.54,1,0.69,192,16.2,451.7,0.27,150.1
format-code-task-001332,4,4,4,0,0,1.129,0.515,1.95,0.53,0.04,0.11,10,0.63,169,17.0,736.5,3.08,181.0
format-code-task-001333,4,4,4,0,0,1.232,0.629,1.99,0.54,0.02,0.09,7,0.62,139,8.5,699.9,2.26,176.7
format-code-task-001334,4,4,4,0,0,1.414,0.66,1.72,0.53,0.06,0.21,12,0.7,396,53.2,553.9,1.62,241.4
format-code-task-001335,4,4,4,0,0,0.931,0.326,1.93,0.87,0.0,0.45,0,0.61,99,8.9,704.2,6.62,35.7
format-code-task-001336,4,4,4,0,0,0.979,0.374,1.95,0.24,0.07,0.25,8,0.61,127,8.7,377.1,0.47,43.2
format-code-task-001337,4,4,4,0,0,1.386,0.668,2.34,0.41,0.16,0.39,7,0.75,386,7.7,201.7,0.91,138.6
format-code-task-001338,4,4,4,0,0,0.98,0.339,1.84,0.13,0.0,0.47,0,0.62,129,5.3,533.3,0.05,253.5
format-code-task-001339,5,4,4,0,2,8.0,7.968,2.72,1.9,0.92,0.13,986,0.97,263,1800.0,3604.2,43.47,225.6
format-code-task-001340,4,4,4,0,0,4.596,2.082,2.9,1.68,0.61,0.15,362,3.34,495,7.2,2909.3,17.44,72.6
format-code-task-001341,4,4,4,0,0,4.239,1.834,2.94,1.78,0.71,0.17,133,2.85,484,8.8,1067.9,20.4,77.4
format-code-task-001342,4,4,4,0,0,1.111,0.4,1.97,0.28,0.03,0.39,2,0.63,268,13.0,167.5,0.18,273.6
format-code-task-001343,4,4,4,0,0,1.007,0.382,2.01,0.35,0.05,0.46,3,0.62,256,14.3,145.1,0.47,142.3
format-code-task-001345,4,4,4,0,0,0.948,0.335,1.91,0.23,0.01,0.4,0,0.61,99,7.9,261.0,0.7,106.4
format-code-task-001346,4,4,4,0,0,2.434,1.363,2.69,0.95,0.44,0.4,30,1.12,683,8.4,320.2,2.44,127.6
format-code-task-001347,4,4,4,0,0,1.631,0.825,2.53,0.92,0.39,0.35,19,0.87,456,8.3,140.5,1.42,174.8
format-code-task-001348,4,4,4,0,0,2.141,1.263,2.21,1.22,0.51,0.23,15,1.04,261,16.4,139.9,1.23,32.9
format-code-task-001349,4,4,4,0,0,2.076,1.203,2.95,1.03,0.47,0.36,32,1.07,534,20.1,265.3,1.72,269.6
format-code-task-001350,4,4,3,0,0,3.091,2.323,2.09,0.51,0.12,0.33,5,0.81,162,24.4,503.4,0.98,59.7
format-code-task-001352,4,4,4,0,0,2.905,1.737,3.9,0.68,0.37,0.4,54,1.18,835,23.1,442.6,1.42,132.2
format-code-task-001355,4,4,4,0,0,1.013,0.396,3.16,0.42,0.21,0.17,26,0.61,260,4.2,254.7,0.69,67.3
format-code-task-001356,4,4,4,0,0,1.144,0.532,2.03,0.37,0.03,0.34,3,0.62,117,10.0,708.0,1.0,125.0
format-code-task-001358,4,4,4,0,0,1.599,0.821,2.45,0.72,0.31,0.42,14,0.95,321,3.4,821.1,9.1,50.2
format-code-task-001360,4,4,4,0,0,1.175,0.544,1.98,0.21,0.01,0.31,0,0.61,96,5.4,188.4,0.46,133.5
format-code-task-001361,4,4,4,0,0,2.388,1.242,2.68,0.8,0.39,0.34,22,1.13,442,13.3,257.6,3.53,57.2
format-code-task-001364,4,4,4,0,0,1.299,0.696,1.83,0.48,0.04,0.24,21,0.62,459,11.9,1865.1,3.72,78.6
format-code-task-001365,4,4,4,0,0,4.024,3.186,4.98,0.7,0.39,0.36,100,1.79,1208,10.9,599.8,1.49,94.9
format-code-task-001366,4,4,4,0,0,2.008,1.226,4.67,0.95,0.45,0.39,92,1.01,656,12.8,435.6,1.71,212.2
format-code-task-001367,4,4,4,0,0,1.654,0.833,2.4,1.1,0.49,0.3,15,0.86,470,5.5,109.0,1.98,55.9
format-code-task-001368,4,4,4,0,0,1.031,0.353,1.98,0.23,0.02,0.41,0,0.66,100,4.4,93.9,0.13,80.6
format-code-task-001369,4,4,4,0,0,0.974,0.363,2.01,0.19,0.01,0.4,0,0.61,109,8.0,247.2,0.36,167.8
format-code-task-001371,4,4,4,0,0,0.997,0.372,1.96,0.3,0.01,0.32,0,0.61,116,8.6,113.4,0.23,125.6
format-code-task-001372,4,4,4,0,0,1.107,0.504,1.88,0.35,0.05,0.25,10,0.62,139,8.6,805.1,1.13,208.0
format-code-task-001373,4,4,4,0,0,1.129,0.383,1.91,0.28,0.01,0.4,0,0.75,95,4.4,367.2,5.89,44.8
format-code-task-001374,4,4,4,0,0,1.075,0.407,1.92,0.18,0.0,0.42,0,0.67,94,8.2,362.6,5.67,68.8
format-code-task-001375,4,4,4,0,0,1.859,1.209,2.49,0.7,0.32,0.27,16,0.61,150,8.2,179.7,0.67,85.2
format-code-task-001377,4,4,4,0,0,2.363,1.625,2.65,1.09,0.54,0.43,42,0.97,607,9.5,215.5,2.68,133.5
format-code-task-001378,4,4,4,0,0,5.744,4.575,3.71,1.37,0.66,0.35,92,1.32,982,43.5,333.8,2.0,131.5
format-code-task-001379,4,4,4,0,0,3.023,2.359,4.87,0.66,0.29,0.44,40,0.63,592,11.5,400.6,1.76,157.3
format-code-task-001380,4,4,4,0,0,2.536,1.316,2.4,1.13,0.58,0.43,74,1.18,1020,6.8,180.7,2.94,204.8
format-code-task-001381,4,4,4,0,0,1.593,0.85,2.71,0.84,0.31,0.29,13,0.8,331,11.4,161.7,1.96,187.4
format-code-task-001382,4,4,4,0,0,3.743,2.095,3.12,1.07,0.56,0.3,90,1.75,904,12.8,1006.6,7.5,181.3
format-code-task-001383,4,4,4,0,0,1.441,0.723,2.29,0.48,0.19,0.37,6,0.72,335,7.3,243.0,0.81,137.7
format-code-task-001384,4,4,4,0,0,4.471,3.776,2.07,0.99,0.37,0.09,17,0.68,98,33.9,242.6,2.76,50.7
format-code-task-001386,4,4,4,0,0,1.868,0.93,2.27,0.69,0.32,0.34,13,0.89,560,3.3,174.7,1.07,132.2
format-code-task-001387,4,4,4,0,0,8.0,6.684,3.6,1.48,0.7,0.29,263,5.03,895,402.5,799.6,17.32,167.1
format-code-task-001388,4,4,4,0,0,7.102,6.236,2.24,1.23,0.58,0.39,113,0.69,458,15.3,841.6,15.63,190.2
format-code-task-001389,4,4,4,0,0,3.408,2.127,3.01,1.04,0.49,0.34,80,1.68,815,6.6,437.9,3.41,212.4
format-code-task-001390,4,4,4,0,0,3.069,1.962,2.61,1.34,0.64,0.25,63,1.25,546,11.8,845.7,14.44,33.0
format-code-task-001391,4,4,4,0,0,4.086,2.465,2.7,1.53,0.75,0.28,102,1.8,599,4.7,204.9,3.9,47.3
format-code-task-001392,4,4,4,0,0,2.081,1.106,2.44,0.96,0.47,0.28,39,1.22,549,4.7,263.4,3.29,68.4
format-code-task-001393,4,4,4,0,0,1.048,0.418,1.8,0.2,0.01,0.39,0,0.62,101,9.9,125.3,0.12,50.4
format-code-task-001394,4,4,4,0,0,1.076,0.46,1.91,0.34,0.0,0.27,1,0.62,101,9.2,252.1,0.8,43.9
format-code-task-001395,4,4,4,0,0,1.934,1.094,3.79,0.72,0.34,0.41,47,1.0,705,8.0,526.0,1.15,171.9
format-code-task-001396,4,4,4,0,0,2.113,0.946,3.56,1.23,0.61,0.32,47,1.36,409,43.1,190.9,2.47,117.0
format-code-task-001397,4,4,4,0,0,0.987,0.354,1.93,0.21,0.0,0.43,0,0.61,109,7.9,406.3,2.31,119.8
format-code-task-001399,4,4,4,0,0,1.122,0.373,1.91,0.18,0.0,0.36,0,0.75,100,8.0,459.9,0.31,77.4
format-code-task-001400,4,4,4,0,0,0.977,0.365,1.97,0.18,0.01,0.39,0,0.62,106,5.5,209.2,0.21,162.5
format-code-task-001401,4,4,4,0,0,1.479,0.81,2.43,0.37,0.14,0.28,7,0.61,515,5.4,433.1,0.64,51.6
format-code-task-001402,4,4,4,0,0,2.587,2.04,2.06,0.94,0.15,0.17,4,0.63,170,13.8,411.3,4.07,167.7
format-code-task-001403,4,4,4,0,0,1.67,0.954,4.6,0.34,0.11,0.4,15,0.66,526,9.4,462.1,1.02,58.0
format-code-task-001404,4,4,4,0,0,1.555,0.599,1.92,0.44,0.04,0.38,5,0.62,202,12.0,355.9,1.37,130.6
format-code-task-001406,4,4,4,0,0,1.079,0.458,1.77,0.31,0.03,0.43,5,0.62,168,8.5,421.9,0.7,167.2
format-code-task-001408,4,4,4,0,0,2.637,1.952,2.16,0.67,0.11,0.3,2,0.69,522,9.1,336.3,2.56,101.6
format-code-task-001409,4,4,4,0,0,2.915,2.246,2.32,1.03,0.13,0.23,5,0.82,523,10.6,525.3,4.84,89.2
format-code-task-001410,4,4,4,0,2,8.0,7.988,12.53,1.47,0.47,0.26,178,0.71,1233,51.4,1069.2,13.4,173.3
format-code-task-001411,4,4,4,0,3,8.0,8.0,3.54,1.67,0.75,0.15,416,0.75,775,20.1,3604.3,32.98,64.0
format-code-task-001413,4,4,4,0,0,1.921,0.93,2.84,0.68,0.33,0.4,18,1.03,342,10.2,1069.9,21.14,201.5
format-code-task-001415,4,4,4,0,0,0.999,0.349,1.86,0.18,0.01,0.42,0,0.62,106,10.4,150.9,0.06,153.2
format-code-task-001416,4,4,4,0,0,0.985,0.381,1.95,0.41,0.06,0.38,2,0.61,126,9.6,65.2,0.26,65.2
format-code-task-001417,4,4,4,0,0,1.887,1.069,2.91,0.74,0.34,0.35,25,1.29,1015,6.4,561.9,1.5,221.7
format-code-task-001418,4,4,4,0,0,1.358,0.681,2.0,0.57,0.04,0.24,3,0.68,184,4.2,168.7,1.66,323.2
format-code-task-001419,4,4,4,0,0,6.426,5.875,2.3,1.26,0.41,0.33,99,0.68,408,6.7,812.5,16.09,5.5
format-code-task-001420,4,4,4,0,2,8.0,7.998,5.61,1.52,0.74,0.28,203,0.63,991,102.3,869.5,20.07,74.2
format-code-task-001421,4,4,4,0,0,1.453,0.787,2.09,0.74,0.2,0.24,3,0.68,145,7.8,97.0,1.02,54.1
format-code-task-001422,4,4,4,0,0,1.807,1.006,1.86,0.61,0.05,0.23,4,0.85,135,3.4,211.1,1.6,63.6
format-code-task-001423,4,4,4,0,0,1.827,1.167,3.12,0.74,0.31,0.42,11,0.66,580,10.0,303.4,0.97,49.4
format-code-task-001424,4,4,4,0,0,0.975,0.343,1.99,0.19,0.01,0.4,0,0.61,101,7.6,250.4,0.06,53.2
format-code-task-001425,4,4,4,0,0,0.955,0.361,1.82,0.19,0.01,0.4,0,0.61,101,8.7,214.8,0.11,109.1
format-code-task-001426,4,4,4,0,0,1.001,0.402,1.76,0.75,0.0,0.27,0,0.63,138,19.0,351.3,2.55,108.4
format-code-task-001427,4,4,4,0,0,1.499,0.782,1.9,0.3,0.02,0.36,0,0.62,108,5.6,227.3,1.14,167.6
format-code-task-001428,4,4,4,0,0,0.975,0.366,1.97,0.23,0.02,0.47,0,0.61,93,7.7,518.0,3.73,66.0
format-code-task-001429,4,4,4,0,4,8.0,7.996,3.69,1.54,0.59,0.17,232,0.9,811,232.9,489.4,13.44,143.6
format-code-task-001431,4,4,4,0,0,0.993,0.348,2.03,0.15,0.01,0.45,0,0.62,106,7.7,441.3,0.15,148.5
format-code-task-001432,4,4,4,0,0,1.14,0.364,1.8,0.21,0.01,0.35,0,0.62,98,3.4,139.8,0.2,70.8
format-code-task-001433,4,4,4,0,0,1.172,0.517,1.95,0.14,0.0,0.58,1,0.62,262,4.5,1166.7,5.55,73.5
format-code-task-001435,4,4,4,0,0,0.919,0.316,1.94,0.15,0.01,0.58,0,0.61,99,3.4,867.9,20.03,69.1
format-code-task-001436,4,4,4,0,0,3.541,2.18,4.5,1.16,0.56,0.37,96,1.83,1018,6.2,335.5,2.64,171.9
format-code-task-001437,4,4,4,0,0,1.792,1.127,2.18,0.57,0.25,0.22,16,0.62,171,9.2,280.8,0.87,88.5
format-code-task-001438,4,4,4,0,0,2.022,1.058,3.91,1.07,0.51,0.39,46,1.35,1605,12.7,268.5,1.5,146.4
format-code-task-001439,4,4,4,0,0,2.75,1.363,4.3,1.04,0.55,0.35,89,1.94,874,8.0,475.9,2.54,140.3
format-code-task-001440,4,4,4,0,0,1.414,0.698,2.38,0.7,0.26,0.36,6,0.71,433,10.0,139.2,1.34,170.2
format-code-task-001441,4,4,4,0,0,1.456,0.675,2.65,0.39,0.16,0.41,8,0.73,445,4.3,275.5,0.43,191.9
format-code-task-001442,4,4,4,0,0,1.553,0.754,2.2,0.57,0.24,0.36,12,0.84,403,4.3,377.0,0.81,107.3
format-code-task-001444,4,4,4,0,0,1.582,0.769,3.51,0.76,0.38,0.45,55,0.91,321,8.7,444.1,0.9,333.3
format-code-task-001445,4,4,4,0,0,2.179,1.15,3.0,0.85,0.41,0.36,34,1.1,421,15.2,366.8,3.32,147.9
format-code-task-001446,4,4,4,0,0,1.934,1.483,2.56,1.1,0.53,0.3,39,1.16,556,7.5,222.4,1.69,47.5
format-code-task-001447,4,4,4,0,0,4.295,2.671,3.35,1.36,0.66,0.3,114,2.17,964,5.8,331.1,2.77,132.4
format-code-task-001448,4,4,4,0,0,8.0,3.714,3.27,1.6,0.78,0.23,450,6.03,1172,305.4,690.3,4.35,97.3
format-code-task-001449,4,4,4,0,0,2.361,1.606,3.42,0.93,0.47,0.37,69,1.56,464,57.5,394.9,1.51,166.3
format-code-task-001450,4,4,4,0,0,4.133,2.5,2.93,1.08,0.57,0.26,181,1.76,696,5.6,803.9,2.76,70.3
format-code-task-001451,4,4,4,0,4,8.001,8.0,6.18,1.7,0.84,0.33,433,4.87,1584,48.8,613.9,12.59,168.6
format-code-task-001452,5,4,4,0,0,8.0,7.357,4.54,1.27,0.63,0.26,186,3.34,1474,1800.0,587.9,6.46,134.1
format-code-task-001453,4,4,4,0,1,8.0,8.0,5.55,1.61,0.82,0.62,428,2.39,1094,7.9,852.9,21.41,137.0
format-code-task-001455,4,4,4,0,0,1.317,0.618,2.33,0.68,0.16,0.42,10,0.76,321,28.1,216.4,0.92,172.3
format-code-task-001456,4,4,4,0,0,3.336,2.252,4.89,0.43,0.22,0.39,87,1.74,939,112.3,776.7,6.13,221.2
format-code-task-001457,4,4,4,0,0,1.739,1.055,2.79,0.47,0.16,0.38,7,0.67,579,9.7,132.9,0.6,35.2
format-code-task-001458,4,4,4,0,0,1.258,0.727,2.1,0.31,0.11,0.22,2,0.61,107,12.2,195.9,1.68,36.9
format-code-task-001459,4,4,4,0,0,3.654,2.911,2.66,0.68,0.25,0.27,11,0.74,146,81.5,107.3,0.24,97.9
format-code-task-001460,4,4,4,0,0,0.968,0.358,1.96,0.25,0.01,0.39,0,0.69,108,15.5,371.2,0.23,92.4
format-code-task-001461,4,4,4,0,0,1.004,0.355,1.99,0.15,0.01,0.5,0,0.62,99,8.8,389.3,0.15,60.0
format-code-task-001462,4,4,4,0,0,0.94,0.323,1.93,0.17,0.01,0.42,0,0.61,99,8.1,590.7,0.18,36.6
format-code-task-001463,4,4,4,0,0,2.538,1.343,3.44,0.96,0.46,0.37,60,1.55,499,55.1,651.3,1.43,205.9
format-code-task-001464,4,4,4,0,0,0.92,0.308,1.98,0.22,0.01,0.43,0,0.61,99,3.4,157.5,0.02,63.9
format-code-task-001465,4,4,4,0,0,1.611,0.823,2.49,0.85,0.41,0.37,28,0.91,856,6.5,367.5,1.36,125.5
format-code-task-001466,4,4,4,0,0,1.606,0.855,2.72,0.89,0.45,0.56,33,0.83,328,20.1,340.9,1.16,40.0
format-code-task-001467,4,4,4,0,0,3.037,2.423,2.08,0.88,0.19,0.16,8,0.67,242,69.3,402.2,1.67,201.1
format-code-task-001468,4,4,4,0,0,1.436,0.803,1.98,0.53,0.05,0.22,1,0.66,107,10.4,209.2,1.2,142.6
format-code-task-001469,4,4,4,0,0,1.069,0.437,1.96,0.21,0.0,0.38,1,0.64,108,5.5,634.5,0.38,149.3
format-code-task-001471,4,4,4,0,0,0.917,0.308,1.8,0.18,0.01,0.41,0,0.61,101,7.7,132.2,0.06,39.3
format-code-task-001472,4,4,4,0,0,1.81,0.894,2.42,0.73,0.34,0.34,23,1.0,371,45.1,405.8,1.11,71.1
format-code-task-001473,4,4,4,0,0,1.173,0.485,1.88,0.09,0.0,0.51,1,0.61,96,7.2,629.9,2.77,147.6
format-code-task-001474,4,4,4,0,0,0.977,0.367,1.87,0.13,0.01,0.6,1,0.61,106,6.2,794.0,12.82,62.5
format-code-task-001475,4,4,4,0,0,1.071,0.458,1.86,0.34,0.02,0.34,0,0.62,106,5.4,147.8,0.48,253.4
format-code-task-001476,4,4,4,0,0,1.161,0.397,1.83,0.23,0.02,0.4,0,0.66,96,8.0,115.3,0.12,108.1
format-code-task-001477,4,4,4,0,0,1.183,0.515,1.79,0.61,0.06,0.33,4,0.67,127,8.9,129.6,0.95,45.4
format-code-task-001478,4,4,4,0,0,1.287,0.62,1.85,0.45,0.04,0.35,7,0.65,222,26.5,711.2,1.97,63.8
format-code-task-001479,4,4,4,0,0,0.965,0.351,2.07,0.3,0.01,0.36,0,0.61,106,5.7,97.4,0.34,3.3
format-code-task-001480,4,4,4,0,0,1.094,0.423,2.04,0.31,0.02,0.33,0,0.62,95,4.5,179.2,0.28,112.6
format-code-task-001481,4,4,4,0,0,1.202,0.447,1.93,0.31,0.01,0.35,0,0.62,98,10.0,191.5,1.1,140.0
format-code-task-001482,4,4,4,0,0,1.221,0.404,2.04,0.31,0.01,0.35,0,0.62,110,8.8,143.3,0.37,260.8
format-code-task-001483,4,4,4,0,0,1.033,0.416,1.92,0.37,0.01,0.35,0,0.62,110,8.6,197.8,0.38,250.2
format-code-task-001484,4,4,4,0,0,1.44,0.453,2.02,0.26,0.01,0.36,0,0.62,109,4.5,437.2,0.44,203.2
format-code-task-001486,4,4,4,0,0,1.3,0.468,1.84,0.37,0.0,0.32,0,0.62,93,5.4,781.1,0.6,222.8
format-code-task-001487,4,4,4,0,0,1.106,0.476,1.78,0.43,0.01,0.26,0,0.62,99,8.9,149.4,1.0,111.6
format-code-task-001488,4,4,4,0,0,1.151,0.51,1.89,0.38,0.01,0.37,0,1.27,100,10.4,509.3,0.84,117.6
format-code-task-001489,4,4,4,0,0,1.128,0.407,1.86,0.22,0.0,0.38,0,0.75,114,20.7,350.0,0.24,151.0
format-code-task-001490,4,4,4,0,0,1.15,0.542,2.01,0.46,0.01,0.23,0,0.63,99,12.1,416.2,2.73,173.9
format-code-task-001491,4,4,4,0,0,1.211,0.601,1.93,0.44,0.0,0.23,0,0.62,100,9.7,127.6,1.6,126.8
format-code-task-001492,4,4,4,0,0,1.626,0.468,1.97,0.26,0.01,0.33,0,0.62,100,5.3,136.2,0.43,135.5
format-code-task-001493,4,4,4,0,0,1.037,0.4,2.0,0.4,0.01,0.57,0,0.64,106,9.0,190.2,0.56,100.5
format-code-task-001494,4,4,4,0,0,0.983,0.37,1.91,0.43,0.02,0.33,0,0.62,109,5.3,118.5,0.39,127.2
format-code-task-001495,4,4,4,0,0,1.092,0.375,1.92,0.26,0.01,0.51,1,0.71,103,7.7,1308.8,17.89,63.0
format-code-task-001497,4,4,4,0,0,1.05,0.383,1.88,0.39,0.01,0.33,0,0.89,97,4.3,116.8,0.71,72.0
format-code-task-001498,4,4,4,0,0,1.123,0.373,1.96,0.46,0.03,0.37,0,0.75,118,7.9,49.7,0.46,95.2
format-code-task-001499,4,4,4,0,0,1.157,0.404,2.02,0.25,0.01,0.34,0,0.76,101,5.4,149.9,0.36,75.1
format-code-task-001501,4,4,4,0,0,1.022,0.409,1.99,0.27,0.01,0.37,0,0.62,109,7.3,278.1,0.5,163.7
format-code-task-001502,4,4,4,0,0,1.062,0.428,1.92,0.39,0.01,0.42,0,0.62,108,5.4,233.9,0.58,347.7
format-code-task-001503,4,4,4,0,0,1.324,0.432,1.84,0.35,0.01,0.33,0,0.71,107,7.2,161.8,0.41,129.0
format-code-task-001504,4,4,4,0,0,1.11,0.441,2.0,0.5,0.01,0.31,0,1.0,108,5.6,164.5,0.97,260.1
format-code-task-001505,4,4,4,0,0,1.082,0.376,1.85,0.26,0.01,0.6,0,0.71,97,3.5,2051.8,19.2,32.5
format-code-task-001506,4,4,4,0,0,1.066,0.443,1.94,0.21,0.0,0.57,0,0.63,107,6.4,276.4,0.58,182.9
format-code-task-001507,4,4,4,0,0,1.061,0.449,1.97,0.23,0.0,0.46,0,0.62,109,7.7,989.6,6.03,244.0
format-code-task-001508,4,4,4,0,0,1.482,0.815,2.02,0.24,0.01,0.34,0,1.12,128,4.4,262.2,0.3,195.5
format-code-task-001510,4,4,4,0,0,1.016,0.402,1.96,0.31,0.01,0.38,0,0.62,107,10.0,220.3,0.51,178.9
format-code-task-001511,4,4,4,0,0,1.06,0.41,1.86,0.37,0.01,0.49,2,0.62,101,5.2,717.8,16.47,132.3
format-code-task-001512,4,4,4,0,0,1.042,0.426,1.9,0.32,0.01,0.39,0,0.62,96,6.8,227.9,0.61,123.7
format-code-task-001513,4,4,4,0,0,2.245,1.526,2.2,1.38,0.66,0.42,31,0.66,163,13.2,198.3,3.4,79.9
format-code-task-001514,4,4,4,0,0,1.602,0.983,2.08,0.71,0.13,0.19,2,0.7,131,58.2,332.7,2.2,133.4
format-code-task-001515,4,4,4,0,1,8.0,7.983,2.81,1.49,0.71,0.36,137,0.68,844,13.8,737.2,6.7,89.3
format-code-task-001516,4,4,4,0,3,8.0,8.0,3.4,1.72,0.86,0.21,221,4.86,991,10.2,1060.3,11.24,100.1
format-code-task-001517,4,4,4,0,0,1.562,0.773,2.9,0.4,0.18,0.38,17,0.87,564,9.3,407.0,0.67,118.6
format-code-task-001518,4,4,4,0,0,1.847,1.205,2.07,0.73,0.21,0.13,6,0.63,96,11.2,423.1,1.27,93.8
format-code-task-001519,4,4,4,0,0,1.161,0.581,2.04,0.38,0.01,0.33,0,0.63,110,9.8,216.4,0.54,107.2
format-code-task-001520,4,4,4,0,0,0.974,0.351,1.91,0.27,0.01,0.37,0,0.62,139,9.7,76.8,0.02,127.9
format-code-task-001521,4,4,4,0,0,5.203,4.586,3.5,1.43,0.72,0.27,145,0.62,590,11.0,406.4,6.11,105.4
format-code-task-001522,4,4,4,0,0,5.118,4.451,3.26,1.16,0.6,0.23,120,0.61,852,8.9,390.1,4.03,96.6
format-code-task-001523,4,4,4,0,0,1.005,0.354,1.93,0.16,0.01,0.42,0,0.61,95,3.5,287.8,0.5,36.5
format-code-task-001524,4,4,4,0,0,0.922,0.316,1.9,0.26,0.01,0.41,0,0.61,99,7.1,135.7,0.05,44.5
format-code-task-001525,4,4,4,0,0,0.92,0.306,1.98,0.3,0.02,0.4,0,0.61,96,7.8,141.6,0.03,46.8
format-code-task-001526,4,4,4,0,0,1.389,0.588,3.08,0.4,0.19,0.43,11,0.74,227,4.3,276.4,0.81,62.0
format-code-task-001527,4,4,4,0,1,8.0,6.528,4.05,1.65,0.84,0.08,1829,0.62,176,947.5,3325.6,29.09,183.6
format-code-task-001529,4,4,4,0,0,3.666,3.046,2.21,1.06,0.33,0.17,40,0.67,471,67.9,469.5,4.7,199.2
format-code-task-001530,4,4,4,0,0,1.001,0.388,1.91,0.24,0.02,0.43,1,0.62,135,4.3,141.4,0.48,166.2
format-code-task-001531,4,4,4,0,0,1.218,0.568,1.96,0.32,0.06,0.44,11,0.62,158,5.4,613.7,0.99,87.8
format-code-task-001532,4,4,4,0,0,1.419,0.713,2.13,0.52,0.13,0.27,13,0.62,159,8.4,397.9,1.69,401.4
format-code-task-001533,4,4,4,0,0,1.183,0.56,2.06,0.28,0.07,0.28,2,0.62,111,6.5,262.5,1.14,127.8
format-code-task-001534,4,4,4,0,0,1.797,0.951,2.26,0.28,0.09,0.55,7,0.61,755,7.4,1281.8,54.96,112.5
format-code-task-001535,4,4,4,0,0,1.367,0.695,2.36,0.83,0.34,0.42,10,0.76,360,16.6,136.5,1.11,135.2
format-code-task-001536,4,4,4,0,0,3.497,2.823,2.79,0.73,0.38,0.32,66,0.74,399,38.4,582.4,1.2,125.8
format-code-task-001537,4,4,4,0,0,1.59,0.864,3.2,0.81,0.19,0.29,13,0.89,315,37.9,436.4,1.47,127.4
format-code-task-001539,4,4,4,0,0,1.649,0.964,2.28,0.66,0.32,0.44,20,0.61,413,6.5,256.7,1.32,66.6
format-code-task-001540,4,4,4,0,0,8.0,6.075,2.04,1.73,0.61,0.19,12,18.37,109,944.1,2183.8,21.72,6.5
format-code-task-001541,4,4,4,0,0,1.689,0.794,3.18,0.67,0.33,0.38,24,0.92,325,23.2,254.8,0.75,170.2
format-code-task-001542,4,4,4,0,0,1.586,0.724,2.34,0.61,0.28,0.36,15,0.96,342,10.6,699.1,1.06,48.5
format-code-task-001543,4,4,4,0,0,1.646,0.997,1.99,0.65,0.09,0.26,14,0.83,272,12.7,339.4,1.2,243.7
format-code-task-001544,4,4,4,0,0,1.024,0.397,1.98,0.21,0.01,0.45,0,0.61,108,4.9,234.5,0.9,124.0
format-code-task-001546,4,4,4,0,0,1.549,0.734,2.55,0.89,0.37,0.33,14,539.6,367,41.8,72.8,0.1,99.3
format-code-task-001547,4,4,4,0,0,1.118,0.456,2.05,0.21,0.03,0.36,1,0.66,99,7.2,691.3,0.22,58.7
format-code-task-001548,4,4,4,0,0,1.212,0.581,2.11,0.89,0.4,0.15,24,0.62,137,10.6,532.8,1.49,47.7
format-code-task-001549,4,4,4,0,2,8.0,8.0,2.73,0.97,0.44,0.31,81,0.63,999,20.6,772.4,3.36,242.8
format-code-task-001550,4,4,4,0,0,1.563,0.897,1.94,0.35,0.04,0.28,2,0.65,120,13.5,1011.6,0.84,174.8
format-code-task-001551,4,4,4,0,0,1.105,0.654,1.98,0.13,0.01,0.44,2,0.63,99,3.6,1947.7,14.48,78.6
format-code-task-001552,4,4,4,0,0,1.157,0.556,1.92,0.27,0.03,0.42,4,0.62,195,8.0,277.1,2.16,106.5
format-code-task-001553,4,4,4,0,0,1.502,0.895,2.19,0.66,0.09,0.21,6,0.61,315,18.0,137.2,1.86,56.0
format-code-task-001554,4,4,4,0,0,1.867,0.897,2.59,0.64,0.27,0.29,16,0.95,421,7.4,261.0,2.63,55.3
format-code-task-001555,4,4,4,0,0,0.961,0.344,1.89,0.27,0.02,0.37,0,0.61,98,4.5,73.9,0.07,47.2
format-code-task-001556,4,4,4,0,0,1.014,0.352,2.03,0.2,0.01,0.41,0,0.64,104,15.4,228.7,0.18,111.7
format-code-task-001558,4,4,4,0,0,1.116,0.357,1.97,0.4,0.08,0.54,4,0.75,126,8.0,104.3,0.14,38.0
format-code-task-001559,4,4,4,0,0,1.1,0.369,1.97,0.35,0.08,0.56,3,0.75,126,7.7,147.3,0.4,43.5
format-code-task-001560,4,4,4,0,0,1.174,0.562,1.98,0.12,0.01,0.43,1,0.62,165,8.0,756.2,0.08,93.6
format-code-task-001561,4,4,4,0,0,1.064,0.387,1.82,0.14,0.0,0.49,0,0.62,110,5.5,623.7,0.37,153.7
format-code-task-001562,4,4,4,0,0,1.333,0.62,2.42,0.56,0.25,0.49,14,0.75,287,10.5,215.2,0.63,170.8
format-code-task-001563,4,4,4,0,0,1.53,0.824,2.64,0.38,0.17,0.35,12,0.84,521,8.5,379.6,0.47,143.3
format-code-task-001564,4,4,4,0,0,1.912,1.074,2.33,0.57,0.2,0.33,7,0.8,285,7.2,259.7,0.81,103.7
format-code-task-001565,4,4,4,0,0,1.374,0.576,2.35,0.44,0.2,0.42,7,0.75,341,8.0,173.4,0.61,70.8
format-code-task-001566,4,4,4,0,0,3.365,2.395,3.06,1.0,0.5,0.38,195,1.84,670,9.3,761.9,6.1,65.4
format-code-task-001567,4,4,4,0,1,8.0,7.998,2.12,0.73,0.04,0.21,3,0.98,374,5.2,399.9,4.52,70.7
format-code-task-001568,4,4,4,0,0,3.959,2.999,2.09,0.6,0.03,0.19,4,0.98,189,14.3,611.9,5.07,105.6
format-code-task-001571,4,4,4,0,0,0.996,0.382,1.99,0.13,0.0,0.47,1,0.62,100,9.9,763.5,0.47,88.5
format-code-task-001572,4,4,4,0,0,5.884,5.215,2.29,0.56,0.18,0.35,32,0.63,764,11.4,685.5,19.34,97.2
format-code-task-001573,4,4,4,0,0,2.434,1.788,2.2,0.58,0.19,0.3,22,0.71,477,29.8,538.0,2.03,190.6
format-code-task-001574,4,4,4,0,0,1.285,0.616,1.8,0.35,0.0,0.29,0,0.7,108,31.6,307.2,1.19,204.1
format-code-task-001575,4,4,4,0,0,2.508,1.501,3.56,0.97,0.48,0.43,79,1.23,879,5.6,347.2,3.31,114.7
format-code-task-001576,4,4,4,0,0,2.201,1.473,2.06,0.6,0.16,0.29,2,0.64,111,18.4,223.5,1.26,226.5
format-code-task-001578,4,4,4,0,0,1.728,0.943,3.87,0.93,0.44,0.38,22,0.86,463,7.1,115.1,2.07,165.4
format-code-task-001579,4,4,4,0,0,2.633,1.367,2.69,0.84,0.41,0.35,56,1.22,1653,3.5,576.8,3.62,103.4
format-code-task-001580,4,4,4,0,0,2.05,1.057,3.94,1.13,0.52,0.38,35,1.03,712,13.1,205.7,1.85,126.3
format-code-task-001581,4,4,4,0,0,3.267,1.902,2.57,0.95,0.35,0.23,62,1.78,1587,28.9,637.7,4.17,125.5
format-code-task-001582,4,4,4,0,0,2.41,1.407,2.98,1.25,0.58,0.32,35,1.38,426,8.8,128.9,2.71,48.6
format-code-task-001583,4,4,4,0,0,1.584,0.837,3.16,0.55,0.26,0.39,16,0.85,329,9.4,354.1,0.54,41.8
format-code-task-001584,4,4,4,0,0,1.036,0.416,1.84,0.56,0.0,0.22,0,0.62,109,5.5,524.4,2.18,130.9
format-code-task-001587,4,4,4,0,0,1.136,0.378,1.88,0.25,0.01,0.33,0,0.76,96,7.5,243.4,0.38,41.1
format-code-task-001589,4,4,4,0,0,6.17,5.722,4.12,1.25,0.63,0.19,277,0.86,2304,30.3,2325.7,13.65,94.8
format-code-task-001590,4,4,4,0,0,1.022,0.407,1.88,0.28,0.01,0.35,0,0.62,110,4.6,103.4,0.54,135.1
format-code-task-001591,4,4,4,0,0,4.662,2.158,3.94,0.94,0.47,0.34,110,3.07,772,73.0,470.6,2.46,129.2
format-code-task-001592,4,4,4,0,0,4.054,2.541,3.32,0.92,0.48,0.32,72,1.52,761,10.2,461.1,1.77,115.6
format-code-task-001593,4,4,4,0,0,3.339,1.694,4.84,0.9,0.47,0.39,81,1.77,1347,9.7,698.5,3.18,192.2
format-code-task-001594,4,4,4,0,0,7.22,4.671,6.69,1.35,0.68,0.38,230,2.86,1341,122.5,617.8,3.48,210.0
format-code-task-001595,4,4,4,0,0,7.036,4.187,3.48,1.28,0.64,0.31,233,3.66,730,123.7,655.7,5.67,142.4
format-code-task-001596,4,4,4,0,0,8.0,5.112,4.69,1.57,0.77,0.4,281,3.38,1355,13.8,592.1,5.73,171.6
format-code-task-001597,4,4,4,0,0,2.095,0.95,4.22,0.84,0.39,0.43,76,1.55,471,86.0,711.4,1.33,140.7
format-code-task-001598,4,4,4,0,0,2.374,1.191,3.5,1.48,0.73,0.35,84,1.44,803,67.6,150.3,3.19,125.5
format-code-task-001599,4,4,4,0,0,1.103,0.467,1.93,0.36,0.01,0.42,0,0.64,98,13.0,555.3,2.14,82.1
format-code-task-001600,4,4,4,0,0,1.681,0.783,2.11,0.31,0.08,0.28,1,0.62,152,5.6,214.1,0.28,143.0
format-code-task-001601,4,4,4,0,0,1.431,0.74,1.96,0.77,0.04,0.29,5,0.63,266,229.2,221.3,1.37,134.8
format-code-task-001602,4,4,4,0,0,1.593,0.97,2.21,0.79,0.04,0.3,10,0.63,481,20.6,597.9,4.25,202.3
format-code-task-001603,4,4,4,0,0,2.178,1.47,2.03,0.91,0.03,0.24,5,0.62,314,343.2,271.3,1.48,139.8
format-code-task-001605,4,4,4,0,0,1.097,0.464,1.92,0.17,0.01,0.47,0,0.62,104,3.4,739.6,0.25,34.9
format-code-task-001606,4,4,4,0,0,1.285,0.68,2.25,0.91,0.3,0.19,18,0.61,221,9.7,124.3,2.8,57.9
format-code-task-001607,4,4,4,0,0,1.148,0.381,1.95,0.26,0.01,0.4,0,0.75,102,3.3,108.7,0.23,42.3
format-code-task-001608,4,4,4,0,1,8.0,8.0,1.98,0.79,0.07,0.12,17,0.75,192,11.3,564.2,4.77,78.0
format-code-task-001609,4,4,4,0,0,0.94,0.331,1.99,0.23,0.01,0.38,0,0.61,99,3.3,123.4,0.06,42.5
format-code-task-001611,4,4,4,0,0,4.904,4.298,2.12,1.21,0.24,0.13,15,0.62,432,4.5,740.8,4.93,133.2
format-code-task-001612,4,4,4,0,0,1.876,1.256,1.93,0.66,0.06,0.19,4,0.62,358,6.6,299.2,1.81,63.4
format-code-task-001614,4,4,4,0,0,2.014,1.258,1.91,0.87,0.09,0.39,11,0.76,469,9.3,552.2,4.6,34.5
format-code-task-001615,4,4,4,0,0,1.064,0.4,1.91,0.67,0.01,0.1,0,0.67,95,8.9,242.3,2.3,112.0
format-code-task-001616,4,4,4,0,0,1.004,0.397,1.98,0.76,0.0,0.07,2,0.61,107,43.5,737.4,7.18,134.2
format-code-task-001617,4,4,4,0,0,0.96,0.334,1.85,0.16,0.01,0.48,0,0.62,134,4.8,363.0,0.15,131.0
format-code-task-001618,4,4,4,0,0,1.163,0.394,2.02,0.34,0.02,0.35,0,0.78,106,7.8,81.2,0.27,38.9
format-code-task-001620,4,4,4,0,0,1.528,0.875,4.22,1.09,0.56,0.25,370,0.63,256,12.9,1226.9,13.52,258.1
format-code-task-001621,4,4,4,0,0,2.608,1.53,2.15,0.51,0.14,0.21,7,0.98,228,75.8,188.8,0.06,33.8
format-code-task-001622,4,4,4,0,0,0.981,0.344,1.9,0.16,0.01,0.42,0,0.64,104,3.4,266.7,0.1,55.1
format-code-task-001623,4,4,4,0,0,1.483,0.741,2.7,0.59,0.28,0.4,13,0.77,473,3.1,237.9,0.62,191.1
format-code-task-001624,4,4,4,0,0,1.155,0.575,1.9,0.22,0.01,0.44,1,0.63,137,4.6,816.6,0.58,143.3
format-code-task-001625,4,4,4,0,0,3.834,3.504,2.88,1.25,0.59,0.32,53,0.64,585,29.3,770.6,19.67,271.4
format-code-task-001626,4,4,4,0,0,0.98,0.375,1.87,0.1,0.0,0.46,1,0.62,102,7.5,558.3,0.24,65.7
format-code-task-001627,4,4,4,0,0,1.103,0.494,1.97,0.18,0.01,0.33,0,0.61,99,7.8,357.2,0.44,57.5
format-code-task-001628,4,4,4,0,0,3.566,2.224,3.42,1.11,0.57,0.43,110,1.58,1055,8.4,566.2,2.83,139.8
format-code-task-001629,4,4,4,0,0,4.348,3.62,2.72,1.26,0.37,0.15,37,0.8,1103,6.7,425.9,3.4,65.0
format-code-task-001630,4,4,4,0,0,3.592,3.502,4.4,1.16,0.19,0.16,37,0.81,529,9.1,1460.5,17.99,59.4
format-code-task-001631,4,4,4,0,0,4.994,4.579,3.97,1.25,0.24,0.12,53,0.68,1008,7.7,718.9,5.67,58.7
format-code-task-001632,6,4,6,0,2,8.0,8.0,11.01,1.2,0.55,0.34,102,0.64,3025,32.1,351.8,1.82,118.3
format-code-task-001633,4,4,4,0,0,8.0,7.235,3.77,1.21,0.51,0.25,271,4.82,3098,73.6,1166.0,4.7,68.5
format-code-task-001635,4,4,4,0,0,1.17,0.556,1.86,0.22,0.0,0.45,1,0.62,109,9.3,570.8,0.33,103.1
format-code-task-001636,4,4,4,0,2,8.0,8.0,4.18,1.59,0.71,0.22,105,1.1,2577,167.2,290.7,1.62,191.3
format-code-task-001637,4,4,4,0,0,1.874,1.037,3.31,1.02,0.47,0.35,28,0.99,653,6.8,196.6,1.52,139.3
format-code-task-001638,4,4,4,0,0,1.044,0.406,2.03,0.44,0.01,0.3,0,0.62,134,10.7,155.5,1.07,121.7
format-code-task-001639,4,4,4,0,0,1.354,0.737,1.9,0.26,0.0,0.33,1,0.62,117,20.7,441.6,1.19,118.2
format-code-task-001640,4,4,4,0,0,0.975,0.363,1.99,0.22,0.0,0.39,0,0.62,107,6.6,292.7,0.31,115.7
format-code-task-001641,4,4,4,0,0,0.966,0.358,1.82,0.16,0.0,0.38,0,0.61,97,7.3,342.2,0.28,53.2
format-code-task-001642,4,4,4,0,0,1.18,0.529,1.88,0.08,0.01,0.57,3,0.66,128,7.4,704.0,16.95,69.4
format-code-task-001643,4,4,4,0,0,1.31,0.561,2.25,0.31,0.14,0.51,9,0.81,250,604.2,556.9,7.53,43.0
format-code-task-001644,4,4,4,0,0,0.906,0.314,1.88,0.21,0.01,0.42,0,0.61,108,4.1,212.6,0.01,68.3
format-code-task-001645,4,4,4,0,0,1.039,0.37,1.91,0.13,0.0,0.37,0,0.68,98,7.7,626.7,0.15,38.2
format-code-task-001647,4,4,4,0,0,1.017,0.314,1.98,0.26,0.02,0.42,0,0.7,101,3.2,72.9,0.02,45.8
format-code-task-001648,4,4,4,0,0,1.04,0.426,1.76,0.63,0.0,0.46,1,0.62,102,9.1,1034.6,6.98,119.9
format-code-task-001649,4,4,4,0,0,1.441,0.588,2.0,0.21,0.03,0.4,0,0.9,119,9.2,316.5,0.46,132.4
format-code-task-001650,4,4,4,0,0,1.105,0.418,1.87,0.22,0.02,0.44,0,0.66,98,8.1,124.9,0.23,38.2
format-code-task-001651,4,4,4,0,0,1.304,0.448,1.98,0.22,0.04,0.51,6,0.69,146,10.5,555.7,0.38,161.1
format-code-task-001652,4,4,4,0,0,1.931,0.763,2.1,0.57,0.22,0.35,1,1.45,114,14.7,231.3,1.44,275.6
format-code-task-001653,4,4,4,0,0,1.024,0.356,1.98,0.24,0.02,0.43,0,0.66,98,7.0,161.8,2.38,36.3
format-code-task-001654,4,4,4,0,0,1.239,0.619,1.88,0.26,0.01,0.37,0,0.62,108,22.3,259.7,0.1,161.2
format-code-task-001655,4,4,4,0,0,1.058,0.425,1.9,0.19,0.01,0.43,0,0.62,109,4.0,433.0,0.14,115.4
format-code-task-001656,4,4,4,0,0,4.89,4.228,3.57,1.0,0.46,0.22,38,0.66,590,9.9,210.3,1.84,127.3
format-code-task-001657,4,4,4,0,0,1.59,0.744,3.47,0.95,0.48,0.42,46,1.1,315,33.2,298.1,1.0,95.8
format-code-task-001659,4,4,4,0,0,1.082,0.465,1.97,0.69,0.01,0.12,1,0.61,121,3.5,218.0,2.87,65.8
format-code-task-001660,4,4,4,0,0,1.475,0.857,1.98,0.81,0.08,0.26,1,0.62,110,7.8,300.8,1.49,111.8
format-code-task-001661,4,4,4,0,0,0.939,0.335,2.02,0.23,0.02,0.42,0,0.61,98,7.7,129.7,0.47,36.9
format-code-task-001662,4,4,4,0,0,3.583,2.169,4.0,0.89,0.48,0.35,147,2.33,513,17.5,988.8,5.39,168.4
format-code-task-001663,4,4,4,0,0,4.694,2.958,2.95,1.39,0.66,0.34,94,1.89,1073,78.8,303.2,3.08,151.2
format-code-task-001664,4,4,4,0,0,2.046,1.243,3.35,0.77,0.33,0.41,50,1.17,467,11.1,420.7,2.67,163.8
format-code-task-001666,4,4,4,0,0,1.303,0.642,1.95,0.83,0.0,0.22,2,0.7,114,174.7,870.4,7.15,155.5
format-code-task-001667,4,4,4,0,0,2.301,1.627,1.89,0.93,0.01,0.08,4,0.65,125,88.7,1206.7,12.1,182.4
format-code-task-001669,4,4,4,0,0,1.46,0.541,3.19,0.63,0.25,0.33,10,0.76,321,7.3,186.2,0.34,58.1
format-code-task-001670,4,4,4,0,0,1.163,0.526,2.84,0.57,0.21,0.17,44,0.61,311,29.1,437.3,2.59,43.9
format-code-task-001671,4,4,4,0,0,1.135,0.507,2.0,0.14,0.0,0.51,0,0.62,103,8.3,805.9,2.56,46.2
format-code-task-001672,4,4,4,0,0,1.551,0.886,2.47,0.63,0.2,0.31,3,0.67,514,10.3,224.0,1.55,148.2
format-code-task-001673,4,4,4,0,0,1.071,0.413,1.97,0.37,0.01,0.34,0,0.66,96,7.5,107.1,0.35,46.1
format-code-task-001674,4,4,4,0,0,1.245,0.599,1.91,0.44,0.0,0.32,1,0.62,108,12.5,925.4,1.58,174.1
format-code-task-001675,4,4,4,0,0,0.926,0.311,1.83,0.09,0.0,0.53,0,0.61,100,7.8,550.3,0.14,26.4
format-code-task-001677,4,4,4,0,0,0.993,0.383,1.67,0.22,0.01,0.4,0,0.61,98,7.6,149.3,1.53,37.2
format-code-task-001678,4,4,4,0,0,1.105,0.444,1.96,0.31,0.03,0.38,0,0.66,99,9.2,170.5,0.37,45.1
format-code-task-001679,4,4,4,0,0,1.102,0.486,1.92,0.33,0.08,0.39,1,0.72,99,3.5,492.1,0.27,39.2
format-code-task-001680,4,4,4,0,0,1.017,0.397,1.96,0.17,0.0,0.57,1,0.62,111,6.9,774.4,12.29,240.9
format-code-task-001681,4,4,4,0,0,3.972,2.727,3.12,1.24,0.62,0.35,112,1.62,924,10.8,360.4,6.39,138.6
format-code-task-001682,4,4,4,0,0,1.45,0.823,2.01,0.25,0.05,0.36,1,0.62,100,64.1,215.9,0.25,127.9
format-code-task-001683,4,4,4,0,0,1.347,0.732,1.93,0.28,0.02,0.23,6,0.62,159,50.9,762.1,2.72,169.4
format-code-task-001684,4,4,4,0,0,0.945,0.322,2.18,0.38,0.13,0.27,6,0.62,180,5.3,232.4,0.45,78.4
format-code-task-001685,4,4,4,0,0,5.099,3.799,3.11,1.37,0.68,0.33,88,2.18,482,6.4,471.5,4.16,140.5
format-code-task-001686,4,4,4,0,0,1.538,0.742,1.95,0.7,0.11,0.28,8,0.71,449,9.0,147.9,1.12,61.8
format-code-task-001687,4,4,4,0,0,4.379,3.932,1.99,0.66,0.04,0.18,10,0.63,433,147.0,555.2,1.98,171.5
format-code-task-001688,4,4,4,0,0,1.644,1.028,1.86,0.35,0.07,0.22,9,0.63,392,17.7,332.1,0.47,136.3
format-code-task-001689,4,4,4,0,0,2.659,2.057,2.4,0.72,0.12,0.19,13,0.62,378,10.3,352.4,2.04,92.2
format-code-task-001690,4,4,4,0,0,1.189,0.574,2.01,0.52,0.06,0.27,3,0.61,436,10.4,153.3,0.8,132.9
format-code-task-001691,4,4,4,0,0,1.372,0.75,1.99,0.53,0.05,0.24,6,0.62,562,10.1,447.2,1.97,230.0
format-code-task-001692,4,4,4,0,0,1.49,0.484,1.96,0.43,0.06,0.41,3,0.73,316,7.4,186.1,1.25,68.2
format-code-task-001694,4,4,4,0,0,1.712,0.918,3.88,0.58,0.26,0.33,18,1.07,396,65.5,762.3,4.6,208.6
format-code-task-001695,4,4,4,0,0,1.92,1.259,3.21,1.76,0.88,0.85,2043,0.67,190,7.6,3567.0,30.84,69.1
format-code-task-001696,4,4,4,0,0,1.881,1.237,2.12,0.81,0.29,0.22,6,0.66,95,31.6,192.8,0.49,58.4
format-code-task-001697,4,4,4,0,0,1.668,0.818,2.71,0.99,0.39,0.36,21,0.96,670,14.1,152.5,1.02,6.9
format-code-task-001698,4,4,4,0,1,8.0,7.996,2.44,0.62,0.3,0.48,95,0.73,535,9.0,1688.3,15.13,74.0
format-code-task-001699,4,4,4,0,0,3.684,2.371,2.92,1.46,0.73,0.32,109,1.61,643,6.6,1435.1,17.92,53.1
format-code-task-001700,4,4,4,0,0,3.879,2.476,2.6,0.7,0.34,0.37,43,1.64,518,8.2,352.8,2.12,141.3
format-code-task-001701,4,4,4,0,0,1.006,0.386,1.99,0.07,0.0,0.63,0,0.62,113,4.2,832.5,3.03,135.1
format-code-task-001702,4,4,4,0,0,1.038,0.407,1.93,0.12,0.0,0.55,0,0.62,105,5.4,610.0,0.13,145.9
format-code-task-001703,4,4,4,0,0,1.039,0.362,1.96,0.26,0.01,0.41,0,0.66,100,4.0,91.7,0.11,32.3
format-code-task-001705,4,4,4,0,0,6.288,3.606,3.28,1.21,0.63,0.38,129,3.32,852,10.0,336.8,4.68,156.0
format-code-task-001706,4,4,4,0,0,6.232,4.027,4.0,1.27,0.63,0.37,142,2.35,1612,10.5,565.8,4.06,249.8
format-code-task-001708,4,4,4,0,0,1.08,0.421,1.93,0.35,0.01,0.26,0,0.66,119,7.2,486.0,0.92,46.3
format-code-task-001709,4,4,4,0,0,1.035,0.369,1.78,0.2,0.0,0.33,0,0.67,99,6.5,247.0,0.31,43.0
format-code-task-001710,4,4,4,0,0,0.912,0.34,1.92,0.13,0.0,0.43,0,0.61,99,7.3,249.3,0.11,33.7
format-code-task-001711,4,4,4,0,0,0.945,0.339,1.85,0.16,0.0,0.44,1,0.61,94,3.5,524.4,0.1,47.4
format-code-task-001712,4,4,4,0,0,2.037,1.054,3.01,0.64,0.29,0.36,27,1.07,396,10.0,300.9,1.1,31.7
format-code-task-001713,4,4,4,0,0,2.054,0.991,2.88,0.71,0.31,0.39,19,1.05,383,11.7,382.9,2.02,34.1
format-code-task-001714,4,4,4,0,0,3.221,1.585,3.89,1.18,0.63,0.35,121,1.92,1099,17.2,487.4,2.86,166.1
format-code-task-001715,4,4,4,0,0,8.001,7.944,2.19,1.26,0.51,0.14,21,1.74,1146,230.8,212.6,0.32,148.9
format-code-task-001716,4,4,4,0,0,1.032,0.42,1.97,0.11,0.01,0.62,0,0.62,134,3.6,1973.4,18.89,133.8
format-code-task-001717,4,4,4,0,0,3.269,1.795,3.65,1.35,0.68,0.34,99,1.85,1694,17.9,353.8,2.45,112.0
format-code-task-001718,4,4,4,0,0,8.0,7.357,3.16,1.79,0.88,0.22,471,4.84,1027,11.3,872.5,10.6,81.2
format-code-task-001719,4,4,4,0,0,7.457,4.93,3.99,1.18,0.57,0.64,266,3.89,780,295.9,548.1,1.35,202.0
format-code-task-001720,4,4,4,0,0,7.012,5.109,3.07,1.19,0.61,0.33,139,3.12,1309,6.6,551.4,3.58,147.1
format-code-task-001721,4,4,4,0,0,2.043,1.273,2.65,0.7,0.37,0.34,21,1.11,937,7.4,241.1,1.87,265.1
format-code-task-001722,4,4,4,0,0,3.019,1.646,4.8,0.98,0.53,0.39,107,2.18,946,6.3,679.3,5.9,119.8
format-code-task-001723,4,4,4,0,0,2.871,1.423,3.14,1.43,0.67,0.33,75,1.65,1127,16.8,284.8,3.56,129.9
format-code-task-001724,4,4,4,0,0,2.728,1.581,3.79,1.46,0.66,0.31,85,2.51,2015,22.8,342.6,4.41,178.3
format-code-task-001725,4,4,4,0,0,2.785,1.643,3.46,1.38,0.69,0.34,151,2.16,509,11.0,760.3,4.92,94.4
format-code-task-001726,4,4,4,0,0,8.0,6.466,3.79,1.6,0.79,0.24,215,2.57,857,10.6,1783.4,20.11,52.0
format-code-task-001727,4,4,4,0,0,5.217,3.189,2.75,1.62,0.79,0.24,127,2.41,694,7.5,267.2,5.49,95.3
format-code-task-001728,4,4,4,0,0,2.417,1.38,2.98,0.78,0.4,0.33,41,1.24,512,8.9,312.2,2.1,47.9
format-code-task-001729,4,4,4,0,0,2.666,1.637,2.99,0.7,0.32,0.35,52,1.48,749,76.2,624.6,1.5,122.3
format-code-task-001732,4,4,4,0,0,4.949,3.038,4.98,1.23,0.64,0.36,116,1.91,1258,34.9,379.5,3.24,123.0
format-code-task-001733,4,4,4,0,0,6.547,4.558,5.35,1.33,0.68,0.37,154,2.24,1039,54.5,483.4,4.49,132.4
format-code-task-001734,4,4,4,0,0,3.572,2.21,3.81,1.55,0.75,0.35,116,1.79,1037,9.7,318.5,5.66,181.1
format-code-task-001735,4,4,4,0,0,2.784,1.671,2.89,1.33,0.63,0.36,80,1.53,912,69.5,204.8,1.25,100.3
format-code-task-001736,4,4,4,0,0,8.0,5.809,3.73,1.56,0.76,0.41,82,2.57,1782,6.9,257.3,6.59,116.0
format-code-task-001737,4,4,4,0,0,6.127,4.083,4.84,1.49,0.73,0.28,110,2.29,747,16.2,439.4,6.85,49.7
format-code-task-001738,4,4,4,0,0,2.034,0.889,2.61,0.89,0.46,0.34,74,1.52,394,44.9,479.6,3.19,153.8
format-code-task-001739,4,4,4,0,0,8.0,6.719,9.37,1.58,0.78,0.32,314,6.16,1097,7.6,819.1,7.2,124.6
format-code-task-001740,4,4,4,0,0,8.0,7.488,4.37,1.57,0.78,0.27,472,7.84,1287,15.5,1191.1,8.05,128.0
format-code-task-001741,4,4,4,0,0,4.121,2.916,3.4,1.59,0.81,0.32,200,2.22,752,7.8,413.9,8.77,61.6
format-code-task-001742,4,4,4,0,0,4.716,2.811,5.49,1.26,0.64,0.38,151,2.17,1138,10.1,580.1,6.98,167.8
format-code-task-001743,4,4,4,0,0,1.991,1.158,2.83,0.92,0.49,0.35,31,0.95,420,8.9,301.9,3.07,39.9
format-code-task-001744,4,4,4,0,0,2.119,1.07,3.27,0.66,0.34,0.34,28,1.06,419,53.9,225.6,1.09,80.2
format-code-task-001745,4,4,4,0,0,2.727,1.409,4.26,0.73,0.37,0.41,49,1.5,857,6.6,330.3,1.47,155.9
format-code-task-001746,4,4,4,0,0,1.55,0.745,2.48,0.5,0.21,0.51,20,1.03,418,48.1,547.9,1.53,115.5
format-code-task-001747,4,4,4,0,0,4.514,1.968,3.41,1.54,0.74,0.33,153,2.18,1088,62.7,371.9,4.38,273.1
format-code-task-001748,4,4,4,0,0,6.697,4.777,4.7,1.45,0.72,0.38,216,2.28,1208,11.4,578.5,10.62,246.2
format-code-task-001749,4,4,4,0,0,2.974,1.473,3.55,1.21,0.63,0.29,93,1.69,561,87.2,334.1,1.86,160.0
format-code-task-001750,4,4,4,0,4,8.0,8.0,3.77,1.3,0.41,0.28,343,2.62,217,9.1,1518.4,13.45,68.8
format-code-task-001751,4,4,4,0,0,1.919,1.165,2.86,0.83,0.4,0.37,24,0.9,601,4.6,187.1,1.99,106.0
format-code-task-001752,4,4,4,0,0,1.041,0.372,1.9,0.24,0.01,0.37,0,0.66,100,4.7,198.0,0.15,59.2
format-code-task-001753,4,4,4,0,0,4.241,3.257,2.91,1.47,0.71,0.09,293,1.44,1462,26.5,1487.2,16.77,150.5
format-code-task-001756,4,4,4,0,0,1.004,0.352,1.91,0.34,0.02,0.41,0,0.71,104,14.0,55.2,0.03,95.1
format-code-task-001757,4,4,4,0,0,1.052,0.435,1.9,0.2,0.01,0.51,0,0.61,137,4.5,473.2,3.63,119.6
format-code-task-001758,4,4,4,0,0,1.008,0.394,2.0,0.26,0.02,0.45,0,0.76,117,12.7,235.1,0.17,128.8
format-code-task-001759,4,4,4,0,0,3.03,1.905,4.32,1.33,0.66,0.42,98,1.26,1277,10.0,235.9,3.23,113.1
format-code-task-001760,4,4,4,0,0,0.947,0.339,1.89,0.26,0.01,0.26,0,0.61,103,7.6,253.3,0.22,44.7
format-code-task-001761,4,4,4,0,0,1.326,0.627,2.37,0.57,0.16,0.45,15,0.65,194,351.2,256.1,1.55,80.8
format-code-task-001762,4,4,4,0,0,0.933,0.312,1.99,0.22,0.01,0.43,0,0.61,101,7.6,149.8,0.08,86.3
format-code-task-001763,4,4,4,0,0,3.818,3.086,3.94,0.76,0.29,0.29,29,0.67,582,8.8,433.8,3.66,242.1
format-code-task-001764,4,4,4,0,0,2.778,1.846,3.04,1.3,0.62,0.28,42,1.43,572,7.6,194.4,3.9,40.6
format-code-task-001765,4,4,4,0,0,1.328,0.668,1.98,0.47,0.01,0.37,0,0.61,100,8.1,236.2,1.05,96.3
format-code-task-001766,4,4,4,0,0,1.625,0.727,3.12,0.68,0.29,0.37,16,0.94,298,22.6,304.1,2.38,110.0
format-code-task-001767,4,4,4,0,0,1.607,0.816,2.44,0.63,0.29,0.35,12,0.88,341,7.7,349.8,1.04,50.6
format-code-task-001768,4,4,4,0,0,2.061,0.931,2.51,1.05,0.41,0.17,53,1.24,771,54.8,331.8,3.92,139.6
format-code-task-001769,4,4,4,0,0,5.022,4.415,2.05,0.97,0.07,0.28,21,0.62,825,5.5,1352.5,18.02,40.7
format-code-task-001770,4,4,4,0,0,1.074,0.489,2.21,0.39,0.08,0.19,13,0.61,190,8.7,283.4,0.75,37.9
format-code-task-001771,4,4,4,0,0,1.245,0.501,1.96,0.19,0.01,0.33,0,0.77,106,3.3,259.4,0.16,95.7
format-code-task-001773,4,4,4,0,0,2.323,1.679,2.28,0.56,0.14,0.31,6,0.67,356,10.0,437.3,3.24,117.6
format-code-task-001774,4,4,4,0,0,1.796,0.887,4.15,0.63,0.31,0.39,30,0.94,558,12.8,476.1,1.73,123.9
format-code-task-001775,4,4,4,0,0,1.382,0.596,2.22,0.7,0.3,0.49,7,0.78,363,9.9,128.0,0.69,39.8
format-code-task-001776,4,4,4,0,0,2.817,1.654,2.79,1.29,0.63,0.37,52,1.34,734,12.9,187.1,1.43,119.5
format-code-task-001777,4,4,4,0,0,2.42,1.421,2.5,1.01,0.49,0.34,34,1.22,556,6.1,204.6,1.15,61.1
format-code-task-001778,4,4,4,0,0,2.743,1.53,3.57,1.16,0.58,0.37,117,2.09,994,14.4,762.3,2.35,245.0
format-code-task-001779,4,4,4,0,0,0.994,0.378,1.94,0.42,0.01,0.27,0,0.62,105,10.7,161.4,0.27,91.7
format-code-task-001780,4,4,4,0,0,2.439,1.791,4.14,0.92,0.48,0.45,75,1.59,436,16.4,943.2,10.4,133.4
format-code-task-001782,4,4,4,0,0,1.684,0.861,4.16,0.44,0.2,0.41,17,0.89,411,59.6,332.9,0.13,154.5
format-code-task-001783,4,4,4,0,0,1.192,0.454,1.94,0.25,0.03,0.43,4,0.62,200,10.9,369.0,2.53,197.1
format-code-task-001784,4,4,4,0,0,0.94,0.326,1.95,0.15,0.01,0.45,0,0.61,99,7.7,232.9,0.21,51.3
format-code-task-001785,4,4,4,0,0,1.168,0.54,2.05,0.56,0.17,0.36,3,0.62,108,8.0,270.7,1.33,141.7
format-code-task-001786,4,4,4,0,0,1.343,0.576,4.04,0.49,0.22,0.29,12,1.04,317,50.4,211.6,0.02,132.4
format-code-task-001787,4,4,4,0,0,1.554,0.772,3.37,0.85,0.43,0.41,35,0.92,346,24.3,245.0,1.13,183.9
format-code-task-001788,4,4,4,0,0,3.169,1.869,2.92,0.79,0.37,0.31,63,1.54,654,8.9,537.9,3.99,138.8
format-code-task-001790,4,4,4,0,0,4.272,3.577,2.01,0.66,0.11,0.32,5,0.72,160,16.2,476.1,2.16,117.9
format-code-task-001791,4,4,4,0,0,1.982,1.032,3.51,1.01,0.49,0.38,61,1.03,970,15.5,351.9,1.51,46.3
format-code-task-001793,4,4,4,0,0,0.974,0.361,1.97,0.25,0.02,0.41,0,0.61,98,7.6,218.7,0.08,44.3
format-code-task-001794,4,4,4,0,0,7.183,5.004,5.14,1.39,0.72,0.4,192,2.66,1303,297.2,130.2,0.02,113.9
format-code-task-001795,4,4,4,0,0,7.21,4.602,3.46,1.06,0.56,0.39,152,2.15,912,189.0,896.0,3.89,115.1
format-code-task-001796,4,4,4,0,0,1.398,0.615,2.06,0.29,0.04,0.33,1,0.92,107,16.8,274.0,0.14,126.9
format-code-task-001797,4,4,4,0,0,1.031,0.367,1.93,0.21,0.01,0.43,0,0.67,94,7.9,261.0,0.25,44.8
format-code-task-001798,4,4,4,0,0,2.518,1.25,4.21,0.92,0.5,0.34,58,1.43,489,12.1,372.6,2.08,114.6
format-code-task-001800,4,4,4,0,0,4.177,2.284,3.31,1.51,0.75,0.25,103,2.52,570,83.7,257.3,3.16,39.9
format-code-task-001801,4,4,4,0,0,1.136,0.541,1.95,0.4,0.0,0.28,0,0.62,99,17.6,293.9,0.51,144.0
format-code-task-001802,4,4,4,0,0,1.065,0.432,1.93,0.29,0.01,0.52,0,0.83,108,42.9,453.4,0.72,163.5
format-code-task-001803,4,4,4,0,0,7.181,6.576,2.49,1.56,0.8,0.17,371,0.61,160,40.2,884.1,12.78,52.1
format-code-task-001804,4,4,4,0,0,1.619,0.942,1.82,0.53,0.01,0.26,0,0.69,426,4.5,122.2,0.92,48.7
format-code-task-001808,4,4,4,0,0,1.343,0.643,1.97,0.32,0.06,0.37,1,0.66,95,6.4,205.1,0.35,44.3
format-code-task-001809,4,4,4,0,0,1.011,0.392,1.8,0.21,0.01,0.5,0,0.62,162,7.5,715.6,11.9,57.5
format-code-task-001810,4,4,4,0,0,1.1,0.35,1.9,0.36,0.02,0.35,0,0.75,98,7.8,75.8,1.17,47.0
format-code-task-001811,4,4,4,0,0,1.108,0.357,2.0,0.29,0.0,0.24,1,0.75,100,10.4,682.9,3.77,44.8
format-code-task-001813,4,4,4,0,0,1.05,0.447,2.03,0.38,0.04,0.41,0,0.61,100,3.7,63.2,0.38,87.6
format-code-task-001815,4,4,4,0,0,1.494,1.093,2.15,0.28,0.09,0.27,4,0.64,249,11.1,337.7,1.47,347.4
format-code-task-001816,4,4,4,0,1,8.0,7.999,2.58,0.98,0.2,0.53,9,0.71,264,8.8,463.2,0.68,98.8
format-code-task-001817,4,4,4,0,0,0.983,0.371,1.88,0.25,0.0,0.48,0,0.63,98,13.7,275.2,0.34,53.6
format-code-task-001818,4,4,4,0,0,1.55,0.9,2.04,0.43,0.07,0.26,2,0.63,108,20.1,335.6,2.82,148.8
format-code-task-001820,4,4,4,0,0,1.146,0.38,1.98,0.23,0.01,0.38,0,0.75,95,7.6,132.9,0.13,31.6
format-code-task-001824,4,4,4,0,0,1.357,0.854,1.96,0.72,0.05,0.27,6,0.76,206,10.2,344.3,4.06,63.6
format-code-task-001825,4,4,4,0,0,1.29,0.587,2.44,1.28,0.57,0.21,135,0.72,199,7.7,475.2,12.54,112.5
format-code-task-001826,4,4,4,0,0,2.258,1.162,3.92,0.8,0.39,0.35,63,1.32,436,14.9,439.4,1.17,64.1
format-code-task-001827,4,4,4,0,0,1.097,0.469,1.99,0.58,0.11,0.22,9,0.61,199,4.6,162.8,0.76,129.4
format-code-task-001828,4,4,4,0,0,1.551,0.8,3.0,0.65,0.21,0.37,17,0.83,295,8.0,426.9,1.88,62.9
format-code-task-001829,4,4,4,0,0,2.308,1.349,3.25,1.2,0.59,0.36,32,1.17,372,7.4,533.5,7.77,67.2
format-code-task-001830,4,4,4,0,0,1.08,0.34,1.9,0.19,0.02,0.44,0,0.72,98,3.9,117.5,0.04,93.8
format-code-task-001831,4,4,4,0,0,1.085,0.444,1.87,0.49,0.06,0.42,7,0.61,198,4.0,300.9,1.48,43.4
format-code-task-001832,4,4,4,0,0,1.07,0.464,2.01,0.6,0.07,0.43,7,0.61,189,7.4,388.2,2.82,94.8
format-code-task-001833,4,4,4,0,0,0.963,0.355,2.04,0.41,0.02,0.34,0,0.61,108,8.1,179.4,0.74,132.7
format-code-task-001834,4,4,4,0,0,1.022,0.393,1.92,0.22,0.03,0.55,4,0.62,136,6.8,356.5,0.25,119.8
format-code-task-001835,4,4,4,0,0,0.955,0.338,2.01,0.26,0.02,0.36,0,0.62,99,4.3,107.4,0.16,57.8
format-code-task-001836,4,4,4,0,0,6.166,5.496,1.94,0.66,0.0,0.17,2,0.65,103,4.1,1242.0,7.42,133.4
format-code-task-001837,4,4,4,0,0,1.302,0.468,2.02,0.23,0.01,0.44,0,0.61,108,7.9,148.8,0.2,132.9
format-code-task-001838,4,4,4,0,0,1.197,0.525,2.03,0.22,0.01,0.41,1,0.66,135,26.1,459.0,0.14,176.4
format-code-task-001839,4,4,4,0,0,2.232,1.556,2.06,0.84,0.08,0.22,3,0.67,100,7.6,369.1,1.78,78.7
format-code-task-001840,4,4,4,0,0,1.045,0.428,1.81,0.24,0.01,0.43,0,0.64,108,7.2,142.4,0.91,180.1
format-code-task-001841,4,4,4,0,0,1.098,0.468,1.99,0.28,0.01,0.41,0,0.62,109,7.3,407.2,0.59,132.6
format-code-task-001843,4,4,4,0,0,1.164,0.477,1.97,0.32,0.01,0.4,0,0.64,97,7.8,436.6,0.26,49.0
format-code-task-001844,4,4,4,0,0,1.848,0.931,3.57,0.89,0.34,0.38,31,1.33,487,12.3,621.2,2.32,212.5
format-code-task-001845,4,4,4,0,0,1.049,0.428,1.97,0.21,0.01,0.4,0,0.62,108,8.1,324.5,0.33,152.9
format-code-task-001846,4,4,4,0,0,1.269,0.628,2.62,0.3,0.13,0.5,21,0.8,308,5.8,876.1,0.87,62.0
format-code-task-001847,4,4,4,0,0,1.334,0.55,2.16,0.82,0.31,0.39,7,0.77,350,7.7,200.6,1.06,87.3
format-code-task-001848,4,4,4,0,0,1.441,0.715,2.24,0.37,0.19,0.5,26,0.87,295,10.7,1008.3,2.21,60.0
format-code-task-001849,4,4,4,0,0,0.969,0.331,1.91,0.14,0.01,0.44,0,0.61,98,8.9,273.9,0.13,40.9
format-code-task-001850,4,4,4,0,0,1.599,0.727,1.92,0.23,0.01,0.4,1,0.62,155,9.3,296.9,1.66,189.5
format-code-task-001853,4,4,4,0,0,1.312,0.637,1.99,0.19,0.01,0.44,0,0.68,109,30.9,610.7,8.0,104.3
format-code-task-001855,4,4,4,0,0,2.625,1.729,4.31,0.83,0.42,0.44,42,1.13,518,11.6,226.0,2.44,78.9
format-code-task-001856,4,4,4,0,1,8.0,8.0,3.63,1.47,0.65,0.26,235,0.64,1000,244.5,475.6,1.66,147.5
format-code-task-001857,4,4,4,0,0,0.992,0.352,1.88,0.12,0.01,0.48,0,0.61,93,8.0,220.7,1.79,58.5
format-code-task-001858,4,4,4,0,0,1.191,0.578,2.08,0.74,0.32,0.15,12,0.62,162,10.7,181.1,1.46,65.5
format-code-task-001859,4,4,4,0,0,1.833,0.589,2.02,0.41,0.05,0.23,6,0.61,196,14.6,245.9,1.08,199.0
format-code-task-001860,4,4,4,0,0,0.971,0.364,1.77,0.24,0.01,0.33,1,0.61,108,8.0,130.2,0.21,199.2
format-code-task-001861,4,4,4,0,0,1.024,0.409,1.91,0.71,0.01,0.15,0,0.62,105,16.5,173.6,1.62,145.0
format-code-task-001862,4,4,4,0,0,1.117,0.469,1.86,0.52,0.0,0.15,1,0.63,113,23.2,464.2,2.62,237.7
format-code-task-001863,4,4,4,0,0,1.418,0.732,2.52,0.56,0.19,0.36,34,0.65,197,15.1,609.1,1.8,129.7
format-code-task-001864,4,4,4,0,0,4.842,4.0,3.11,0.92,0.4,0.34,48,1.32,1107,6.1,393.4,6.69,140.9
format-code-task-001865,4,4,4,0,0,0.935,0.319,1.97,0.19,0.01,0.41,0,0.61,99,3.5,244.2,0.05,73.4
format-code-task-001866,4,4,4,0,0,3.348,2.104,4.5,1.1,0.54,0.34,121,1.84,1030,138.3,383.3,1.75,142.9
format-code-task-001868,4,4,4,0,0,0.941,0.337,1.71,0.16,0.01,0.39,0,0.61,99,8.9,180.4,0.62,38.4
format-code-task-001869,4,4,4,0,0,1.001,0.395,1.96,0.19,0.01,0.52,0,0.62,105,7.7,254.2,3.46,129.9
format-code-task-001870,4,4,4,0,0,1.09,0.325,1.92,0.32,0.02,0.36,0,0.75,108,3.5,127.0,0.06,30.3
format-code-task-001871,4,4,4,0,0,1.577,0.922,2.56,0.59,0.3,0.38,30,0.79,482,19.9,300.4,1.84,141.8
format-code-task-001872,4,4,4,0,0,2.609,1.961,2.23,0.74,0.2,0.3,14,0.61,317,9.0,316.8,1.9,91.3
format-code-task-001873,4,4,4,0,0,1.242,0.534,2.12,0.27,0.1,0.43,3,0.69,250,4.2,337.0,0.61,54.9
format-code-task-001874,4,4,4,0,0,2.174,1.476,3.28,0.53,0.22,0.45,13,0.62,879,5.4,385.9,0.56,155.5
format-code-task-001875,4,4,4,0,0,1.389,0.691,2.79,0.55,0.26,0.36,25,0.88,404,21.6,429.8,2.4,120.2
format-code-task-001876,4,4,4,0,0,1.072,0.368,1.88,0.54,0.0,0.31,0,0.71,107,7.9,304.5,1.3,37.6
format-code-task-001878,4,4,4,0,0,1.128,0.516,2.0,0.32,0.06,0.42,3,0.61,188,6.1,234.7,2.25,69.0
format-code-task-001879,4,4,4,0,0,0.927,0.313,2.09,0.23,0.03,0.45,0,0.61,99,4.5,221.7,0.03,49.6
format-code-task-001880,4,4,4,0,0,1.127,0.512,1.93,0.31,0.03,0.25,4,0.62,135,9.9,264.9,0.86,90.7
format-code-task-001881,4,4,4,0,0,1.691,0.814,3.9,0.59,0.27,0.43,27,0.94,660,28.0,594.7,1.67,47.9
format-code-task-001882,4,4,4,0,0,1.492,0.83,2.21,0.8,0.15,0.36,3,0.68,523,10.4,284.8,0.96,101.6
format-code-task-001883,4,4,4,0,0,1.656,0.792,2.6,0.39,0.06,0.37,3,0.69,560,5.5,249.7,0.27,84.4
format-code-task-001884,4,4,4,0,0,1.657,0.593,2.0,0.73,0.0,0.2,0,1.12,107,8.4,399.3,2.66,110.7
format-code-task-001886,4,4,4,0,0,1.202,0.596,1.85,0.37,0.04,0.29,6,0.61,316,9.7,393.2,1.32,60.5
format-code-task-001887,4,4,4,0,0,1.097,0.493,1.86,0.62,0.08,0.43,5,0.61,318,11.8,406.8,1.5,56.7
format-code-task-001889,4,4,4,0,0,1.713,1.009,2.15,0.29,0.07,0.31,8,0.66,148,5.1,533.4,5.05,61.8
format-code-task-001890,4,4,4,0,0,5.308,4.573,2.6,1.39,0.69,0.27,84,0.62,607,8.9,152.5,3.75,93.5
format-code-task-001891,4,4,4,0,0,0.992,0.366,1.98,0.29,0.01,0.37,0,0.62,99,7.0,129.6,0.4,76.8
format-code-task-001893,4,4,4,0,0,2.623,1.291,4.12,0.93,0.5,0.38,76,1.48,1076,95.9,432.0,1.37,140.4
format-code-task-001894,4,4,4,0,0,3.805,2.335,3.8,1.12,0.58,0.38,126,1.64,765,6.6,486.3,5.33,75.2
format-code-task-001895,4,4,4,0,0,7.606,5.563,4.56,1.22,0.64,0.39,152,2.94,1295,71.3,529.9,3.13,117.0
format-code-task-001896,4,4,4,0,0,0.945,0.34,1.99,0.14,0.01,0.45,0,0.61,101,7.9,209.7,0.14,42.8
format-code-task-001897,4,4,4,0,0,0.962,0.36,1.96,0.25,0.01,0.44,0,0.61,100,3.6,204.3,1.4,32.1
format-code-task-001898,4,4,4,0,0,1.953,1.259,2.07,0.63,0.19,0.2,55,0.81,108,10.4,1294.0,4.4,160.4
format-code-task-001899,4,4,4,0,0,1.205,0.492,2.12,0.33,0.12,0.46,3,0.71,263,3.3,250.6,0.86,52.4
format-code-task-001900,4,4,4,0,0,4.087,3.412,2.14,0.58,0.12,0.31,18,0.61,1715,50.9,546.1,1.76,59.7
format-code-task-001901,4,4,4,0,0,2.446,1.822,3.27,0.76,0.29,0.3,9,0.62,1390,10.2,99.5,0.85,154.1
format-code-task-001902,4,4,4,0,0,1.752,1.133,2.19,0.9,0.43,0.21,15,0.62,140,8.3,225.7,1.5,46.8
format-code-task-001903,4,4,4,0,0,2.332,1.38,2.28,0.73,0.32,0.45,37,1.25,390,5.6,1056.3,5.48,91.8
format-code-task-001904,4,4,4,0,0,1.055,0.431,1.98,0.24,0.03,0.35,1,0.61,102,8.1,172.3,0.26,121.5
format-code-task-001905,4,4,4,0,0,1.065,0.436,1.97,0.22,0.03,0.37,1,0.61,96,19.7,457.2,6.15,109.5
format-code-task-001906,4,4,4,0,0,1.062,0.441,2.0,0.26,0.03,0.34,1,0.61,99,5.1,248.9,0.27,41.2
format-code-task-001907,4,4,4,0,0,3.382,2.642,2.84,1.08,0.52,0.15,75,0.63,2347,30.1,392.5,3.68,196.0
format-code-task-001908,4,4,4,0,0,1.076,0.479,1.96,0.44,0.0,0.54,2,0.62,109,11.1,848.8,6.35,182.9
format-code-task-001909,4,4,4,0,0,1.506,0.851,2.07,0.96,0.36,0.22,4,0.62,525,11.8,77.6,1.2,110.0
format-code-task-001911,4,4,4,0,0,2.298,1.566,2.13,0.93,0.18,0.14,13,0.88,106,46.2,286.5,1.92,5.0
format-code-task-001913,4,4,4,0,0,2.71,1.608,3.91,0.98,0.51,0.39,51,1.3,1022,6.8,294.2,1.73,109.8
format-code-task-001914,4,4,4,0,0,1.007,0.374,2.06,0.31,0.07,0.33,3,0.62,125,4.3,222.7,0.41,39.9
format-code-task-001915,4,4,4,0,0,1.699,1.054,2.1,0.64,0.19,0.21,5,0.72,215,84.1,380.2,1.2,162.3
format-code-task-001916,4,4,4,0,0,4.081,3.273,2.12,1.26,0.18,0.15,34,0.78,172,7.6,3604.2,13.43,193.2
format-code-task-001917,4,4,4,0,0,1.277,0.609,1.99,0.11,0.01,0.58,0,0.64,111,9.5,693.8,5.17,136.6
format-code-task-001918,4,4,4,0,0,1.025,0.366,2.0,0.19,0.01,0.39,1,0.66,106,4.3,275.5,0.43,41.3
format-code-task-001919,4,4,4,0,0,1.041,0.463,1.97,0.17,0.02,0.4,1,0.61,110,3.2,518.4,1.19,70.0
format-code-task-001920,4,4,4,0,2,8.0,7.986,4.56,1.37,0.71,0.2,581,0.63,607,28.6,1220.3,5.8,137.8
format-code-task-001921,4,4,4,0,0,1.047,0.378,2.0,0.18,0.01,0.49,0,0.62,104,7.9,266.4,0.09,115.4
format-code-task-001922,4,4,4,0,0,2.775,2.029,2.64,1.59,0.8,0.07,382,0.66,207,82.0,1451.4,9.41,148.9
format-code-task-001923,4,4,4,0,0,8.0,6.636,3.03,0.84,0.45,0.34,104,2.36,1851,5.7,937.2,15.07,298.4
format-code-task-001924,4,4,4,0,0,2.104,1.12,2.56,0.23,0.13,0.37,27,0.96,649,5.6,907.6,13.51,119.1
format-code-task-001925,4,4,4,0,0,1.096,0.379,1.82,0.23,0.04,0.33,4,0.61,134,8.5,249.6,0.58,116.0
format-code-task-001926,4,4,4,0,0,1.496,0.727,2.32,1.28,0.46,0.24,249,0.63,315,4.4,768.6,9.06,45.6
format-code-task-001927,4,4,4,0,0,1.563,0.945,2.36,0.71,0.15,0.35,29,0.62,414,21.4,412.5,2.49,131.4
format-code-task-001929,4,4,4,0,0,2.177,1.318,3.41,0.79,0.42,0.39,43,1.03,894,7.5,362.4,3.98,71.3
format-code-task-001930,4,4,4,0,0,1.747,0.998,2.88,0.72,0.37,0.34,34,0.98,559,24.8,364.5,0.89,201.1
format-code-task-001931,4,4,4,0,0,1.532,0.854,2.0,0.41,0.07,0.28,0,0.62,108,6.4,223.3,0.42,119.1
format-code-task-001932,4,4,4,0,0,1.372,0.673,1.97,0.55,0.07,0.36,2,0.66,96,7.8,657.8,0.96,32.3
format-code-task-001933,4,4,4,0,0,2.338,2.036,2.1,0.9,0.06,0.21,11,0.66,100,6.3,2339.3,15.51,52.9
format-code-task-001934,4,4,4,0,0,2.687,1.834,2.03,0.87,0.1,0.26,5,0.63,110,8.5,1715.1,12.93,130.4
format-code-task-001935,4,4,4,0,0,1.873,0.815,2.64,0.95,0.45,0.24,38,1.31,392,31.5,442.5,0.9,92.6
format-code-task-001936,4,4,4,0,0,0.992,0.377,1.96,0.18,0.0,0.52,0,0.62,110,11.1,902.7,8.59,126.6
format-code-task-001937,4,4,4,0,0,1.137,0.453,1.94,0.44,0.02,0.29,0,0.62,112,8.6,369.9,0.63,117.4
format-code-task-001938,4,4,4,0,0,1.013,0.371,1.81,0.26,0.01,0.39,0,0.62,106,7.9,97.3,0.06,156.6
format-code-task-001939,4,4,4,0,0,8.0,4.542,2.44,0.97,0.46,0.25,63,4.76,780,26.8,511.0,3.86,55.3
format-code-task-001940,4,4,4,0,0,0.971,0.354,1.81,0.33,0.03,0.39,0,0.62,98,8.0,81.6,0.09,30.3
format-code-task-001941,4,4,4,0,0,1.02,0.375,1.89,0.14,0.03,0.5,5,0.65,126,8.0,417.5,2.09,170.5
format-code-task-001942,4,4,4,0,0,1.291,0.672,2.0,0.62,0.03,0.24,4,0.62,138,19.3,307.8,1.41,149.6
format-code-task-001943,4,4,4,0,0,3.777,0.613,2.01,0.52,0.07,0.22,11,3.14,199,4.4,352.8,1.15,108.4
format-code-task-001944,4,4,4,0,0,8.0,4.592,1.94,0.47,0.05,0.65,7,6.83,189,4.4,317.9,1.87,65.4
format-code-task-001945,4,4,4,0,0,1.318,0.565,2.52,0.64,0.25,0.62,38,0.62,155,8.3,345.5,1.31,73.4
format-code-task-001946,4,4,4,0,0,1.853,1.229,2.58,1.04,0.52,0.56,129,0.62,255,6.5,596.5,3.28,52.7
format-code-task-001947,4,4,4,0,0,2.149,1.547,2.61,1.69,0.82,0.81,369,1.21,197,4.6,648.6,9.63,68.3
format-code-task-001948,4,4,4,0,0,1.15,0.419,1.96,0.41,0.07,0.45,4,0.71,132,4.1,131.3,0.54,48.7
format-code-task-001949,4,4,4,0,0,1.402,0.598,3.47,0.72,0.32,0.69,49,0.71,190,4.3,271.3,1.8,41.9
format-code-task-001950,4,4,4,0,0,1.276,0.524,1.96,0.22,0.04,0.5,19,0.74,129,8.7,1095.2,0.47,166.4
format-code-task-001951,4,4,4,0,0,1.711,0.935,2.42,0.75,0.34,0.36,18,0.81,1018,7.7,180.8,1.05,123.9
format-code-task-001952,4,4,4,0,0,1.619,0.907,2.04,0.45,0.07,0.27,1,0.67,116,7.8,158.7,0.38,36.1
format-code-task-001954,4,4,4,0,0,1.407,0.671,1.9,0.15,0.02,0.56,7,0.76,140,8.7,1035.2,12.47,34.8
format-code-task-001955,4,4,4,0,0,1.213,0.591,1.95,0.41,0.06,0.44,5,0.62,136,9.3,200.4,0.49,145.8
format-code-task-001956,4,4,4,0,0,1.365,0.798,2.05,0.28,0.04,0.36,2,0.64,368,8.9,417.6,4.94,258.8
format-code-task-001957,4,4,4,0,0,5.014,4.71,3.7,0.6,0.28,0.26,72,0.62,530,5.3,759.9,1.26,125.1
format-code-task-001959,4,4,4,0,0,1.723,1.096,2.1,0.79,0.16,0.16,5,0.63,106,7.8,297.7,1.66,41.3
format-code-task-001960,4,4,4,0,0,1.707,1.016,2.08,1.09,0.37,0.15,10,0.62,108,13.1,331.9,2.79,160.2
format-code-task-001961,4,4,4,0,0,2.247,1.561,2.76,0.6,0.19,0.36,34,0.78,240,68.0,373.2,1.26,114.7
format-code-task-001962,4,4,4,0,0,1.394,0.59,3.16,0.33,0.13,0.38,11,0.86,323,40.3,345.5,0.27,73.7
format-code-task-001963,4,4,4,0,0,0.962,0.343,1.99,0.12,0.0,0.56,0,0.61,107,4.2,597.3,0.71,144.7
format-code-task-001964,4,4,4,0,0,1.925,1.311,2.03,0.45,0.07,0.37,2,0.63,120,8.2,531.7,3.69,183.4
format-code-task-001965,4,4,4,0,0,7.761,5.5,6.25,1.43,0.71,0.27,344,3.93,1391,65.7,734.2,7.37,124.7
format-code-task-001966,4,4,4,0,0,0.987,0.374,1.96,0.16,0.01,0.46,0,0.61,105,7.7,757.7,9.51,100.4
format-code-task-001968,4,4,4,0,0,1.311,0.807,2.08,0.21,0.07,0.31,2,0.61,403,31.8,518.7,2.91,45.1
format-code-task-001969,4,4,4,0,0,1.028,0.416,1.97,0.26,0.01,0.36,0,0.66,106,14.2,232.8,0.87,132.4
format-code-task-001970,5,4,4,0,0,1.012,0.411,1.95,0.18,0.01,0.45,0,0.62,108,8.7,237.2,0.21,289.7
format-code-task-001971,4,4,4,0,0,1.082,0.323,1.95,0.21,0.01,0.39,0,0.75,101,3.4,159.5,0.07,30.1
format-code-task-001973,4,4,4,0,0,1.807,1.186,2.37,1.17,0.55,0.17,81,0.61,154,8.8,342.9,5.61,52.3
format-code-task-001974,4,4,4,0,0,1.07,0.368,1.85,0.16,0.0,0.45,1,0.71,108,11.8,336.9,2.01,170.8
format-code-task-001975,7,2,2,3,0,1.853,1.024,2.13,0.13,0.04,0.53,13,0.61,411,1800.0,3604.3,52.39,129.7
format-code-task-001976,4,4,4,0,0,2.366,1.308,3.59,1.1,0.57,0.4,65,1.18,485,10.8,679.6,2.49,88.6
format-code-task-001977,4,4,4,0,0,1.057,0.393,1.97,0.08,0.01,0.49,0,0.66,105,6.3,864.3,0.16,41.6
format-code-task-001979,4,4,4,0,0,1.772,0.369,1.86,0.32,0.02,0.39,0,0.62,107,4.5,99.1,0.11,131.6
format-code-task-001980,4,4,4,0,0,0.965,0.349,1.85,0.27,0.02,0.44,0,0.67,109,6.7,81.0,0.05,121.1
format-code-task-001981,4,4,4,0,0,1.032,0.412,1.95,0.19,0.0,0.47,0,0.62,116,4.5,836.0,0.2,248.3
format-code-task-001982,4,4,4,0,0,1.055,0.438,1.84,0.45,0.01,0.24,0,0.81,119,30.1,90.4,0.11,223.0
format-code-task-001983,4,4,4,0,0,1.441,0.717,1.97,0.34,0.01,0.39,0,0.84,109,22.8,267.2,0.72,150.9
format-code-task-001984,4,4,4,0,0,0.971,0.359,2.01,0.22,0.01,0.41,0,0.62,107,4.6,259.0,0.11,230.7
format-code-task-001985,4,4,4,0,0,1.06,0.461,1.98,0.3,0.04,0.34,4,0.61,204,10.1,223.7,0.52,133.1
format-code-task-001986,4,4,4,0,0,1.459,0.812,1.97,0.76,0.03,0.24,5,0.64,216,30.2,1048.2,10.45,211.3
format-code-task-001987,4,4,4,0,0,0.982,0.353,1.98,0.13,0.01,0.49,0,0.62,110,7.6,273.6,0.21,243.6
format-code-task-001988,4,4,4,0,0,1.02,0.361,1.83,0.26,0.01,0.32,0,0.61,104,7.4,236.4,0.53,128.0
format-code-task-001989,4,4,4,0,0,1.052,0.39,1.89,0.74,0.01,0.4,1,0.66,106,8.3,1702.9,9.14,41.7
format-code-task-001990,4,4,4,0,0,2.942,2.192,3.39,0.92,0.38,0.35,130,0.63,234,4.7,697.4,6.13,116.5
format-code-task-001991,4,4,4,0,0,1.56,0.861,2.41,0.79,0.2,0.28,7,0.67,205,11.4,367.4,1.16,70.4
format-code-task-001992,4,4,4,0,0,1.023,0.361,1.82,0.22,0.01,0.35,1,0.71,138,18.5,329.5,0.24,192.4
format-code-task-001993,4,4,4,0,0,1.64,0.655,2.9,0.39,0.17,0.48,47,1.01,321,11.5,1825.5,8.44,115.1
format-code-task-001994,4,4,4,0,0,0.949,0.34,1.95,0.22,0.01,0.41,0,0.61,107,3.4,216.1,0.15,229.1
format-code-task-001995,4,4,4,0,0,2.088,1.401,2.18,0.98,0.28,0.32,9,0.62,577,5.4,193.2,1.65,167.2
format-code-task-001996,4,4,4,0,0,2.486,1.815,2.9,0.67,0.22,0.32,17,0.62,215,10.4,501.5,1.15,164.9
format-code-task-001997,4,4,4,0,1,8.0,7.935,3.73,1.48,0.77,0.35,367,3.82,1766,117.8,755.7,6.42,195.7
format-code-task-001998,4,4,4,0,0,1.931,0.938,3.16,0.75,0.37,0.38,25,1.39,408,52.6,215.5,1.18,145.9
format-code-task-001999,4,4,4,0,0,2.943,1.864,2.77,0.72,0.35,0.4,39,1.32,707,10.7,421.2,1.04,108.8
format-code-task-002000,4,4,4,0,1,8.0,7.995,3.52,1.57,0.8,0.33,465,4.28,1490,135.7,1044.3,3.14,140.6
format-code-task-002001,4,4,4,0,0,1.465,0.759,2.36,0.39,0.16,0.42,10,0.85,386,23.8,362.0,0.34,150.1
format-code-task-002002,4,4,4,0,0,0.939,0.322,1.85,0.1,0.0,0.48,0,0.61,98,3.9,349.3,0.03,70.9
format-code-task-002003,4,4,4,0,0,0.987,0.375,1.97,0.18,0.03,0.4,4,0.61,137,8.6,285.0,0.2,144.5
format-code-task-002004,4,4,4,0,0,1.221,0.588,1.87,0.23,0.01,0.46,0,0.64,129,7.1,437.0,0.2,115.3
format-code-task-002007,4,4,4,0,0,2.35,1.546,3.17,1.33,0.63,0.35,65,1.49,1529,12.4,933.3,12.7,139.7
format-code-task-002008,4,4,4,0,0,2.317,1.696,2.32,0.33,0.09,0.33,5,0.62,576,7.3,187.2,0.82,168.4
format-code-task-002012,4,4,4,0,0,0.954,0.336,2.05,0.26,0.03,0.43,0,0.61,108,8.2,79.7,0.1,92.1
format-code-task-002014,4,4,4,0,0,1.107,0.367,1.97,0.22,0.0,0.35,0,0.74,95,3.3,199.2,0.22,51.7
format-code-task-002015,4,4,4,0,0,2.292,1.476,2.03,0.39,0.13,0.6,20,0.76,190,5.5,607.5,0.75,67.6
format-code-task-002016,4,4,4,0,0,1.117,0.498,2.06,0.5,0.14,0.49,8,0.62,190,8.2,183.0,1.15,155.9
format-code-task-002017,4,4,4,0,0,1.396,0.657,2.68,0.54,0.11,0.17,43,0.97,299,11.2,1037.5,6.37,198.9
format-code-task-002018,8,4,8,0,6,8.0,8.0,6.33,1.81,0.9,0.23,760,0.74,1185,303.6,848.8,11.85,203.5
format-code-task-002019,5,4,5,0,2,8.0,7.998,4.67,1.75,0.83,0.21,633,0.71,892,17.6,1432.9,18.28,189.4
format-code-task-002020,4,4,4,0,0,0.958,0.354,1.99,0.16,0.0,0.43,0,0.61,99,10.1,302.7,0.18,47.9
format-code-task-002021,4,4,4,0,0,0.963,0.336,1.86,0.19,0.01,0.36,0,0.61,96,8.9,290.4,0.11,47.6
format-code-task-002022,4,4,4,0,0,1.291,0.614,1.92,0.77,0.0,0.2,1,0.7,107,69.4,424.8,5.39,215.1
format-code-task-002023,4,4,4,0,0,1.443,0.518,1.92,0.47,0.0,0.22,1,0.76,106,204.0,174.9,0.2,123.0
format-code-task-002024,4,4,4,0,0,1.195,0.508,1.98,0.43,0.01,0.44,1,0.9,108,74.8,228.7,0.32,141.4
format-code-task-002025,4,4,4,0,0,1.396,0.62,2.67,1.09,0.55,0.13,210,0.76,175,13.1,827.4,7.4,104.1
format-code-task-002026,4,4,4,0,0,0.989,0.34,1.97,0.15,0.02,0.42,0,0.62,95,8.3,268.1,0.03,87.4
format-code-task-002027,4,4,4,0,0,1.152,0.343,1.87,0.18,0.01,0.41,0,0.66,101,6.8,280.1,0.07,55.4
format-code-task-002028,4,4,4,0,0,0.981,0.37,1.98,0.3,0.02,0.38,0,0.61,107,6.7,158.0,0.28,56.1
format-code-task-002029,4,4,4,0,0,1.658,1.004,3.42,0.85,0.45,0.46,74,1.09,1053,81.2,515.8,1.25,272.7
format-code-task-002030,4,4,4,0,0,1.611,0.864,2.07,0.28,0.03,0.28,2,0.63,136,9.0,438.4,0.44,169.9
format-code-task-002031,4,4,4,0,0,4.604,3.931,2.1,1.15,0.23,0.14,24,1.17,231,36.1,1128.8,7.75,117.7
format-code-task-002032,4,4,4,0,0,1.104,0.359,1.97,0.31,0.01,0.25,1,0.71,108,3.4,527.2,0.62,93.7
format-code-task-002033,4,4,4,0,0,1.111,0.411,1.92,0.54,0.01,0.39,0,0.71,105,12.7,179.0,1.53,176.9
format-code-task-002034,4,4,4,0,0,3.642,2.223,4.55,1.22,0.58,0.37,139,1.85,1075,238.6,1058.5,5.76,183.8
format-code-task-002035,4,4,4,0,0,3.467,2.928,1.99,0.85,0.0,0.18,0,0.7,132,60.6,1071.2,12.65,286.4
format-code-task-002036,4,4,4,0,0,1.512,0.621,1.93,0.49,0.01,0.41,1,0.81,102,115.4,169.0,0.14,211.0
format-code-task-002037,4,4,4,0,0,1.314,0.651,1.98,0.59,0.01,0.16,0,0.71,106,77.0,81.9,0.38,398.1
format-code-task-002038,4,4,4,0,0,1.309,0.541,1.98,0.52,0.0,0.22,1,0.79,104,25.1,376.4,1.49,141.4
format-code-task-002039,4,4,4,0,0,2.509,1.779,2.14,0.82,0.33,0.18,16,0.74,224,78.8,134.4,0.36,162.0
format-code-task-002040,4,4,4,0,0,1.735,0.929,2.51,1.03,0.52,0.38,17,0.98,302,603.4,134.0,1.39,39.7
format-code-task-002041,4,4,4,0,0,1.24,0.582,1.97,0.19,0.01,0.57,1,0.66,124,7.1,690.0,25.06,66.7
format-code-task-002042,4,4,4,0,0,0.983,0.307,1.89,0.3,0.02,0.39,0,0.67,101,3.3,66.6,0.03,69.9
format-code-task-002043,4,4,4,0,4,8.0,8.0,3.83,1.69,0.81,0.19,297,0.72,846,8.6,723.0,9.23,130.2
format-code-task-002045,4,4,4,0,0,1.198,0.57,2.06,0.9,0.08,0.32,2,0.62,107,4.9,1414.3,22.5,167.6
format-code-task-002046,4,4,4,0,0,8.0,5.716,4.19,1.45,0.71,0.32,179,3.29,764,13.6,479.9,6.46,60.7
format-code-task-002047,4,4,4,0,0,1.546,0.784,3.27,1.15,0.5,0.38,20,0.81,864,3.4,101.5,1.71,119.2
format-code-task-002048,4,4,4,0,0,1.043,0.426,2.02,0.18,0.01,0.58,1,0.62,108,4.4,537.2,6.09,137.1
format-code-task-002050,4,4,4,0,0,1.437,0.82,2.88,1.3,0.6,0.3,192,0.62,584,54.6,444.8,4.16,188.7
format-code-task-002051,4,4,4,0,0,1.105,0.437,1.9,0.63,0.05,0.29,5,0.68,188,9.2,323.3,1.87,56.5
format-code-task-002052,4,4,4,0,0,1.289,0.583,2.09,0.55,0.2,0.56,20,0.71,190,6.5,312.4,1.17,54.5
format-code-task-002053,4,4,4,0,0,1.334,0.518,1.95,0.59,0.05,0.35,10,0.8,192,8.5,500.9,2.11,37.8
format-code-task-002055,4,4,4,0,0,1.092,0.503,1.99,0.4,0.01,0.27,0,0.61,105,15.5,150.1,0.8,116.7
format-code-task-002056,4,4,4,0,0,2.172,1.156,3.81,0.41,0.22,0.46,38,1.16,451,11.1,677.4,1.38,138.3
format-code-task-002057,4,4,4,0,0,4.811,4.124,4.47,0.67,0.26,0.29,25,0.62,597,19.8,832.4,11.07,353.4
format-code-task-002060,4,4,4,0,0,5.537,4.786,2.81,0.92,0.49,0.26,155,0.65,202,174.5,524.5,1.95,173.4
format-code-task-002061,4,4,4,0,0,1.517,0.771,2.13,0.29,0.07,0.49,2,0.62,525,33.5,396.2,1.65,130.8
format-code-task-002062,4,4,4,0,0,1.363,0.7,2.0,0.16,0.02,0.39,1,0.62,118,4.5,435.3,1.18,61.4
format-code-task-002063,4,4,4,0,0,1.253,0.606,2.12,0.68,0.16,0.42,2,0.62,112,3.5,371.2,0.58,125.2
format-code-task-002064,4,4,4,0,0,2.03,1.4,2.33,0.8,0.18,0.26,4,0.67,756,5.7,226.5,1.05,46.6
format-code-task-002065,4,4,4,0,0,1.922,1.312,2.12,0.68,0.26,0.22,10,0.63,104,6.6,755.9,3.19,134.6
format-code-task-002067,4,4,4,0,0,1.02,0.383,2.0,0.14,0.01,0.4,0,0.63,98,7.7,415.0,0.57,56.9
format-code-task-002069,4,4,4,0,0,1.505,0.688,2.16,0.91,0.24,0.47,4,1.0,256,4.0,277.8,2.84,231.8
format-code-task-002070,4,4,4,0,0,1.169,0.505,1.93,0.15,0.01,0.44,1,0.62,106,3.4,542.0,0.14,79.6
format-code-task-002071,4,4,4,0,0,1.024,0.412,1.98,0.19,0.01,0.45,0,0.61,98,3.4,478.1,0.21,34.9
format-code-task-002072,4,4,4,0,0,1.276,0.606,2.03,0.46,0.02,0.28,2,0.61,122,10.7,359.3,2.16,88.1
format-code-task-002073,4,4,4,0,0,3.511,2.435,3.65,0.85,0.43,0.3,66,1.56,944,18.0,563.1,1.2,119.0
format-code-task-002074,4,4,4,0,0,2.306,1.499,2.1,1.01,0.24,0.14,23,0.86,105,22.8,352.9,4.5,102.9
format-code-task-002076,4,4,4,0,3,8.0,7.97,2.94,1.52,0.7,0.1,345,0.74,274,226.9,563.9,7.21,206.7
format-code-task-002077,4,4,4,0,2,8.0,7.999,3.43,1.57,0.73,0.09,525,0.74,275,225.5,944.8,9.76,157.8
format-code-task-002078,4,4,4,0,3,8.0,7.983,2.58,1.36,0.68,0.1,219,0.78,277,294.3,296.9,0.49,145.8
format-code-task-002079,4,4,4,0,0,1.375,0.686,1.9,0.65,0.0,0.16,1,0.74,107,20.4,584.8,3.32,157.8
format-code-task-002080,4,4,4,0,0,2.859,2.166,2.94,0.72,0.32,0.31,10,0.67,840,7.3,129.3,4.77,42.4
format-code-task-002081,4,4,4,0,0,1.003,0.373,1.92,0.59,0.06,0.27,3,0.62,142,34.3,60.7,0.29,110.3
format-code-task-002082,4,4,4,0,0,4.685,4.081,2.28,0.71,0.27,0.28,23,0.61,155,15.0,285.5,2.29,92.7
format-code-task-002083,4,4,4,0,0,0.952,0.332,1.93,0.36,0.01,0.54,0,0.61,100,6.5,63.5,0.33,53.0
format-code-task-002084,4,4,4,0,0,1.081,0.326,1.94,0.17,0.01,0.4,0,0.75,102,4.3,162.7,0.04,57.6
format-code-task-002085,4,4,4,0,0,1.495,0.829,2.14,0.71,0.25,0.25,3,0.62,176,17.7,130.9,1.39,117.0
format-code-task-002087,4,4,4,0,0,1.982,1.143,1.89,0.33,0.05,0.52,5,0.75,126,8.0,288.2,0.75,36.5
format-code-task-002088,4,4,4,0,2,8.0,7.997,2.74,1.49,0.73,0.15,506,2.3,323,9.4,1315.0,7.79,62.0
format-code-task-002089,4,4,4,0,0,0.967,0.347,1.89,0.1,0.0,0.47,1,0.62,107,4.4,489.9,0.07,197.4
format-code-task-002090,4,4,4,0,0,0.996,0.358,1.81,0.16,0.0,0.35,0,0.62,97,7.3,335.5,0.18,65.1
format-code-task-002092,4,4,4,0,0,1.609,0.689,1.97,0.45,0.01,0.21,0,0.9,107,58.2,121.7,0.25,166.2
format-code-task-002093,4,4,4,0,0,1.092,0.475,1.96,0.1,0.0,0.53,0,0.62,113,8.5,938.4,8.03,311.4
format-code-task-002096,4,4,4,0,0,1.102,0.34,1.75,0.33,0.01,0.38,0,0.76,99,6.8,82.5,0.13,40.8
format-code-task-002097,4,4,4,0,0,1.84,0.902,2.7,0.82,0.38,0.36,21,1.05,617,4.2,193.4,1.73,97.9
format-code-task-002098,4,4,4,0,0,8.0,7.882,2.86,1.44,0.72,0.32,213,3.66,782,7.2,635.2,4.47,143.7
format-code-task-002099,4,4,4,0,0,1.399,0.642,2.05,0.25,0.06,0.42,3,0.7,183,6.7,269.7,0.18,126.5
format-code-task-002100,4,4,4,0,0,1.348,0.595,2.74,0.59,0.24,0.44,7,0.73,230,5.4,146.6,0.46,110.7
format-code-task-002101,4,4,4,0,0,1.866,0.954,2.25,0.91,0.41,0.31,22,1.05,350,9.0,1000.9,16.1,66.4
format-code-task-002102,4,4,4,0,0,2.167,0.969,2.36,0.72,0.35,0.31,28,1.26,368,8.9,851.5,12.16,52.4
format-code-task-002103,4,4,4,0,0,0.927,0.311,1.84,0.24,0.02,0.46,0,0.61,98,6.9,134.8,0.02,36.0
format-code-task-002104,4,4,4,0,0,0.964,0.335,1.94,0.09,0.0,0.47,1,0.61,104,11.2,1445.0,0.18,150.4
format-code-task-002105,4,4,4,0,0,0.953,0.342,2.02,0.13,0.01,0.38,0,0.61,108,5.6,463.8,0.35,66.8
format-code-task-002106,4,4,4,0,0,1.034,0.363,1.88,0.18,0.01,0.37,0,0.61,99,7.7,137.7,0.22,137.8
format-code-task-002107,4,4,4,0,0,1.016,0.395,1.79,0.47,0.11,0.21,3,0.61,316,5.9,108.2,0.45,3.4
format-code-task-002108,4,4,4,0,0,0.985,0.36,1.99,0.28,0.02,0.45,1,0.64,130,7.9,220.9,0.29,53.2
format-code-task-002109,4,4,4,0,0,2.951,1.69,2.94,1.38,0.68,0.21,79,1.6,452,10.9,418.5,2.34,50.1
format-code-task-002110,4,4,4,0,0,2.611,1.577,3.44,0.85,0.38,0.3,65,1.48,651,11.5,682.6,1.04,139.8
format-code-task-002111,4,4,4,0,0,2.691,1.439,2.52,1.24,0.49,0.24,47,1.43,621,3.3,386.3,4.13,181.2
format-code-task-002112,4,4,4,0,0,2.062,1.299,3.65,0.8,0.39,0.42,59,1.3,426,6.6,429.2,1.37,140.2
format-code-task-002113,4,4,4,0,0,8.0,7.899,3.47,1.65,0.82,0.19,281,0.64,587,15.0,672.6,12.01,121.9
format-code-task-002115,4,4,4,0,0,1.526,0.748,2.01,0.48,0.08,0.34,7,0.62,234,13.0,198.7,1.29,166.1
format-code-task-002117,4,4,4,0,0,1.132,0.527,2.36,0.44,0.08,0.31,10,0.61,150,11.5,242.8,1.32,54.1
format-code-task-002119,4,4,4,0,0,4.984,3.732,2.9,1.02,0.5,0.33,79,1.54,701,64.4,335.0,2.12,174.2
format-code-task-002120,4,4,4,0,0,1.549,0.717,2.37,0.74,0.37,0.38,18,0.9,420,33.3,190.5,1.93,84.7
format-code-task-002121,4,4,4,0,0,1.436,0.703,2.27,0.56,0.22,0.37,7,0.75,314,4.4,139.0,0.35,124.9
format-code-task-002122,4,4,4,0,0,1.745,0.897,2.69,0.88,0.4,0.38,16,0.87,510,7.2,127.3,1.7,140.5
format-code-task-002123,4,4,4,0,0,1.685,0.851,3.43,1.09,0.51,0.34,27,1.18,680,6.7,211.6,1.51,132.6
format-code-task-002126,4,4,4,0,0,0.948,0.337,1.94,0.17,0.01,0.44,0,0.61,107,3.4,187.5,0.08,129.3
format-code-task-002127,4,4,4,0,0,0.942,0.382,1.84,0.14,0.0,0.54,0,0.61,99,4.3,390.8,0.26,83.2
format-code-task-002128,4,4,4,0,0,1.065,0.447,1.93,0.18,0.0,0.46,0,0.64,141,10.5,412.3,0.19,132.4
format-code-task-002129,4,4,4,0,0,1.525,0.782,1.99,0.39,0.04,0.28,0,0.74,107,32.9,165.1,1.98,160.1
format-code-task-002130,4,4,4,0,0,0.977,0.494,1.93,0.23,0.0,0.32,0,0.64,99,6.1,207.9,0.36,43.8
format-code-task-002131,4,4,4,0,0,2.257,1.591,3.09,0.48,0.21,0.29,10,0.66,582,10.3,817.6,10.49,32.8
format-code-task-002132,4,4,4,0,0,4.586,3.095,5.84,0.74,0.36,0.28,52,1.86,1116,4.5,476.8,2.05,180.9
format-code-task-002133,4,4,4,0,0,2.027,1.13,2.56,0.43,0.23,0.39,30,0.96,669,7.4,413.3,2.22,142.1
format-code-task-002134,4,4,4,0,0,1.116,0.445,1.86,0.2,0.02,0.42,5,0.63,153,11.4,507.7,0.71,140.2
format-code-task-002135,4,4,4,0,0,1.376,0.605,1.8,0.27,0.03,0.32,7,0.76,117,9.3,556.0,0.85,115.2
format-code-task-002136,4,4,4,0,0,1.487,0.662,1.95,0.28,0.0,0.42,1,1.14,117,403.4,1788.0,12.45,111.4
format-code-task-002137,4,4,4,0,0,1.276,0.41,1.88,0.53,0.01,0.35,0,0.92,113,17.5,155.2,5.73,146.1
format-code-task-002138,4,4,4,0,0,1.136,0.407,2.0,0.29,0.01,0.55,0,0.62,107,7.7,144.9,0.46,255.5
format-code-task-002139,4,4,4,0,0,0.945,0.338,1.95,0.1,0.0,0.5,0,0.61,102,7.7,415.9,0.24,48.8
format-code-task-002140,4,4,4,0,0,8.0,5.471,3.28,1.35,0.69,0.31,198,4.15,1358,10.2,1570.5,8.06,135.0
format-code-task-002141,4,4,4,0,0,1.759,1.099,3.28,0.47,0.12,0.39,8,0.65,531,16.0,160.1,0.5,207.2
format-code-task-002142,4,4,4,0,0,1.045,0.432,1.74,0.19,0.01,0.33,1,0.62,126,12.8,396.9,0.25,174.5
format-code-task-002143,4,4,4,0,0,1.052,0.438,1.89,0.39,0.0,0.32,0,0.62,109,17.4,342.5,1.46,120.7
format-code-task-002144,4,4,4,0,0,1.35,0.706,2.16,0.23,0.09,0.39,6,0.62,134,5.9,610.0,0.38,196.4
format-code-task-002145,4,4,4,0,0,8.0,4.658,2.08,0.92,0.13,0.23,6,8.69,177,9.8,610.8,3.01,80.1
format-code-task-002146,4,4,4,0,0,2.347,1.707,2.06,0.94,0.21,0.13,5,0.71,237,21.9,435.6,1.81,127.2
format-code-task-002147,5,4,4,0,0,1.045,0.421,2.0,0.44,0.11,0.23,7,0.62,164,7.8,154.8,0.67,115.7
format-code-task-002148,4,4,4,0,0,8.0,6.233,4.65,1.37,0.69,0.31,286,4.57,1336,65.8,1129.7,5.88,222.4
format-code-task-002149,4,4,4,0,0,1.007,0.386,1.97,0.4,0.11,0.24,7,0.61,188,8.3,233.8,0.6,70.5
format-code-task-002150,4,4,4,0,0,2.574,0.825,2.02,1.44,0.46,0.19,3,2.24,99,391.2,311.0,0.44,131.6
format-code-task-002151,4,4,4,0,0,3.001,1.534,4.0,0.88,0.46,0.4,94,1.53,831,7.3,513.3,3.54,248.9
format-code-task-002152,4,4,4,0,0,6.784,5.316,4.32,1.35,0.69,0.34,186,2.73,1335,10.7,530.8,7.04,116.3
format-code-task-002153,4,4,4,0,0,1.923,0.985,3.79,0.34,0.16,0.4,24,0.98,400,44.1,517.4,0.31,229.8
format-code-task-002154,4,4,4,0,0,6.615,4.899,3.34,1.48,0.74,0.33,312,7.74,1133,378.0,660.9,2.83,184.3
format-code-task-002155,4,4,4,0,0,8.0,4.906,3.01,1.79,0.88,0.26,385,6.76,1012,12.4,692.9,13.91,5.7
format-code-task-002156,4,4,4,0,0,1.82,1.045,3.33,1.0,0.52,0.46,79,1.27,414,29.5,303.8,2.35,141.8
format-code-task-002157,4,4,4,0,0,4.572,2.465,3.42,0.7,0.37,0.35,147,3.02,635,105.1,890.7,1.48,132.3
format-code-task-002158,4,4,4,0,0,1.954,0.995,3.88,1.2,0.6,0.42,53,1.22,430,25.1,223.6,2.02,248.5
format-code-task-002159,4,4,4,0,0,1.169,0.518,1.92,0.19,0.01,0.42,1,0.62,129,7.5,208.2,0.17,168.7
format-code-task-002160,4,4,4,0,0,1.08,0.457,1.9,0.87,0.0,0.26,1,0.61,109,13.2,1234.7,15.32,131.8
format-code-task-002162,4,4,4,0,0,1.038,0.421,1.73,0.37,0.01,0.28,0,0.62,109,8.0,105.9,0.85,128.6
format-code-task-002163,4,4,4,0,0,6.484,4.376,4.57,1.31,0.68,0.4,150,2.34,1168,81.0,663.2,8.53,166.8
format-code-task-002164,4,4,4,0,0,1.459,0.674,2.25,0.53,0.19,0.38,5,0.76,312,16.8,118.5,0.5,138.6
format-code-task-002165,4,4,4,0,0,1.641,0.759,2.88,0.82,0.37,0.29,15,0.92,391,5.5,198.8,0.69,144.0
format-code-task-002169,4,4,4,0,0,2.809,2.293,2.17,0.76,0.2,0.15,24,1.5,294,82.8,1071.5,7.7,144.4
format-code-task-002170,4,4,4,0,0,1.376,0.764,2.58,1.14,0.54,0.76,199,0.62,262,10.4,635.4,4.83,418.0
format-code-task-002171,4,4,4,0,0,0.98,0.364,1.92,0.08,0.0,0.49,1,0.61,112,8.6,536.6,0.26,65.1
format-code-task-002172,4,4,4,0,0,1.882,1.246,2.33,1.17,0.58,0.41,82,0.66,230,7.2,316.7,3.88,37.8
format-code-task-002173,4,4,4,0,0,6.049,3.909,3.3,1.4,0.69,0.33,192,2.53,1205,12.8,746.0,4.35,111.0
format-code-task-002174,4,4,4,0,0,4.498,2.733,3.35,1.61,0.68,0.31,119,2.69,1685,244.3,266.3,4.32,570.0
format-code-task-002175,4,4,4,0,0,2.128,1.206,2.62,0.77,0.37,0.37,45,1.27,780,10.1,572.9,1.49,150.0
format-code-task-002176,4,4,4,0,0,2.301,1.269,3.56,0.82,0.43,0.45,71,1.45,462,8.5,525.7,2.1,209.8
format-code-task-002177,4,4,4,0,0,1.618,0.779,2.57,0.37,0.18,0.41,17,0.87,585,3.4,962.6,10.9,121.7
format-code-task-002178,4,4,4,0,0,1.961,1.0,1.99,0.36,0.01,0.25,4,0.62,145,20.4,657.1,12.35,190.3
format-code-task-002179,4,4,4,0,0,1.593,0.751,2.28,0.25,0.1,0.43,13,0.8,318,4.4,859.7,0.45,183.1
format-code-task-002180,4,4,4,0,0,3.256,1.848,3.16,0.95,0.47,0.33,81,1.86,520,47.0,448.2,2.05,272.9
format-code-task-002181,4,4,4,0,0,3.529,2.173,4.86,1.21,0.62,0.41,119,1.49,954,33.6,372.4,4.2,94.0
format-code-task-002182,4,4,4,0,0,6.274,4.178,3.48,1.02,0.47,0.31,154,2.23,771,40.5,982.4,10.38,153.0
format-code-task-002183,4,4,4,0,0,7.851,5.263,3.77,1.3,0.66,0.37,214,3.65,2028,12.8,672.0,5.84,262.7
format-code-task-002185,4,4,4,0,0,0.967,0.363,1.85,0.22,0.05,0.25,8,0.61,128,4.6,474.1,0.25,48.2
format-code-task-002186,4,4,4,0,0,1.383,0.656,3.04,0.71,0.36,0.38,23,0.95,307,30.5,202.1,0.99,169.4
format-code-task-002187,4,4,4,0,0,2.125,1.087,4.33,1.06,0.53,0.43,63,1.21,485,34.5,338.2,2.07,732.2
format-code-task-002188,4,4,4,0,0,1.025,0.409,1.82,0.34,0.0,0.25,1,0.62,110,37.1,413.1,2.17,161.7
format-code-task-002189,4,4,4,0,0,0.998,0.389,1.87,0.27,0.01,0.29,0,0.62,103,14.0,270.1,0.39,131.5
format-code-task-002190,4,4,4,0,0,1.004,0.382,1.93,0.23,0.01,0.37,1,0.62,114,3.9,218.2,0.09,200.6
format-code-task-002191,4,4,4,0,0,0.973,0.36,2.0,0.06,0.0,0.62,1,0.62,109,7.8,940.0,9.61,126.9
format-code-task-002195,4,4,4,0,0,2.208,1.151,1.97,0.79,0.02,0.12,3,0.97,128,7.2,422.6,8.21,50.3
format-code-task-002196,4,4,4,0,0,2.28,1.178,1.9,0.85,0.02,0.11,4,1.07,127,7.9,431.3,10.56,59.2
format-code-task-002197,4,4,4,0,0,2.264,1.18,1.95,0.7,0.02,0.13,5,1.04,128,4.1,550.4,4.92,66.6
format-code-task-002198,4,4,4,0,0,2.246,1.228,1.98,0.8,0.02,0.13,6,1.04,128,3.9,667.0,3.89,49.2
format-code-task-002199,4,4,4,0,0,2.217,1.115,2.01,0.78,0.02,0.13,4,1.07,128,7.9,526.6,5.16,39.8
format-code-task-002201,4,4,4,0,0,2.178,1.162,1.96,0.9,0.02,0.11,5,1.09,129,4.3,457.1,5.94,43.0
format-code-task-002202,4,4,4,0,0,2.214,1.149,2.0,0.81,0.01,0.13,6,1.21,131,3.4,922.5,7.91,39.8
format-code-task-002204,4,4,4,0,0,2.49,1.33,1.91,0.86,0.01,0.09,3,1.2,129,7.9,574.2,13.21,58.5
format-code-task-002205,4,4,4,0,0,2.625,1.336,1.99,0.97,0.01,0.09,14,1.33,111,3.6,3401.8,19.71,38.0
format-code-task-002206,4,4,4,0,0,2.48,1.389,1.97,0.95,0.02,0.11,5,1.34,107,3.4,508.2,9.02,48.5
format-code-task-002207,4,4,4,0,1,8.0,7.998,2.05,1.0,0.05,0.13,25,1.03,11451,22.0,1926.6,17.8,165.4
format-code-task-002208,4,4,4,0,0,1.13,0.354,1.86,0.2,0.02,0.46,2,0.76,127,3.3,277.9,0.39,255.1
format-code-task-002209,4,4,4,0,0,2.389,1.402,1.95,0.94,0.01,0.08,3,0.98,126,7.8,589.2,19.46,44.1
format-code-task-002210,4,4,4,0,0,2.401,1.394,2.01,0.91,0.01,0.1,8,1.03,127,7.7,1400.0,14.79,46.8
format-code-task-002211,4,4,4,0,0,2.439,1.464,1.86,0.92,0.02,0.1,11,1.03,130,9.2,1682.6,24.2,57.2
format-code-task-002212,4,4,4,0,0,2.503,1.445,2.02,0.9,0.07,0.18,43,1.31,129,8.8,1285.2,7.53,42.1
format-code-task-002213,4,4,4,0,0,0.981,0.361,1.77,0.16,0.01,0.43,0,0.62,126,7.2,221.0,0.13,199.8
format-code-task-002214,4,4,4,0,0,2.462,1.424,1.93,0.94,0.02,0.11,8,1.18,108,3.5,1183.3,9.99,36.0
format-code-task-002215,4,4,4,0,0,2.431,1.45,2.02,0.83,0.01,0.11,9,1.04,128,3.4,1389.7,8.97,44.5
format-code-task-002216,4,4,4,0,0,2.326,1.323,1.93,0.84,0.01,0.11,6,1.04,128,8.0,881.0,6.36,65.2
format-code-task-002218,4,4,4,0,0,2.565,1.471,1.9,0.75,0.02,0.12,7,1.2,129,8.1,713.5,5.78,67.5
format-code-task-002219,4,4,4,0,0,2.791,1.464,1.86,0.89,0.01,0.11,9,1.34,131,3.7,2240.2,19.14,54.5
format-code-task-002220,4,4,4,0,0,1.141,0.426,1.86,0.17,0.04,0.52,4,0.71,127,7.6,426.2,0.53,49.1
format-code-task-002221,4,4,4,0,0,2.571,1.423,1.91,0.89,0.01,0.1,3,1.21,126,7.4,592.1,12.15,42.2
format-code-task-002222,4,4,4,0,0,2.564,1.455,1.88,0.9,0.02,0.12,8,1.2,109,3.4,683.1,8.3,48.9
format-code-task-002223,4,4,4,0,4,8.0,7.994,2.0,0.84,0.02,0.43,8,1.22,129,7.3,1039.7,11.43,61.7
format-code-task-002224,4,4,4,0,0,2.654,1.506,1.94,0.89,0.02,0.12,6,1.21,108,8.0,651.0,8.71,68.1
format-code-task-002226,4,4,4,0,0,1.158,0.392,1.93,0.18,0.02,0.48,2,0.77,127,4.2,328.5,0.34,55.3
format-code-task-002228,4,4,4,0,0,2.507,1.354,1.84,0.79,0.01,0.1,4,1.23,129,7.5,780.1,8.21,66.3
format-code-task-002229,4,4,4,0,0,1.025,0.388,1.83,0.34,0.05,0.43,3,0.8,125,3.5,169.4,0.55,55.1
format-code-task-002230,4,4,4,0,3,8.0,7.997,1.75,0.84,0.01,0.12,6,1.27,129,6.9,770.3,9.87,62.9
format-code-task-002231,4,4,4,0,0,2.463,1.418,1.81,0.74,0.01,0.09,4,1.25,126,7.7,744.0,6.7,74.2
format-code-task-002233,4,4,4,0,0,2.553,1.406,1.94,0.96,0.01,0.09,5,1.19,128,4.4,782.2,13.56,52.7
format-code-task-002238,4,4,4,0,0,1.64,1.119,2.89,0.86,0.41,0.59,98,0.92,332,8.6,1134.9,12.17,48.3
format-code-task-002239,4,4,4,0,0,1.492,0.752,3.04,0.75,0.18,0.64,30,0.8,284,7.2,1067.7,7.33,49.8
format-code-task-002240,4,4,4,0,1,8.0,7.904,2.81,0.88,0.26,0.3,46,0.68,164,36.5,463.2,3.25,45.0
format-code-task-002242,4,4,4,0,0,6.846,6.029,2.78,0.97,0.46,0.31,90,0.68,536,8.7,312.0,1.96,69.5
format-code-task-002243,4,4,4,0,0,1.05,0.431,1.97,0.28,0.02,0.39,0,0.62,108,4.0,114.3,0.04,139.4
format-code-task-002245,4,4,4,0,3,8.0,8.0,10.62,1.75,0.88,0.61,426,0.81,768,209.0,318.0,1.15,209.6
format-code-task-002246,4,4,4,0,0,1.426,0.623,2.62,0.48,0.22,0.51,13,0.81,285,4.3,277.3,1.69,96.6
format-code-task-002247,4,4,4,0,0,1.406,0.608,2.35,0.81,0.38,0.37,11,0.8,321,7.6,95.5,1.03,35.2
format-code-task-002248,4,4,4,0,0,1.371,0.745,2.51,0.55,0.12,0.22,22,0.64,256,38.2,561.5,1.73,231.0
format-code-task-002249,6,4,4,2,0,2.271,1.849,2.47,1.44,0.71,0.15,109,0.66,456,1800.0,1414.0,12.9,167.4
format-code-task-002250,4,4,4,0,0,0.988,0.368,1.84,0.27,0.01,0.42,0,0.62,109,7.5,174.0,0.1,240.3
format-code-task-002251,4,4,4,0,0,0.963,0.353,1.75,0.13,0.01,0.45,1,0.63,118,8.6,488.9,0.29,140.0
format-code-task-002252,4,4,4,0,0,4.071,2.897,3.15,0.57,0.31,0.43,118,1.33,847,5.2,3417.8,27.39,83.2
format-code-task-002253,4,4,4,0,0,0.975,0.364,1.99,0.16,0.01,0.39,0,0.62,98,3.5,273.7,0.75,28.8
format-code-task-002254,4,4,4,0,0,1.268,0.648,2.09,0.47,0.14,0.18,5,0.62,121,5.6,342.3,0.93,190.6
format-code-task-002255,4,4,4,0,0,1.366,0.749,1.91,0.29,0.02,0.47,1,0.62,119,6.7,998.3,13.95,146.9
format-code-task-002256,4,4,4,0,0,0.993,0.376,1.89,0.3,0.01,0.53,0,0.62,95,7.6,97.7,1.64,76.5
format-code-task-002259,4,4,4,0,0,0.946,0.331,1.98,0.14,0.03,0.39,5,0.61,126,7.9,493.9,0.21,55.9
format-code-task-002260,4,4,4,0,0,1.381,0.729,2.1,0.49,0.2,0.19,8,0.63,129,4.5,479.3,2.42,91.2
format-code-task-002262,4,4,4,0,0,0.977,0.369,1.98,0.22,0.01,0.29,1,0.61,100,5.3,444.5,0.87,235.7
format-code-task-002263,4,4,4,0,0,2.592,1.314,3.38,1.32,0.65,0.33,41,1.32,489,9.8,228.4,6.56,95.6
format-code-task-002264,4,4,4,0,0,2.074,1.044,2.53,0.87,0.31,0.27,21,1.09,619,5.7,308.4,1.17,104.8
format-code-task-002265,4,4,4,0,0,2.23,1.327,4.29,1.32,0.59,0.29,64,1.5,861,40.9,333.1,2.12,125.2
format-code-task-002266,4,4,4,0,0,2.247,1.119,2.88,0.77,0.36,0.39,45,1.04,451,31.2,506.6,0.71,160.9
format-code-task-002267,4,4,4,0,0,2.528,1.306,3.18,1.26,0.6,0.31,58,1.4,781,7.7,252.2,2.91,103.0
format-code-task-002268,4,4,4,0,0,1.716,0.981,2.52,0.66,0.32,0.37,40,1.08,335,58.4,489.2,0.81,118.7
format-code-task-002269,4,4,4,0,0,3.645,1.851,3.31,1.49,0.72,0.26,133,2.5,614,55.5,521.2,2.77,176.2
format-code-task-002270,4,4,4,0,0,3.274,2.007,3.31,1.22,0.62,0.29,125,2.32,547,30.6,536.1,3.2,172.4
format-code-task-002271,4,4,4,0,0,1.719,0.82,4.44,1.02,0.46,0.4,43,1.07,369,42.5,325.4,1.29,150.3
format-code-task-002272,4,4,4,0,0,5.669,2.844,2.95,1.38,0.73,0.4,119,3.11,495,8.1,584.6,4.5,218.9
format-code-task-002273,4,4,4,0,0,2.344,1.14,3.25,0.7,0.35,0.33,45,1.32,692,107.5,399.8,0.83,141.0
format-code-task-002274,4,4,4,0,0,1.653,0.896,3.48,0.37,0.18,0.31,19,1.09,389,39.5,658.1,0.23,185.5
format-code-task-002275,4,4,4,0,0,8.0,3.359,3.69,1.78,0.85,0.24,741,10.36,2222,263.9,2001.2,23.62,170.8
format-code-task-002276,4,4,4,0,0,2.499,1.441,2.75,1.14,0.54,0.25,28,1.41,520,79.2,168.9,3.1,133.5
format-code-task-002277,4,4,4,0,0,2.852,1.621,3.67,1.15,0.58,0.29,98,1.88,467,115.6,537.7,2.38,157.9
format-code-task-002278,4,4,4,0,0,4.139,2.638,2.26,0.79,0.21,0.2,23,1.63,199,6.6,540.9,3.15,198.5
format-code-task-002280,4,4,4,0,4,8.0,8.0,5.81,1.63,0.83,0.18,453,0.62,299,90.5,761.8,6.0,131.0
format-code-task-002281,4,4,4,0,0,1.319,0.568,1.87,0.64,0.05,0.32,2,0.69,159,7.7,132.8,2.2,49.5
format-code-task-002282,4,4,4,0,0,2.341,1.736,2.31,1.39,0.57,0.28,196,0.62,117,104.9,979.4,12.56,205.0
format-code-task-002283,4,4,4,0,0,2.753,2.089,2.23,0.93,0.23,0.38,24,0.66,102,6.0,354.0,5.91,37.5
format-code-task-002285,4,4,4,0,0,1.323,0.587,2.66,0.31,0.11,0.49,9,0.69,264,7.1,309.9,0.57,32.2
format-code-task-002287,4,4,4,0,0,1.268,0.639,2.02,0.47,0.03,0.29,3,0.65,126,26.4,837.7,3.62,194.5
format-code-task-002288,4,4,4,0,0,1.432,0.659,2.21,0.92,0.34,0.39,8,0.77,335,6.7,215.6,1.4,73.5
format-code-task-002289,4,4,4,0,0,1.063,0.448,3.01,0.65,0.29,0.25,2,0.62,108,8.8,519.9,1.06,155.0
format-code-task-002290,4,4,4,0,0,1.287,0.635,2.01,0.63,0.11,0.32,9,0.61,261,5.4,225.1,1.69,143.7
format-code-task-002291,4,4,4,0,0,1.853,1.084,2.04,0.35,0.1,0.22,2,0.64,117,11.2,480.9,5.24,126.2
format-code-task-002292,4,4,4,0,0,1.139,0.409,1.96,0.2,0.01,0.5,1,0.74,104,8.4,726.9,0.86,165.3
format-code-task-002293,4,4,4,0,0,2.315,1.671,2.18,0.61,0.19,0.18,34,0.66,205,47.0,1989.0,28.95,226.5
format-code-task-002294,4,4,4,0,0,1.341,0.734,1.98,0.21,0.0,0.34,0,0.73,108,35.2,541.7,0.24,114.8
format-code-task-002295,4,4,4,0,0,7.963,6.961,2.04,0.76,0.02,0.14,7,0.65,154,84.2,1134.4,9.47,174.3
format-code-task-002296,4,4,4,0,0,1.742,0.89,2.86,0.81,0.36,0.36,17,0.97,334,30.5,174.7,1.0,125.6
format-code-task-002298,4,4,4,0,0,1.287,0.555,2.04,0.31,0.05,0.26,1,0.66,104,9.4,207.9,1.09,44.2
format-code-task-002299,4,4,4,0,0,1.176,0.512,2.08,0.35,0.08,0.28,1,0.67,98,7.9,163.6,0.41,106.0
format-code-task-002300,4,4,4,0,0,1.87,1.295,1.98,0.36,0.02,0.27,1,0.63,110,5.3,512.7,1.21,275.0
format-code-task-002301,4,4,4,0,0,3.354,2.637,3.21,0.24,0.06,0.5,5,0.86,554,24.9,374.5,5.57,155.6
format-code-task-002302,4,4,4,0,0,1.191,0.442,1.87,0.72,0.01,0.45,1,0.75,100,4.2,260.1,4.38,36.7
format-code-task-002303,4,4,4,0,0,0.932,0.315,1.87,0.1,0.0,0.48,0,0.61,101,14.6,541.4,0.02,62.9
format-code-task-002304,4,4,4,0,0,1.536,0.714,1.88,0.29,0.01,0.4,1,0.93,107,4.4,1217.4,23.37,143.5
format-code-task-002305,4,4,4,0,0,1.247,0.552,2.35,0.94,0.15,0.37,11,0.79,266,7.5,1415.3,9.84,37.6
format-code-task-002306,4,4,4,0,0,1.001,0.37,1.99,0.27,0.01,0.37,0,0.62,105,7.1,70.1,0.48,147.1
format-code-task-002307,4,4,4,0,0,1.271,0.518,2.09,0.35,0.02,0.39,0,0.76,96,3.4,103.1,0.54,26.0
format-code-task-002308,4,4,4,0,0,1.689,0.761,2.06,0.48,0.01,0.61,1,1.05,94,5.1,435.2,2.18,45.5
format-code-task-002309,4,4,4,0,0,8.0,4.812,2.13,1.1,0.16,0.08,10,5.5,224,8.6,1133.0,20.15,166.1
format-code-task-002311,4,4,4,0,0,1.104,0.364,2.3,0.49,0.14,0.41,2,0.73,322,15.1,99.3,0.06,65.9
format-code-task-002312,4,4,4,0,0,1.007,0.398,1.96,0.09,0.0,0.52,0,0.62,107,3.0,353.2,0.05,139.4
format-code-task-002313,4,4,4,0,0,1.195,0.569,1.98,0.51,0.0,0.23,1,0.63,106,25.6,611.4,1.88,193.4
format-code-task-002314,4,4,4,0,0,5.332,4.693,3.38,1.47,0.75,0.26,409,0.62,958,7.3,714.4,4.23,99.7
format-code-task-002315,4,4,4,0,0,4.802,4.133,3.79,0.93,0.43,0.28,63,0.66,581,5.2,533.6,0.96,53.0
format-code-task-002316,4,4,4,0,0,5.001,4.328,2.92,0.49,0.22,0.27,78,0.67,581,8.6,849.6,2.32,41.7
format-code-task-002317,4,4,4,0,0,7.573,6.889,4.03,1.21,0.62,0.32,236,0.67,679,9.8,1067.0,8.26,169.9
format-code-task-002318,4,4,4,0,4,8.0,8.004,3.59,1.07,0.54,0.38,87,0.69,1064,66.1,501.2,0.7,140.1
format-code-task-002319,4,4,4,0,2,8.0,8.0,2.48,1.3,0.65,0.34,104,0.62,676,47.4,178.9,0.9,128.4
format-code-task-002320,4,4,4,0,3,8.0,8.0,4.15,0.89,0.46,0.59,366,0.67,839,8.0,1284.0,2.03,49.9
format-code-task-002321,4,4,4,0,0,7.385,6.76,2.47,1.31,0.62,0.42,124,0.62,527,5.6,229.1,1.79,185.8
format-code-task-002322,4,4,4,0,3,8.0,8.0,8.13,0.72,0.39,0.32,114,0.68,590,8.5,430.3,1.76,51.3
format-code-task-002323,4,4,4,0,1,8.0,8.002,2.87,0.9,0.46,0.33,108,0.68,982,54.1,335.0,1.7,42.0
format-code-task-002324,4,4,4,0,4,8.0,8.0,3.15,1.64,0.79,0.27,113,0.68,991,63.6,679.0,13.0,62.4
format-code-task-002325,4,4,4,0,3,8.0,8.001,7.13,1.13,0.59,0.37,128,0.66,998,77.7,371.2,0.99,208.2
format-code-task-002326,4,4,4,0,2,8.0,8.002,2.73,1.01,0.53,0.28,124,0.66,995,56.4,778.2,10.79,86.3
format-code-task-002327,4,4,4,0,2,8.0,7.999,2.58,0.62,0.29,0.29,135,0.66,478,12.3,819.4,9.68,52.6
format-code-task-002328,4,4,4,0,2,8.0,7.963,3.28,1.23,0.58,0.28,152,1.18,594,16.3,552.4,2.41,152.6
format-code-task-002329,4,4,4,0,3,8.0,7.952,3.39,1.15,0.56,0.34,90,0.64,598,11.4,791.4,1.83,137.5
format-code-task-002330,4,4,4,0,1,8.0,7.995,3.58,0.76,0.4,0.37,197,0.62,771,150.1,919.7,0.41,153.5
format-code-task-002331,4,4,4,0,4,8.0,8.0,6.04,0.76,0.41,0.36,85,0.62,1063,49.6,408.3,0.34,174.9
format-code-task-002332,4,4,4,0,0,6.588,5.824,2.95,1.26,0.63,0.19,169,0.66,449,7.6,310.0,2.84,41.6
format-code-task-002333,4,4,4,0,0,1.012,0.34,2.02,0.23,0.01,0.38,0,0.62,99,9.5,501.1,0.3,42.1
format-code-task-002334,4,4,4,0,0,4.592,3.921,2.09,1.13,0.21,0.15,12,0.68,145,9.1,500.9,5.21,119.2
format-code-task-002335,4,4,4,0,0,1.027,0.557,1.94,0.13,0.01,0.51,4,0.61,149,5.0,875.5,0.6,48.5
format-code-task-002336,4,4,4,0,0,1.442,0.832,2.17,0.71,0.2,0.15,16,0.61,294,8.9,305.1,1.75,46.1
format-code-task-002338,4,4,4,0,0,1.483,0.447,1.93,0.26,0.02,0.29,2,0.91,146,81.3,234.2,0.24,188.2
format-code-task-002339,4,4,4,0,0,3.807,2.734,3.29,0.93,0.47,0.34,56,1.57,2259,5.4,357.5,2.46,222.2
format-code-task-002340,4,4,4,0,0,1.055,0.379,1.9,0.18,0.01,0.4,0,0.66,98,6.1,166.3,0.06,79.8
format-code-task-002341,4,4,4,0,0,1.256,0.593,2.01,0.41,0.06,0.32,2,0.62,260,7.4,87.0,0.51,141.7
format-code-task-002343,4,4,4,0,1,8.0,7.979,2.47,0.59,0.3,0.22,132,0.89,499,5.6,1133.4,7.28,73.6
format-code-task-002344,4,4,4,0,0,5.385,4.706,3.23,0.7,0.3,0.2,45,0.67,606,12.1,725.7,3.46,66.1
format-code-task-002345,4,4,4,0,0,1.984,1.022,3.92,1.16,0.54,0.4,40,1.12,568,7.2,168.7,3.64,205.2
format-code-task-002346,4,4,4,0,0,2.082,1.065,2.46,0.89,0.43,0.33,31,1.18,661,7.0,211.3,1.02,106.5
format-code-task-002347,4,4,4,0,0,3.588,2.597,2.95,1.65,0.84,0.19,285,1.66,724,8.1,1109.1,8.47,68.9
format-code-task-002349,4,4,4,0,0,1.235,0.609,2.01,0.25,0.03,0.36,0,0.62,109,7.7,189.3,0.18,218.4
format-code-task-002350,4,4,4,0,0,1.437,0.488,1.92,0.34,0.01,0.41,1,0.62,109,4.5,200.0,0.53,157.8
format-code-task-002351,4,4,4,0,0,1.551,0.934,1.95,0.7,0.01,0.14,2,0.62,158,26.2,593.7,4.59,164.0
format-code-task-002352,4,4,4,0,0,1.146,0.528,1.99,0.26,0.01,0.42,0,0.63,135,7.5,145.6,0.84,163.6
format-code-task-002353,4,4,4,0,0,1.304,0.522,2.03,0.49,0.03,0.33,1,0.72,130,6.7,289.0,0.92,51.6
format-code-task-002354,4,4,4,0,0,2.926,1.69,2.42,0.5,0.04,0.56,5,0.75,541,4.2,893.5,5.95,62.4
format-code-task-002355,4,4,4,0,0,1.306,0.498,1.95,0.47,0.04,0.28,1,0.71,131,7.6,170.7,0.78,137.3
format-code-task-002356,4,4,4,0,0,1.19,0.514,2.15,0.58,0.03,0.24,1,0.61,165,3.4,235.9,1.44,33.3
format-code-task-002357,4,4,4,0,0,2.513,1.716,2.97,0.52,0.25,0.47,16,0.87,318,10.9,917.6,12.7,82.3
format-code-task-002358,4,4,4,0,0,1.364,0.636,3.31,0.58,0.24,0.46,7,0.73,256,14.3,211.4,1.09,48.2
format-code-task-002359,4,4,4,0,0,1.083,0.464,1.96,0.29,0.08,0.33,5,0.61,329,7.9,235.7,0.9,137.7
format-code-task-002360,4,4,4,0,0,1.325,0.598,2.33,0.3,0.14,0.44,12,0.78,318,7.7,686.3,0.64,199.0
format-code-task-002361,4,4,4,0,3,8.0,7.999,5.34,1.74,0.88,0.83,840,1.74,979,10.2,1344.4,14.14,191.5
format-code-task-002362,4,4,4,0,0,3.849,2.453,3.15,0.9,0.45,0.32,225,1.64,849,19.7,1299.1,11.28,115.6
format-code-task-002364,4,4,4,0,0,1.027,0.386,1.92,0.16,0.01,0.42,0,0.62,107,7.0,317.6,0.33,162.0
format-code-task-002365,4,4,4,0,0,1.226,0.617,2.12,0.17,0.03,0.46,3,0.61,100,9.1,482.7,0.21,166.5
format-code-task-002366,4,4,4,0,0,1.174,0.409,1.91,0.44,0.1,0.24,6,0.75,187,4.0,166.5,0.53,39.0
format-code-task-002367,4,4,4,0,0,1.093,0.422,1.98,0.14,0.0,0.44,0,0.62,111,8.0,620.7,0.18,222.0
format-code-task-002368,4,4,4,0,0,4.489,3.859,2.56,1.0,0.46,0.31,202,0.8,4257,36.4,947.6,4.16,121.6
format-code-task-002370,4,4,4,0,0,1.066,0.358,2.0,0.32,0.01,0.38,0,0.71,106,8.2,113.4,0.17,132.0
format-code-task-002371,4,4,4,0,0,1.081,0.376,1.98,0.2,0.01,0.34,0,0.71,98,3.2,353.9,0.17,33.0
format-code-task-002372,4,4,4,0,0,1.04,0.385,1.89,0.17,0.0,0.33,0,0.62,108,7.8,207.9,0.12,138.5
format-code-task-002373,4,4,4,0,0,1.079,0.459,1.77,0.26,0.01,0.36,0,0.62,99,7.5,152.1,0.23,63.2
format-code-task-002374,4,4,4,0,0,0.968,0.338,1.99,0.25,0.02,0.37,0,0.62,102,6.5,110.6,0.27,85.3
format-code-task-002375,4,4,4,0,0,1.018,0.418,2.03,0.3,0.02,0.31,1,0.62,99,4.1,157.8,0.45,48.2
format-code-task-002376,4,4,4,0,0,1.036,0.415,1.75,0.33,0.0,0.27,0,0.62,99,7.8,266.3,0.57,157.6
format-code-task-002377,4,4,4,0,0,0.961,0.34,1.98,0.17,0.01,0.39,0,0.62,106,7.7,304.9,0.1,173.7
format-code-task-002378,4,4,4,0,0,0.972,0.356,1.95,0.36,0.02,0.32,0,0.62,97,3.5,119.0,0.16,40.3
format-code-task-002379,4,4,4,0,1,8.0,7.673,1.86,0.3,0.0,0.36,0,0.62,106,11.5,184.8,0.31,110.1
format-code-task-002380,4,4,4,0,0,1.073,0.451,1.95,0.09,0.0,0.53,2,0.62,97,3.3,967.6,12.66,46.2
format-code-task-002382,4,4,4,0,0,1.031,0.364,1.99,0.16,0.01,0.45,0,0.62,107,4.8,241.1,0.11,136.0
format-code-task-002383,4,4,4,0,0,1.234,0.458,1.75,0.34,0.01,0.29,0,0.79,99,3.3,250.5,0.84,168.2
format-code-task-002384,4,4,4,0,0,1.153,0.443,1.91,0.68,0.03,0.19,8,0.71,192,28.9,712.6,4.66,110.4
format-code-task-002385,4,4,4,0,0,1.165,0.55,1.9,0.44,0.01,0.21,0,0.62,99,8.0,213.9,0.91,51.4
format-code-task-002386,4,4,4,0,0,1.18,0.536,1.77,0.63,0.06,0.33,12,0.64,199,7.6,392.3,2.83,179.3
format-code-task-002387,4,4,4,0,0,1.691,0.873,1.77,0.53,0.05,0.44,11,0.94,139,60.6,445.3,2.02,183.8
format-code-task-002388,4,4,4,0,0,1.024,0.409,1.79,0.18,0.0,0.37,0,0.62,100,7.2,327.9,3.12,78.0
format-code-task-002389,4,4,4,0,0,1.041,0.371,1.96,0.16,0.01,0.43,0,0.67,102,3.3,293.8,0.34,30.1
format-code-task-002390,4,4,4,0,0,1.072,0.424,1.94,0.21,0.01,0.37,0,0.65,99,7.5,378.6,9.18,46.4
format-code-task-002391,4,4,4,0,0,1.075,0.428,1.84,0.25,0.01,0.32,0,0.66,99,3.3,614.3,18.86,59.3
format-code-task-002393,4,4,4,0,0,1.034,0.357,1.96,0.37,0.01,0.35,0,0.66,100,8.0,68.5,0.36,46.4
format-code-task-002394,4,4,4,0,0,1.146,0.481,1.93,0.28,0.02,0.4,2,0.67,162,9.2,281.6,3.21,62.9
format-code-task-002395,4,4,4,0,0,1.218,0.545,2.0,0.28,0.01,0.36,0,0.68,100,9.2,368.5,3.03,56.7
format-code-task-002396,4,4,4,0,0,1.296,0.628,1.88,0.35,0.0,0.33,0,0.68,107,18.7,620.5,3.45,203.3
format-code-task-002397,4,4,4,0,0,0.967,0.357,1.98,0.37,0.02,0.36,0,0.61,106,5.7,73.8,0.71,100.0
format-code-task-002398,4,4,4,0,0,1.101,0.342,1.68,0.28,0.01,0.47,0,0.71,105,8.7,290.7,0.19,206.5
format-code-task-002399,4,4,4,0,0,1.194,0.523,2.11,0.28,0.05,0.31,7,0.62,105,17.0,322.9,0.9,137.5
format-code-task-002400,4,4,4,0,0,1.318,0.678,1.77,0.44,0.02,0.24,1,0.64,124,3.2,197.5,0.93,239.0
format-code-task-002401,4,4,4,0,0,1.333,0.681,1.89,0.38,0.01,0.28,1,0.67,127,3.6,217.6,1.08,43.9
format-code-task-002402,4,4,4,0,0,2.957,2.342,2.22,0.94,0.36,0.13,14,0.62,525,10.0,258.8,3.48,40.9
format-code-task-002403,4,4,4,0,0,0.987,0.36,1.96,0.19,0.01,0.4,0,0.63,99,8.2,304.7,0.16,59.7
format-code-task-002404,4,4,4,0,0,0.985,0.353,1.82,0.15,0.0,0.38,1,0.63,100,5.7,335.0,0.17,66.9
format-code-task-002405,4,4,4,0,0,7.264,5.432,3.89,1.28,0.63,0.27,79,2.27,699,10.7,293.0,1.91,134.5
format-code-task-002406,4,4,4,0,0,1.19,0.578,1.96,0.53,0.06,0.43,4,0.61,164,5.6,129.7,1.01,3.1
format-code-task-002407,4,4,4,0,0,1.146,0.477,2.17,0.92,0.3,0.66,33,0.67,190,5.3,321.4,2.16,42.7
format-code-task-002408,4,4,4,0,0,1.372,0.604,1.94,0.23,0.0,0.31,1,0.71,114,11.3,386.8,0.67,38.2
format-code-task-002409,4,4,4,0,0,1.065,0.354,1.93,0.14,0.01,0.39,0,0.71,109,7.7,358.5,0.35,120.3
format-code-task-002410,4,4,4,0,0,1.524,0.86,1.98,0.49,0.02,0.33,0,0.66,184,7.9,83.5,1.02,38.4
format-code-task-002411,4,4,4,0,0,1.034,0.414,1.94,0.27,0.01,0.33,0,0.62,102,3.4,185.9,0.46,49.0
format-code-task-002412,4,4,4,0,0,1.139,0.388,1.91,0.77,0.01,0.76,0,0.75,98,4.3,880.2,8.95,33.6
format-code-task-002413,4,4,4,0,0,1.11,0.371,1.88,0.34,0.02,0.37,0,0.74,105,7.5,137.1,0.68,49.4
format-code-task-002414,4,4,4,0,0,3.249,2.593,2.39,0.96,0.51,0.3,103,0.67,188,21.4,614.7,3.76,44.0
format-code-task-002415,4,4,4,0,0,1.013,0.361,1.98,0.2,0.01,0.38,0,0.67,107,13.7,180.3,0.13,144.5
format-code-task-002416,4,4,4,0,0,3.867,3.257,2.44,0.56,0.13,0.39,8,0.66,124,7.2,89.0,0.65,31.5
format-code-task-002418,4,4,4,0,0,1.024,0.388,1.89,0.34,0.01,0.47,0,0.64,110,3.7,590.4,6.76,130.3
format-code-task-002419,4,4,4,0,0,0.985,0.362,1.99,0.26,0.02,0.4,0,0.62,107,3.2,181.9,0.31,111.3
format-code-task-002421,4,4,4,0,0,2.542,1.701,3.12,0.8,0.27,0.22,24,1.21,269,149.3,157.0,0.07,132.4
format-code-task-002422,4,4,4,0,0,4.191,3.481,2.83,1.15,0.54,0.18,106,0.96,269,170.1,345.1,0.07,201.8
format-code-task-002423,4,4,4,0,0,1.024,0.362,1.95,0.32,0.01,0.35,0,0.62,113,7.5,93.3,0.08,193.7
format-code-task-002425,4,4,4,0,0,2.465,2.007,2.89,0.58,0.24,0.27,43,0.71,250,105.7,778.4,7.95,205.7
format-code-task-002426,4,4,4,0,0,2.865,2.194,2.55,0.59,0.13,0.29,29,0.72,192,105.5,635.0,1.8,167.5
format-code-task-002427,4,4,4,0,0,3.706,3.039,3.04,1.34,0.61,0.17,86,0.67,297,26.8,341.9,3.34,38.5
format-code-task-002428,4,4,4,0,0,5.042,4.328,3.2,1.31,0.62,0.14,142,0.76,365,34.4,706.9,3.81,50.0
format-code-task-002429,4,4,4,0,0,4.63,4.291,3.1,1.37,0.69,0.18,114,0.71,376,28.0,437.7,5.83,72.9
format-code-task-002430,4,4,4,0,0,4.748,4.13,2.98,1.34,0.64,0.16,102,0.69,383,11.8,446.8,2.37,107.5
format-code-task-002431,4,4,4,0,0,5.086,4.279,3.31,1.3,0.66,0.22,199,0.87,394,17.4,519.4,3.85,43.8
format-code-task-002432,4,4,4,0,0,3.037,2.407,2.36,1.29,0.64,0.16,161,0.67,216,14.6,853.7,3.72,47.1
format-code-task-002433,4,4,4,0,0,3.164,2.542,2.36,1.14,0.59,0.15,178,0.63,168,12.7,630.2,4.17,49.7
format-code-task-002434,4,4,4,0,0,1.187,0.427,2.09,0.5,0.09,0.36,3,0.77,98,4.4,200.3,0.66,42.4
format-code-task-002435,4,4,4,0,0,3.236,2.623,2.48,1.4,0.72,0.11,221,0.63,217,15.5,595.3,4.01,44.7
format-code-task-002436,4,4,4,0,0,5.482,5.235,2.84,1.74,0.86,0.1,1137,0.77,195,16.7,3339.3,12.1,33.4
format-code-task-002437,4,4,4,0,0,3.251,2.621,2.29,1.36,0.65,0.18,235,0.69,214,16.1,641.4,3.81,152.8
format-code-task-002438,4,4,4,0,0,4.133,3.46,2.39,1.62,0.81,0.1,161,0.72,244,10.0,400.6,8.22,48.5
format-code-task-002439,4,4,4,0,0,3.3,2.677,2.55,1.37,0.69,0.11,178,0.63,212,14.6,615.9,3.86,79.6
format-code-task-002440,4,4,4,0,0,3.48,2.852,2.39,1.38,0.7,0.14,152,0.64,215,17.6,360.8,2.88,4.6
format-code-task-002441,5,4,4,0,0,3.566,2.925,2.54,1.45,0.73,0.14,243,0.64,213,17.8,678.7,5.25,45.3
format-code-task-002442,4,4,4,0,0,4.723,4.057,3.18,1.29,0.66,0.18,128,0.67,263,24.0,470.0,3.5,57.9
format-code-task-002443,4,4,4,0,1,8.0,7.997,1.95,0.5,0.01,0.4,0,0.71,100,6.4,186.7,0.93,39.3
format-code-task-002444,4,4,4,0,0,4.621,4.348,7.63,1.18,0.61,0.17,139,0.67,313,27.1,756.0,2.42,40.1
format-code-task-002445,4,4,4,0,0,1.231,0.61,1.93,0.29,0.05,0.39,1,0.62,142,4.6,239.0,0.42,129.1
format-code-task-002446,4,4,4,0,0,2.513,1.695,1.99,0.57,0.01,0.43,2,0.82,127,11.6,602.0,3.75,81.9
format-code-task-002450,4,4,4,0,0,1.056,0.427,1.86,0.19,0.0,0.36,0,0.63,100,3.4,486.1,2.74,58.0
format-code-task-002451,4,4,4,0,0,1.215,0.466,1.95,0.5,0.07,0.46,3,0.75,245,9.0,93.6,1.19,48.6
format-code-task-002452,4,4,4,0,0,1.062,0.443,1.85,0.35,0.07,0.33,10,0.72,203,28.0,361.9,1.0,224.5
format-code-task-002453,4,4,4,0,0,2.589,1.936,1.86,0.33,0.06,0.3,9,0.66,267,15.4,564.6,0.97,187.7
format-code-task-002454,4,4,4,0,0,1.266,0.488,1.89,0.45,0.05,0.41,4,0.76,129,7.8,194.5,0.62,137.8
format-code-task-002455,4,4,4,0,0,1.138,0.46,1.96,0.37,0.07,0.51,3,0.67,184,8.5,107.5,0.27,59.0
format-code-task-002457,4,4,4,0,0,2.059,1.268,3.6,0.87,0.42,0.44,74,1.24,720,75.3,882.2,8.8,158.2
format-code-task-002458,4,4,4,0,0,0.982,0.329,1.96,0.2,0.01,0.45,0,0.61,101,6.1,235.0,0.08,70.0
format-code-task-002459,4,4,4,0,0,1.172,0.526,2.33,0.79,0.21,0.16,15,0.61,245,8.9,129.4,1.65,46.1
format-code-task-002460,4,4,4,0,0,1.151,0.529,1.94,0.36,0.05,0.27,9,0.62,201,10.9,527.6,0.88,184.1
format-code-task-002461,4,4,4,0,0,1.463,0.848,2.43,0.83,0.25,0.16,80,0.62,317,8.9,654.5,3.97,71.6
format-code-task-002462,4,4,4,0,0,1.724,0.967,2.34,0.59,0.29,0.4,18,0.82,436,28.5,238.1,0.35,156.9
format-code-task-002463,4,4,4,0,0,2.46,1.502,3.77,1.04,0.49,0.35,85,1.42,1029,3.3,536.5,7.12,155.1
format-code-task-002464,4,4,4,0,1,8.0,7.998,3.92,0.89,0.46,0.42,82,1.3,770,11.0,2119.8,19.97,140.7
format-code-task-002465,4,4,4,0,0,5.462,4.671,2.34,0.61,0.21,0.28,41,0.91,230,74.6,1592.0,8.7,126.7
format-code-task-002466,4,4,4,0,0,1.085,0.469,1.85,0.22,0.01,0.34,1,0.63,135,4.3,237.6,0.48,253.7
format-code-task-002468,4,4,4,0,0,1.218,0.551,1.89,0.7,0.0,0.15,1,0.67,101,7.7,515.1,3.57,52.3
format-code-task-002469,4,4,4,0,0,0.977,0.375,1.83,0.18,0.01,0.41,0,0.62,118,10.1,184.4,0.36,80.5
format-code-task-002470,4,4,4,0,0,1.076,0.325,1.94,0.26,0.01,0.45,0,0.75,99,3.7,277.7,0.03,36.8
format-code-task-002471,4,4,4,0,0,2.456,1.701,2.81,1.42,0.67,0.35,261,1.1,247,77.2,542.9,2.83,116.2
format-code-task-002472,4,4,4,0,0,3.663,2.673,2.09,0.39,0.13,0.26,10,1.01,398,29.2,305.3,0.36,99.6
format-code-task-002474,4,4,4,0,0,7.22,5.067,3.7,1.19,0.6,0.32,112,2.38,1760,153.9,452.7,1.11,154.0
format-code-task-002475,4,4,4,0,0,1.594,0.856,2.11,0.39,0.15,0.33,2,0.62,100,4.5,166.9,0.71,92.1
format-code-task-002476,4,4,4,0,0,0.985,0.396,1.97,0.13,0.01,0.5,0,0.62,139,8.8,423.4,0.34,233.8
format-code-task-002477,4,4,4,0,0,1.033,0.405,1.95,0.14,0.0,0.42,0,0.63,103,7.5,365.1,0.5,48.8
format-code-task-002478,4,4,4,0,0,1.72,1.023,2.08,0.57,0.21,0.35,7,0.7,169,34.1,226.0,0.29,140.3
format-code-task-002479,4,4,4,0,0,1.97,1.048,6.55,1.19,0.59,0.31,64,1.32,756,45.1,462.1,2.94,123.7
format-code-task-002480,4,4,4,0,0,0.975,0.393,1.77,0.14,0.0,0.43,0,0.62,132,9.7,172.0,0.22,149.6
format-code-task-002481,4,4,4,0,0,4.302,4.097,2.08,0.8,0.01,0.55,3,0.62,97,7.8,1626.2,14.0,149.7
format-code-task-002482,4,4,4,0,0,0.982,0.358,1.92,0.14,0.01,0.43,3,0.62,100,7.7,593.0,0.13,82.1
format-code-task-002483,4,4,4,0,0,1.561,0.736,1.93,0.65,0.04,0.19,4,0.93,136,3.2,233.6,2.47,177.6
format-code-task-002486,4,4,4,0,0,0.926,0.313,1.89,0.21,0.01,0.46,0,0.61,98,6.5,162.2,0.09,73.8
format-code-task-002487,4,4,4,0,0,1.773,1.218,2.15,0.33,0.09,0.53,15,0.63,620,18.8,781.5,5.01,157.2
format-code-task-002488,4,4,4,0,0,3.093,2.114,3.2,0.21,0.08,0.46,27,0.91,2593,54.5,573.5,3.27,157.7
format-code-task-002489,4,4,4,0,0,1.16,0.417,1.88,0.17,0.0,0.39,0,0.61,109,8.5,270.3,0.17,136.5
format-code-task-002490,4,4,4,0,0,3.226,2.075,2.92,1.23,0.62,0.28,106,2.03,878,4.6,467.4,4.41,142.8
format-code-task-002491,4,4,4,0,0,1.893,1.229,2.79,0.52,0.19,0.42,10,0.66,583,8.5,163.7,0.82,38.8
format-code-task-002492,4,4,4,0,0,3.434,2.741,3.44,0.78,0.35,0.3,50,0.62,858,15.3,328.0,2.63,173.4
format-code-task-002493,4,4,4,0,0,1.401,0.709,2.0,0.31,0.03,0.38,2,0.64,156,6.2,209.4,0.3,151.2
format-code-task-002494,4,4,4,0,0,1.178,0.565,2.01,0.88,0.0,0.08,0,0.62,106,128.8,892.4,6.57,136.3
format-code-task-002495,4,4,4,0,0,1.111,0.487,1.91,0.52,0.01,0.35,0,0.62,106,12.1,836.1,10.79,104.0
format-code-task-002496,4,4,4,0,0,1.091,0.473,2.0,0.17,0.01,0.48,0,0.62,109,341.1,1071.7,12.11,202.0
format-code-task-002499,4,4,4,0,0,1.006,0.341,1.83,0.26,0.01,0.38,0,0.67,99,4.5,120.9,0.12,37.5
format-code-task-002500,4,4,4,0,0,1.176,0.515,1.98,0.19,0.01,0.43,0,0.64,144,4.4,247.7,0.11,140.3
format-code-task-002502,4,4,4,0,2,8.0,7.991,3.86,1.61,0.8,0.38,231,4.7,1468,11.1,656.4,9.83,133.6
format-code-task-002503,4,4,4,0,0,4.937,4.838,2.16,1.49,0.25,0.12,243,0.68,528,13.2,3604.2,53.92,279.7
format-code-task-002504,4,4,4,0,0,0.966,0.343,1.98,0.24,0.01,0.34,0,0.62,104,13.8,198.3,0.12,181.4
format-code-task-002505,4,4,4,0,0,2.475,1.434,3.13,1.18,0.56,0.32,46,1.16,789,56.5,188.5,1.58,285.0
format-code-task-002506,4,4,4,0,0,1.163,0.549,1.75,0.37,0.04,0.37,1,0.62,111,9.9,379.5,7.32,225.3
format-code-task-002507,4,4,4,0,0,1.075,0.462,1.99,0.37,0.01,0.27,0,0.62,108,11.4,375.6,1.79,106.8
format-code-task-002508,4,4,4,0,0,1.002,0.386,1.93,0.17,0.01,0.41,1,0.62,111,4.0,358.3,0.17,197.7
format-code-task-002509,4,4,4,0,0,2.406,1.352,3.07,1.19,0.59,0.4,77,1.74,1750,174.6,280.6,3.15,149.8
format-code-task-002510,4,4,4,0,0,2.006,1.341,2.29,0.81,0.32,0.38,9,0.64,354,13.1,126.7,0.83,130.1
format-code-task-002511,4,4,4,0,0,0.972,0.358,1.84,0.41,0.02,0.36,0,0.61,112,7.5,47.5,0.24,106.0
format-code-task-002512,4,4,4,0,0,4.337,2.305,3.75,1.0,0.52,0.34,123,2.53,653,129.3,499.7,2.21,124.5
format-code-task-002513,4,4,4,0,0,2.36,1.606,2.23,0.53,0.18,0.4,25,0.87,188,55.7,290.3,0.26,142.9
format-code-task-002515,4,4,4,0,0,1.526,0.738,2.25,0.3,0.13,0.39,11,0.89,434,9.0,424.5,1.24,123.7
format-code-task-002516,4,4,4,0,0,1.034,0.445,1.89,0.24,0.01,0.55,1,0.67,99,8.0,1391.6,14.47,46.0
format-code-task-002517,4,4,4,0,0,1.722,0.816,2.74,0.37,0.17,0.46,14,0.89,266,9.4,313.8,0.44,51.0
format-code-task-002518,4,4,4,0,0,2.118,1.278,4.07,0.57,0.25,0.45,30,0.98,659,25.0,1060.1,8.39,71.6
format-code-task-002519,4,4,4,0,0,1.066,0.382,1.94,0.4,0.01,0.35,0,0.67,101,7.7,107.4,0.37,60.9
format-code-task-002520,4,4,4,0,0,0.941,0.336,1.97,0.25,0.01,0.47,0,0.61,104,7.4,244.2,1.42,33.6
format-code-task-002521,4,4,4,0,0,0.986,0.361,1.96,0.23,0.01,0.38,4,0.61,109,7.7,165.8,0.18,209.7
format-code-task-002522,4,4,4,0,0,1.121,0.426,1.98,0.26,0.04,0.55,5,0.71,159,8.7,267.9,0.46,97.4
format-code-task-002523,4,4,4,0,0,1.14,0.424,1.98,0.15,0.0,0.37,1,0.62,108,7.6,353.8,0.62,120.0
format-code-task-002525,4,4,4,0,0,1.673,0.813,2.73,0.62,0.29,0.42,24,0.91,523,7.9,479.6,1.12,123.8
format-code-task-002528,4,4,4,0,0,1.023,0.387,2.03,0.14,0.01,0.51,0,0.63,106,4.4,445.8,0.46,203.3
format-code-task-002529,4,4,4,0,0,1.271,0.527,2.65,0.26,0.12,0.57,13,0.71,260,12.4,619.4,0.59,50.3
format-code-task-002531,4,4,4,0,0,5.302,3.836,3.09,1.23,0.63,0.36,118,2.62,1068,6.6,383.9,4.37,118.2
format-code-task-002532,4,4,4,0,0,1.38,0.773,1.85,0.33,0.01,0.31,0,0.61,104,6.1,217.0,0.38,37.7
format-code-task-002533,4,4,4,0,0,0.963,0.353,1.9,0.22,0.01,0.41,1,0.61,106,4.3,218.3,0.16,172.4
format-code-task-002535,4,4,4,0,0,1.159,0.522,1.78,0.31,0.0,0.48,2,0.64,112,9.9,845.8,13.62,175.1
format-code-task-002536,4,4,4,0,0,1.207,0.488,2.01,0.2,0.0,0.53,1,0.68,111,10.3,1926.2,9.85,164.9
format-code-task-002537,4,4,4,0,0,1.071,0.427,1.9,0.21,0.01,0.4,0,0.64,107,10.3,239.7,0.25,251.6
format-code-task-002538,4,4,4,0,0,1.117,0.4,1.91,0.29,0.01,0.37,0,0.72,108,6.9,169.7,0.98,182.6
format-code-task-002539,4,4,4,0,0,0.959,0.344,1.99,0.27,0.02,0.4,0,0.62,104,8.1,144.9,0.56,123.7
format-code-task-002540,4,4,4,0,0,1.385,0.665,2.61,0.8,0.39,0.39,21,0.84,335,7.8,329.3,0.93,122.8
format-code-task-002541,4,4,4,0,0,0.974,0.366,1.79,0.16,0.0,0.37,0,0.63,100,11.1,284.9,0.3,93.6
format-code-task-002542,4,4,4,0,0,0.927,0.32,2.01,0.22,0.01,0.38,0,0.61,99,7.8,186.4,0.04,35.3
format-code-task-002543,4,4,4,0,0,0.981,0.361,1.97,0.16,0.0,0.42,0,0.62,129,7.7,285.1,0.21,112.1
format-code-task-002544,4,4,4,0,0,1.122,0.476,1.83,0.35,0.0,0.27,0,0.64,126,26.1,176.2,0.32,174.5
format-code-task-002545,4,4,4,0,0,1.025,0.412,1.95,0.37,0.01,0.28,0,0.62,107,44.5,103.5,0.37,95.7
format-code-task-002547,4,4,4,0,0,6.601,4.335,3.16,1.14,0.62,0.38,93,2.49,1023,7.9,379.1,2.46,172.9
format-code-task-002548,4,4,4,0,0,1.94,1.205,2.27,0.77,0.36,0.43,46,1.04,207,10.7,690.0,1.13,268.8
format-code-task-002549,4,4,4,0,0,1.026,0.385,1.8,0.2,0.01,0.38,0,0.63,101,7.8,161.0,0.5,60.1
format-code-task-002550,4,4,4,0,0,0.918,0.313,1.98,0.16,0.01,0.43,0,0.61,108,8.2,237.2,0.04,70.9
format-code-task-002551,4,4,4,0,0,1.205,0.659,1.93,0.71,0.0,0.53,7,0.76,100,8.0,3395.7,33.22,72.2
format-code-task-002552,4,4,4,0,0,1.104,0.354,1.98,0.4,0.02,0.35,0,0.75,100,4.6,76.1,0.25,37.7
format-code-task-002554,4,4,4,0,0,1.066,0.45,1.97,0.4,0.01,0.32,0,0.62,100,6.2,92.6,0.48,40.6
format-code-task-002555,4,4,4,0,0,1.016,0.413,1.94,0.14,0.01,0.38,0,0.61,99,7.5,242.1,0.43,129.0
format-code-task-002557,4,4,4,0,0,1.329,0.563,1.92,0.58,0.0,0.28,1,0.79,106,17.8,665.9,2.65,127.0
format-code-task-002558,5,4,5,0,2,8.0,7.999,3.05,1.81,0.88,0.18,970,2.18,299,652.7,1594.5,30.76,191.7
format-code-task-002559,4,4,4,0,0,8.0,7.874,2.65,1.49,0.65,0.16,402,1.4,224,120.9,1095.8,9.51,155.5
format-code-task-002560,4,4,4,0,0,1.019,0.4,2.01,0.12,0.0,0.46,1,0.62,106,11.9,386.7,0.36,166.6
format-code-task-002561,4,4,4,0,0,0.97,0.362,1.76,0.08,0.0,0.55,2,0.61,101,8.7,956.2,5.99,40.4
format-code-task-002562,4,4,4,0,0,0.987,0.375,1.92,0.35,0.01,0.72,0,0.62,108,9.4,631.1,2.23,184.8
format-code-task-002563,4,4,4,0,0,0.972,0.359,1.95,0.26,0.01,0.46,0,0.61,99,3.9,197.3,0.33,153.9
format-code-task-002564,4,4,4,0,0,1.03,0.365,1.97,0.26,0.01,0.37,0,0.62,106,6.3,104.3,0.11,144.4
format-code-task-002566,4,4,4,0,0,1.036,0.383,1.97,0.37,0.01,0.38,0,0.63,108,6.1,87.2,0.25,107.8
format-code-task-002567,4,4,4,0,0,1.028,0.383,2.0,0.12,0.0,0.45,0,0.62,109,7.8,256.9,0.21,128.8
format-code-task-002568,4,4,4,0,0,0.972,0.354,1.86,0.18,0.01,0.38,0,0.62,111,35.2,223.3,0.25,132.3
format-code-task-002569,4,4,4,0,0,0.964,0.351,2.03,0.22,0.01,0.51,0,0.62,104,4.3,170.1,3.07,192.2
format-code-task-002570,4,4,4,0,0,1.132,0.428,2.02,0.39,0.04,0.49,3,0.64,109,58.3,153.9,0.31,197.0
format-code-task-002571,4,4,4,0,0,1.049,0.392,1.82,0.13,0.0,0.43,0,0.62,109,7.5,327.6,0.22,137.7
format-code-task-002572,4,4,4,0,0,0.991,0.378,1.91,0.2,0.0,0.37,0,0.62,109,9.1,216.2,0.18,235.4
format-code-task-002573,4,4,4,0,0,1.612,0.788,2.92,0.46,0.2,0.42,16,0.98,298,614.1,285.0,2.22,127.5
format-code-task-002574,4,4,4,0,0,1.567,0.766,2.32,1.54,0.54,0.27,21,0.89,413,8.7,760.7,8.43,41.6
format-code-task-002578,4,4,4,0,0,1.514,0.906,1.79,0.18,0.0,0.32,1,0.61,96,7.9,305.6,1.54,56.5
format-code-task-002579,4,4,4,0,0,2.463,1.542,2.19,0.66,0.05,0.42,5,0.94,316,8.8,1131.9,13.54,4.7
format-code-task-002580,4,4,4,0,0,1.072,0.426,1.78,0.24,0.02,0.33,1,0.66,101,5.5,521.4,0.25,43.6
format-code-task-002581,4,4,4,0,0,1.261,0.64,2.42,0.29,0.03,0.3,5,0.61,131,7.8,448.4,0.46,145.8
format-code-task-002582,4,4,4,0,0,1.289,0.678,2.54,1.64,0.84,0.04,511,0.61,229,15.4,909.3,16.36,72.3
format-code-task-002586,4,4,4,0,0,1.111,0.438,2.1,0.61,0.17,0.28,2,0.66,96,3.5,110.2,0.41,165.4
format-code-task-002587,4,4,4,0,0,1.022,0.408,1.84,0.18,0.0,0.42,0,0.62,109,6.3,260.0,0.21,199.1
format-code-task-002588,4,4,4,0,0,4.72,3.944,2.38,1.26,0.57,0.1,32,0.78,263,151.0,168.9,0.15,123.7
format-code-task-002589,4,4,4,0,0,0.998,0.376,1.99,0.16,0.01,0.41,0,0.63,109,9.7,265.9,0.08,123.9
format-code-task-002590,4,4,4,0,0,0.963,0.312,1.98,0.34,0.04,0.39,0,0.61,95,6.2,48.8,0.07,47.4
format-code-task-002591,4,4,4,0,0,1.346,0.804,1.94,0.63,0.07,0.3,11,0.65,107,14.2,397.1,2.26,123.7
format-code-task-002593,4,4,4,0,0,1.988,1.204,2.1,0.67,0.29,0.13,9,0.67,97,13.7,309.7,0.88,42.3
format-code-task-002594,4,4,4,0,0,1.282,0.592,1.97,0.39,0.01,0.33,0,0.67,100,4.5,291.4,1.47,41.6
format-code-task-002595,4,4,4,0,0,1.25,0.485,1.98,0.21,0.0,0.51,1,0.77,99,4.2,585.7,1.03,34.3
format-code-task-002596,4,4,4,0,0,0.975,0.372,1.97,0.1,0.0,0.55,0,0.62,108,7.2,494.2,0.05,155.3
format-code-task-002597,4,4,4,0,0,2.021,1.066,3.0,0.69,0.34,0.33,21,0.92,399,5.4,342.3,1.66,58.2
format-code-task-002598,4,4,4,0,0,2.077,1.119,2.65,1.2,0.55,0.29,27,1.23,468,43.4,132.3,1.61,61.1
format-code-task-002599,4,4,4,0,0,1.056,0.45,2.02,0.42,0.06,0.38,3,0.61,129,3.4,114.8,0.31,5.9
format-code-task-002600,4,4,4,0,0,1.077,0.447,1.95,0.32,0.06,0.58,9,0.66,202,21.2,850.0,0.61,148.1
format-code-task-002601,4,4,4,0,0,1.0,0.378,1.85,0.2,0.03,0.58,4,0.62,190,7.0,396.5,0.77,50.8
format-code-task-002602,4,4,4,0,0,1.315,0.705,1.97,0.48,0.11,0.36,8,0.61,268,12.3,205.1,1.1,124.8
format-code-task-002605,4,4,4,0,0,2.003,0.977,3.79,1.18,0.56,0.39,48,1.13,796,9.2,232.3,1.63,155.1
format-code-task-002606,4,4,4,0,0,4.673,4.006,2.79,1.27,0.34,0.16,318,1.89,3773,155.4,3604.2,14.33,160.2
format-code-task-002607,4,4,4,0,0,3.969,3.031,2.29,0.49,0.19,0.27,28,0.65,504,11.9,299.8,0.85,127.7
format-code-task-002609,4,4,4,0,0,1.285,0.665,1.89,0.32,0.04,0.3,3,0.63,185,17.4,185.9,0.35,42.1
format-code-task-002610,4,4,4,0,0,1.232,0.396,1.76,0.37,0.01,0.28,0,0.88,99,3.4,258.1,2.49,46.6
format-code-task-002611,4,4,4,0,0,1.185,0.417,1.99,0.16,0.0,0.42,0,0.71,108,26.0,534.5,1.63,154.9
format-code-task-002612,4,4,4,0,0,0.936,0.309,1.99,0.15,0.01,0.42,0,0.61,101,7.6,209.1,0.02,50.6
format-code-task-002613,4,4,4,0,0,1.102,0.449,1.87,0.17,0.01,0.54,0,0.69,108,5.3,460.4,2.63,98.6
format-code-task-002614,4,4,4,0,0,1.212,0.495,1.94,0.73,0.08,0.29,6,527.35,180,9.3,165.3,2.14,53.4
format-code-task-002615,4,4,4,0,0,1.346,0.74,1.79,0.48,0.07,0.17,8,0.62,319,14.3,376.8,1.81,67.9
format-code-task-002616,4,4,4,0,0,3.551,2.014,3.08,1.37,0.68,0.37,88,1.32,743,9.4,300.8,5.84,64.3
format-code-task-002617,4,4,4,0,0,1.608,0.78,2.49,0.72,0.34,0.4,19,0.87,720,25.2,872.4,9.17,118.2
format-code-task-002618,4,4,4,0,0,1.418,0.729,1.81,0.6,0.08,0.19,8,0.62,199,6.5,251.9,3.29,77.0
format-code-task-002619,4,4,4,0,0,1.287,0.538,2.34,1.1,0.51,0.15,42,0.75,289,8.1,175.6,5.26,79.5
format-code-task-002620,4,4,4,0,0,0.977,0.349,1.98,0.22,0.01,0.45,0,0.62,108,4.6,365.2,0.77,106.0
format-code-task-002621,4,4,4,0,0,0.981,0.364,1.95,0.19,0.01,0.46,0,0.62,109,7.8,504.3,0.28,116.2
format-code-task-002622,4,4,4,0,0,1.573,0.725,3.4,1.7,0.85,0.58,87,0.84,413,25.7,768.8,10.74,63.7
format-code-task-002623,4,4,4,0,0,2.501,1.426,3.11,0.82,0.39,0.36,38,1.09,640,19.2,273.1,3.15,237.3
format-code-task-002624,4,4,4,0,0,1.406,0.678,2.37,0.56,0.07,0.4,8,0.8,302,7.0,623.9,3.58,99.9
format-code-task-002626,4,4,4,0,0,0.929,0.315,1.85,0.14,0.0,0.49,0,0.61,99,5.3,373.3,0.04,62.3
format-code-task-002627,4,4,4,0,0,1.964,1.14,3.55,1.13,0.52,0.36,34,1.07,689,75.9,140.9,1.19,170.7
format-code-task-002628,4,4,4,0,0,1.08,0.455,1.88,0.32,0.03,0.28,3,0.61,161,8.8,250.0,0.59,186.7
format-code-task-002629,4,4,4,0,0,1.025,0.41,1.94,0.13,0.01,0.42,1,0.74,107,17.6,314.6,1.35,134.4
format-code-task-002630,4,4,4,0,0,6.389,5.711,2.27,1.26,0.63,0.17,105,0.69,1352,30.1,613.0,3.4,102.3
format-code-task-002631,4,4,4,0,0,1.13,0.442,1.91,0.27,0.02,0.51,1,0.67,102,7.1,692.5,13.04,62.9
format-code-task-002632,4,4,4,0,0,1.125,0.46,1.83,0.3,0.02,0.46,0,0.66,99,7.6,152.5,0.58,72.6
format-code-task-002633,4,4,4,0,0,1.105,0.424,1.95,0.44,0.03,0.37,0,0.66,99,4.4,67.4,0.82,38.2
format-code-task-002634,4,4,4,0,0,1.115,0.452,1.93,0.37,0.03,0.34,0,0.66,100,7.6,94.9,0.77,44.3
format-code-task-002635,4,4,4,0,0,1.101,0.432,1.98,0.37,0.04,0.39,0,0.66,98,8.0,96.9,0.58,44.0
format-code-task-002636,4,4,4,0,0,1.17,0.499,1.86,0.3,0.01,0.35,1,0.68,100,7.7,327.5,3.22,72.4
format-code-task-002637,4,4,4,0,0,1.349,0.687,1.94,0.48,0.02,0.31,1,0.66,100,8.0,333.2,2.39,55.0
format-code-task-002638,4,4,4,0,0,1.308,0.649,1.95,0.48,0.02,0.29,0,0.66,100,7.8,276.9,1.73,61.8
format-code-task-002639,4,4,4,0,0,1.355,0.687,1.86,0.59,0.02,0.28,0,0.66,99,6.6,427.8,5.4,80.2
format-code-task-002640,4,4,4,0,0,1.767,1.128,1.79,0.75,0.02,0.24,2,0.68,103,5.1,577.2,7.04,48.2
format-code-task-002641,4,4,4,0,0,3.257,2.507,1.89,0.69,0.07,0.51,9,0.72,199,6.3,531.2,8.03,56.9
format-code-task-002642,4,4,4,0,0,2.98,1.931,3.09,0.97,0.18,0.44,16,1.25,300,8.7,2005.0,39.24,51.6
format-code-task-002643,4,4,4,0,0,1.094,0.473,1.92,0.21,0.02,0.41,5,0.63,106,11.8,936.8,0.44,142.5
format-code-task-002644,4,4,4,0,0,1.573,0.644,2.71,0.65,0.2,0.44,22,0.82,254,9.1,299.7,1.61,41.4
format-code-task-002645,4,4,4,0,0,2.013,1.373,2.4,0.67,0.28,0.34,12,1.23,449,9.5,427.3,3.48,92.5
format-code-task-002646,4,4,4,0,0,1.503,0.641,2.04,0.19,0.01,0.52,1,0.65,107,4.1,271.3,1.58,224.8
format-code-task-002647,4,4,4,0,0,1.253,0.648,1.88,0.6,0.0,0.36,0,0.62,104,59.7,397.4,1.09,110.0
format-code-task-002648,4,4,4,0,0,0.95,0.34,1.99,0.35,0.03,0.38,0,0.61,99,7.0,95.9,0.1,55.1
format-code-task-002649,4,4,4,0,0,1.406,0.59,1.8,0.71,0.09,0.16,11,1.17,189,9.1,281.8,2.21,61.7
format-code-task-002650,4,4,4,0,4,8.0,7.999,2.87,1.62,0.73,0.16,222,0.72,613,20.3,1769.2,25.97,192.5
format-code-task-002651,4,4,4,0,0,1.291,0.601,2.0,0.3,0.04,0.39,0,0.66,128,7.9,490.4,2.53,67.9
format-code-task-002652,4,4,4,0,0,2.224,1.421,2.01,0.6,0.01,0.3,1,1.74,137,18.8,1455.4,3.21,239.7
format-code-task-002653,4,4,4,0,0,1.662,1.054,2.14,0.34,0.1,0.26,3,0.66,153,33.5,197.9,0.08,169.1
format-code-task-002654,4,4,4,0,0,5.32,4.664,2.54,0.72,0.37,0.34,44,0.63,436,7.8,775.6,6.42,86.4
format-code-task-002655,4,4,4,0,0,4.398,3.678,2.52,0.7,0.31,0.32,40,0.69,562,7.7,269.3,0.84,33.9
format-code-task-002656,4,4,4,0,0,1.184,0.516,1.95,0.23,0.01,0.39,0,0.63,110,7.9,344.1,0.22,93.2
format-code-task-002657,4,4,4,0,0,7.97,7.3,2.82,1.34,0.68,0.29,372,0.7,532,8.8,677.3,9.53,107.5
format-code-task-002658,4,4,4,0,0,1.435,0.706,2.14,0.24,0.04,0.39,2,0.66,325,4.7,463.6,0.39,47.4
format-code-task-002659,4,4,4,0,0,2.73,2.025,2.91,1.46,0.71,0.31,323,0.84,1753,3.4,1095.8,11.45,49.9
format-code-task-002660,4,4,4,0,0,3.629,2.95,2.38,1.15,0.51,0.2,54,0.66,1117,7.7,287.3,1.61,62.8
format-code-task-002661,4,4,4,0,0,1.077,0.349,1.92,0.42,0.02,0.42,0,0.7,99,7.9,46.2,0.15,51.3
format-code-task-002662,4,4,4,0,0,0.961,0.353,1.85,0.11,0.0,0.43,0,0.61,100,3.5,464.6,0.11,212.5
format-code-task-002663,4,4,4,0,0,0.98,0.352,2.0,0.2,0.02,0.47,0,0.61,104,4.3,149.0,0.1,39.1
format-code-task-002664,4,4,4,0,0,1.069,0.412,1.93,0.76,0.0,0.09,0,0.61,105,15.7,812.9,6.63,157.9
format-code-task-002665,4,4,4,0,0,1.663,1.006,2.2,0.8,0.36,0.19,16,0.61,204,14.3,194.9,1.09,49.1
format-code-task-002666,4,4,4,0,0,1.728,1.036,2.15,0.42,0.19,0.24,6,0.87,335,37.7,318.6,0.13,96.0
format-code-task-002667,4,4,4,0,0,1.539,0.831,1.9,0.51,0.06,0.38,9,0.71,201,15.1,854.2,6.42,140.9
format-code-task-002668,4,4,4,0,0,2.6,1.874,2.47,0.46,0.19,0.47,23,0.71,192,7.4,436.2,1.01,50.6
format-code-task-002669,4,4,4,0,0,1.401,0.779,2.02,0.58,0.09,0.28,2,0.72,110,13.1,742.6,1.2,120.5
format-code-task-002670,4,4,4,0,0,2.315,1.454,2.61,0.94,0.45,0.32,31,0.94,760,22.5,275.4,0.84,137.7
format-code-task-002672,4,4,4,0,0,1.098,0.429,1.83,0.45,0.11,0.5,6,0.67,191,8.7,206.8,0.73,65.4
format-code-task-002673,4,4,4,0,0,1.222,0.51,2.19,0.34,0.13,0.42,5,0.77,264,4.1,367.4,0.41,45.2
format-code-task-002674,4,4,4,0,0,1.178,0.428,1.95,0.25,0.04,0.46,2,0.79,127,4.3,261.7,0.39,54.2
format-code-task-002675,4,4,4,0,0,1.27,0.545,1.94,0.32,0.05,0.32,1,0.62,126,3.3,147.7,0.26,112.7
format-code-task-002676,4,4,4,0,0,1.007,0.386,1.95,0.1,0.0,0.51,1,0.62,115,11.4,392.9,0.94,182.0
format-code-task-002677,4,4,4,0,0,2.718,1.712,4.4,0.8,0.44,0.42,94,1.23,1049,22.0,892.5,2.03,132.3
format-code-task-002678,4,4,4,0,0,2.4,1.299,2.92,1.12,0.58,0.36,70,1.35,638,19.2,338.4,4.18,97.9
format-code-task-002679,4,4,4,0,0,1.228,0.573,1.85,0.12,0.01,0.46,1,0.62,112,5.6,1183.2,17.33,208.4
format-code-task-002680,5,4,5,0,1,8.0,7.945,1.94,0.5,0.0,0.36,13,0.61,100,102.6,1434.2,0.47,72.0
format-code-task-002681,4,4,4,0,0,4.732,3.053,4.87,0.59,0.33,0.31,91,2.01,532,12.9,1298.6,26.02,67.7
format-code-task-002682,4,4,4,0,0,3.982,3.491,2.84,1.64,0.82,0.07,198,0.63,346,127.9,879.3,9.36,168.5
format-code-task-002684,4,4,4,0,0,1.499,0.715,2.28,0.72,0.31,0.43,8,0.79,389,7.2,93.2,2.97,33.1
format-code-task-002686,4,4,4,0,0,1.206,0.59,2.1,0.46,0.2,0.17,8,0.61,97,8.5,407.2,2.12,62.0
format-code-task-002687,5,4,4,1,0,2.411,1.039,3.25,1.3,0.64,0.31,53,1.46,438,1800.0,249.7,1.81,61.8
format-code-task-002688,4,4,4,0,0,1.377,0.597,2.86,0.45,0.22,0.42,15,0.84,264,6.0,273.6,1.92,65.2
format-code-task-002689,4,4,4,0,0,2.027,1.219,2.17,0.55,0.17,0.23,3,0.64,534,11.0,283.6,0.64,410.7
format-code-task-002690,4,4,4,0,0,3.332,2.679,3.11,0.48,0.21,0.22,26,0.67,590,27.0,355.8,1.09,353.1
format-code-task-002691,4,4,4,0,0,2.882,1.514,3.05,1.39,0.66,0.35,75,1.28,1129,3.4,256.9,2.27,191.8
format-code-task-002692,4,4,4,0,0,4.205,2.629,2.16,1.09,0.38,0.12,26,1.54,249,254.1,417.5,1.79,274.5
format-code-task-002693,4,4,4,0,0,7.489,4.874,6.28,1.48,0.75,0.42,304,2.82,1199,39.0,584.4,13.91,364.3
format-code-task-002694,4,4,4,0,0,1.616,0.815,2.36,0.82,0.31,0.32,10,0.83,364,9.0,144.5,1.4,94.4
format-code-task-002695,4,4,4,0,0,8.0,7.814,3.79,1.43,0.71,0.36,227,3.96,2012,160.6,681.4,3.56,135.0
format-code-task-002696,4,4,4,0,0,1.067,0.394,1.8,0.25,0.02,0.4,0,0.66,135,6.9,303.8,0.68,101.3
format-code-task-002697,4,4,4,0,0,1.547,0.917,2.18,0.79,0.25,0.7,42,0.67,203,12.4,566.4,2.63,104.6
format-code-task-002698,4,4,4,0,0,1.062,0.379,1.8,0.15,0.0,0.46,1,0.62,109,8.5,415.1,0.6,210.3
format-code-task-002699,4,4,4,0,0,2.522,1.834,1.89,0.5,0.01,0.26,1,0.98,109,83.9,390.2,1.11,281.8
format-code-task-002701,4,4,4,0,0,1.092,0.448,1.81,0.39,0.05,0.45,6,0.64,139,12.3,456.8,0.78,265.3
format-code-task-002702,4,4,4,0,0,1.106,0.429,1.9,0.91,0.03,0.33,0,0.63,102,9.0,1374.5,9.21,5.7
format-code-task-002703,4,4,4,0,0,1.153,0.498,2.42,0.28,0.13,0.52,16,0.7,258,7.8,955.3,0.33,39.1
format-code-task-002705,4,4,4,0,0,0.968,0.375,1.85,0.27,0.01,0.4,0,0.61,100,3.9,84.1,0.18,80.7
format-code-task-002706,4,4,4,0,0,3.424,2.676,2.19,0.66,0.25,0.19,11,0.68,179,86.2,159.7,0.24,136.2
format-code-task-002709,4,4,4,0,0,1.117,0.358,1.94,0.25,0.01,0.39,0,0.71,108,10.3,147.9,0.21,96.7
format-code-task-002710,4,4,4,0,0,0.952,0.353,2.01,0.16,0.01,0.5,0,0.62,106,7.1,319.8,0.26,116.6
format-code-task-002711,4,4,4,0,0,5.035,4.258,2.91,1.77,0.86,0.07,288,0.81,687,50.1,928.1,14.77,144.5
format-code-task-002713,4,4,4,0,0,1.397,0.646,3.23,0.55,0.21,0.49,22,0.8,271,8.4,286.9,0.79,144.3
format-code-task-002714,4,4,4,0,0,1.144,0.392,1.97,0.35,0.01,0.27,0,0.76,95,5.4,348.5,0.36,42.2
format-code-task-002715,4,4,4,0,0,1.004,0.38,2.01,0.31,0.01,0.35,0,0.61,108,8.7,194.6,0.57,152.1
format-code-task-002716,4,4,4,0,0,1.029,0.369,1.85,0.6,0.01,0.3,0,0.61,109,9.3,149.7,1.2,5.3
format-code-task-002717,4,4,4,0,0,1.056,0.435,1.91,0.25,0.0,0.36,0,0.62,107,8.2,459.5,1.16,154.8
format-code-task-002718,4,4,4,0,0,1.705,1.091,1.81,0.83,0.0,0.17,3,0.62,104,7.8,795.2,10.42,43.6
format-code-task-002719,4,4,4,0,0,1.01,0.397,1.82,0.72,0.0,0.19,1,0.62,98,4.2,365.9,3.67,47.7
format-code-task-002720,4,4,4,0,0,3.23,2.597,2.52,0.5,0.13,0.36,35,0.63,162,8.1,564.4,1.73,200.8
format-code-task-002721,4,4,4,0,0,1.323,0.701,2.02,0.86,0.0,0.12,2,0.62,136,8.1,1517.4,12.79,108.6
format-code-task-002722,4,4,4,0,0,1.797,1.182,1.79,0.38,0.0,0.28,1,0.62,103,7.9,448.9,1.89,65.6
format-code-task-002723,4,4,4,0,0,1.838,1.221,1.96,0.76,0.01,0.26,1,0.62,94,4.4,460.7,5.47,73.1
format-code-task-002724,4,4,4,0,0,3.062,2.433,2.92,0.8,0.24,0.19,120,0.63,152,7.8,650.2,3.98,60.8
format-code-task-002725,4,4,4,0,0,1.918,1.32,1.82,0.62,0.0,0.25,0,0.62,99,7.7,452.1,4.01,46.4
format-code-task-002726,4,4,4,0,0,2.146,1.525,2.15,0.92,0.02,0.14,8,0.62,153,7.6,1065.4,12.62,141.1
format-code-task-002727,4,4,4,0,0,6.872,6.623,1.93,0.86,0.0,0.29,1,0.74,95,7.0,898.0,9.68,43.9
format-code-task-002728,4,4,4,0,0,2.611,1.995,2.29,0.26,0.12,0.38,17,0.62,601,10.6,657.7,10.36,120.2
format-code-task-002730,4,4,4,0,0,2.448,1.72,2.61,0.94,0.4,0.25,16,0.62,455,6.8,269.2,1.06,104.7
format-code-task-002731,4,4,4,0,0,1.2,0.425,1.78,0.2,0.01,0.39,0,0.83,109,14.2,188.4,0.22,246.0
format-code-task-002732,4,4,4,0,0,8.0,6.074,3.96,1.54,0.78,0.34,577,4.76,1455,153.7,1037.6,7.96,340.3
format-code-task-002733,4,4,4,0,0,3.823,2.763,3.78,1.21,0.62,0.42,176,2.27,1170,236.8,533.3,3.55,254.8
format-code-task-002734,4,4,4,0,0,1.004,0.375,1.95,0.17,0.0,0.36,0,0.63,98,11.1,266.5,0.34,110.7
format-code-task-002735,4,4,4,0,0,0.963,0.332,1.87,0.27,0.01,0.35,0,0.61,131,4.5,89.0,0.21,65.7
format-code-task-002736,4,4,4,0,0,1.207,0.458,2.06,0.7,0.21,0.47,19,0.75,189,5.3,402.0,2.02,67.0
format-code-task-002737,4,4,4,0,0,1.202,0.399,1.84,0.23,0.06,0.55,11,0.66,204,6.6,478.7,0.74,129.2
format-code-task-002739,4,4,4,0,0,1.543,0.772,2.48,1.52,0.65,0.72,461,0.85,193,5.5,1253.9,18.38,40.8
format-code-task-002740,4,4,4,0,0,4.172,2.868,3.09,0.99,0.31,0.41,259,1.51,896,249.0,1275.6,3.31,180.1
format-code-task-002741,4,4,4,0,0,3.738,3.055,2.55,1.13,0.6,0.25,67,0.66,583,7.2,340.0,4.36,44.3
format-code-task-002742,4,4,4,0,0,0.977,0.361,1.99,0.2,0.01,0.41,0,0.62,112,9.1,696.6,0.17,114.7
format-code-task-002744,4,4,4,0,0,2.169,1.444,2.06,0.68,0.13,0.25,2,0.63,104,8.0,316.6,3.32,57.6
format-code-task-002745,4,4,4,0,0,1.65,0.892,2.85,0.71,0.32,0.38,18,0.9,949,10.0,234.0,1.79,254.5
format-code-task-002746,4,4,4,0,0,1.341,0.673,2.0,0.45,0.08,0.28,1,0.66,100,3.4,817.6,9.89,76.3
format-code-task-002747,4,4,4,0,0,1.235,0.614,1.89,0.38,0.02,0.31,0,0.62,109,7.3,81.9,0.7,142.3
format-code-task-002748,4,4,4,0,0,1.18,0.488,1.92,0.25,0.01,0.36,0,0.67,97,4.8,396.1,0.58,77.6
format-code-task-002749,4,4,4,0,0,1.206,0.548,1.96,0.23,0.01,0.26,1,0.66,108,54.2,329.5,0.93,198.8
format-code-task-002750,4,4,4,0,0,1.508,0.674,3.63,0.74,0.39,0.35,16,0.83,554,8.5,165.5,1.3,117.4
format-code-task-002751,4,4,4,0,0,6.052,5.435,3.2,0.9,0.44,0.26,50,0.63,606,12.0,748.6,10.92,170.9
format-code-task-002752,4,4,4,0,0,4.486,3.867,2.95,0.84,0.45,0.35,83,0.63,978,54.7,477.1,1.31,159.4
format-code-task-002753,4,4,4,0,0,5.267,4.623,3.19,0.75,0.28,0.4,19,0.62,1871,10.2,179.4,0.78,256.7
format-code-task-002754,4,4,4,0,0,2.456,1.736,2.03,0.37,0.04,0.39,1,0.64,188,12.6,352.2,0.5,254.0
format-code-task-002755,4,4,4,0,0,1.029,0.401,1.97,0.52,0.0,0.5,1,0.74,107,34.5,256.9,1.19,91.3
format-code-task-002756,4,4,4,0,0,1.241,0.483,1.93,0.39,0.01,0.4,0,0.76,100,3.2,120.0,0.74,43.2
format-code-task-002757,4,4,4,0,0,1.215,0.459,1.99,0.23,0.01,0.35,0,0.76,100,7.3,192.1,0.52,37.5
format-code-task-002758,5,4,4,0,0,1.063,0.399,1.97,0.43,0.03,0.37,0,0.67,96,3.5,61.5,0.26,31.7
format-code-task-002760,4,4,4,0,4,8.0,7.998,4.07,1.65,0.8,0.3,140,0.69,548,108.7,176.3,0.45,51.8
format-code-task-002763,4,4,4,0,0,7.381,6.694,4.0,1.4,0.67,0.3,121,0.67,583,9.3,240.8,3.42,5.7
format-code-task-002764,4,4,4,0,0,6.86,6.259,2.6,1.05,0.44,0.27,47,0.66,527,8.4,188.5,1.83,90.9
format-code-task-002765,4,4,4,0,0,1.208,0.573,1.95,0.21,0.02,0.43,1,0.62,129,8.0,790.3,1.56,122.7
format-code-task-002766,4,4,4,0,1,8.0,7.991,2.77,0.91,0.44,0.32,68,0.64,536,25.5,180.9,0.41,175.5
format-code-task-002767,4,4,4,0,1,8.0,7.984,3.06,0.81,0.39,0.34,97,0.68,655,12.1,344.5,0.81,44.0
format-code-task-002768,4,4,4,0,1,8.0,7.986,3.35,1.24,0.62,0.34,247,0.69,533,13.8,500.8,6.58,57.6
format-code-task-002769,4,4,4,0,0,8.0,7.901,3.32,1.76,0.83,0.15,803,0.69,518,8.8,1259.8,14.39,40.9
format-code-task-002770,4,4,4,0,0,1.971,1.28,2.02,0.69,0.13,0.19,4,0.65,112,9.7,511.0,0.95,138.5
format-code-task-002771,4,4,4,0,0,1.124,0.51,1.87,0.52,0.01,0.25,0,539.6,108,8.6,96.6,1.03,157.9
format-code-task-002772,4,4,4,0,0,1.177,0.526,1.94,0.52,0.03,0.39,4,0.66,136,23.1,265.3,1.06,117.6
format-code-task-002773,4,4,4,0,0,1.165,0.485,1.93,0.35,0.05,0.39,4,0.67,201,8.9,393.2,1.05,83.9
format-code-task-002774,4,4,4,0,0,0.939,0.326,1.76,0.13,0.0,0.43,0,0.61,99,7.0,327.2,0.1,86.0
format-code-task-002775,4,4,4,0,0,0.945,0.336,1.95,0.18,0.01,0.42,0,0.61,101,7.3,378.1,0.09,51.9
format-code-task-002776,4,4,4,0,0,1.553,0.838,2.11,0.75,0.28,0.12,46,0.66,146,11.7,861.8,3.03,52.5
format-code-task-002777,4,4,4,0,2,8.0,7.996,2.3,0.65,0.2,0.17,62,0.84,586,66.1,891.4,10.89,182.2
format-code-task-002778,4,4,4,0,0,0.978,0.363,1.84,0.2,0.01,0.46,0,0.62,105,4.5,301.7,0.21,131.2
format-code-task-002779,4,4,4,0,0,1.493,0.772,2.85,0.41,0.21,0.54,32,0.83,405,9.2,1292.6,0.79,48.1
format-code-task-002780,4,4,4,0,0,1.805,1.066,2.07,0.39,0.14,0.39,11,0.64,355,3.4,3604.3,12.14,176.5
format-code-task-002781,4,4,4,0,0,2.414,1.885,2.09,0.97,0.29,0.15,6,0.65,113,9.8,410.9,1.48,101.0
format-code-task-002782,4,4,4,0,0,2.299,1.599,1.86,0.4,0.02,0.38,0,0.71,120,8.8,570.6,0.91,177.8
format-code-task-002783,4,4,4,0,0,1.237,0.533,1.98,0.31,0.02,0.36,0,0.66,99,7.4,119.8,0.29,92.6
format-code-task-002785,4,4,4,0,0,2.613,1.86,2.11,0.96,0.41,0.13,14,0.72,259,36.7,306.4,1.98,156.4
format-code-task-002786,4,4,4,0,0,1.611,1.207,1.95,0.65,0.05,0.39,7,0.63,319,9.3,291.9,4.55,78.0
format-code-task-002787,4,4,4,0,0,1.001,0.39,1.92,0.13,0.0,0.52,0,0.63,111,13.1,357.7,0.08,129.1
format-code-task-002788,4,4,4,0,0,1.57,0.796,2.49,0.59,0.27,0.4,16,0.83,1101,4.1,304.1,0.38,119.1
format-code-task-002789,4,4,4,0,0,6.988,4.529,3.19,0.86,0.46,0.32,107,2.45,705,196.9,326.8,0.06,143.0
format-code-task-002790,4,4,4,0,0,0.979,0.371,1.94,0.13,0.0,0.46,0,0.61,99,7.7,552.6,0.16,51.9
format-code-task-002791,4,4,4,0,0,0.914,0.305,1.82,0.24,0.01,0.36,0,0.61,98,5.6,107.8,0.01,99.5
format-code-task-002792,4,4,4,0,0,0.932,0.317,1.94,0.16,0.01,0.45,0,0.61,100,3.3,278.9,0.02,43.9
format-code-task-002793,4,4,4,0,0,7.388,2.756,2.02,1.14,0.41,0.3,2,4.93,163,6.9,803.3,4.35,154.9
format-code-task-002794,4,4,4,0,0,1.454,0.68,2.29,0.77,0.36,0.35,17,0.94,462,13.1,262.8,1.53,154.1
format-code-task-002795,4,4,4,0,0,2.601,1.524,2.27,1.47,0.71,0.46,79,1.08,306,18.0,461.8,4.5,129.5
format-code-task-002796,4,4,4,0,0,2.765,1.705,3.13,0.92,0.51,0.36,69,1.21,839,12.6,483.8,4.23,88.8
format-code-task-002797,4,4,4,0,3,8.0,7.999,2.91,1.64,0.76,0.64,215,0.67,1369,15.7,1227.4,10.59,52.6
format-code-task-002798,4,4,4,0,0,1.691,0.934,4.15,0.22,0.09,0.45,30,0.62,578,7.0,1000.6,12.15,44.2
format-code-task-002799,4,4,4,0,0,1.81,1.149,4.11,0.55,0.2,0.46,29,0.62,834,5.9,474.3,3.8,43.6
format-code-task-002800,4,4,4,0,0,1.279,0.567,2.79,0.92,0.43,0.33,19,0.77,211,17.8,278.8,1.34,42.3
format-code-task-002801,4,4,4,0,0,1.579,0.888,1.8,0.47,0.0,0.28,1,0.66,91,6.7,772.5,3.32,57.0
format-code-task-002803,4,4,4,0,0,1.234,0.617,2.07,0.5,0.19,0.21,4,0.61,99,11.8,375.3,0.6,72.3
format-code-task-002804,4,4,4,0,0,1.036,0.42,1.98,0.24,0.01,0.38,0,0.62,108,4.5,234.0,0.38,125.5
format-code-task-002805,4,4,4,0,0,8.0,6.493,3.18,1.4,0.7,0.35,274,4.01,949,119.0,576.7,6.43,123.7
format-code-task-002806,4,4,4,0,0,5.168,3.669,4.86,0.97,0.54,0.39,203,3.14,1121,198.1,864.8,9.5,161.0
format-code-task-002808,4,4,4,0,0,3.627,2.254,3.48,1.42,0.72,0.29,113,1.53,774,7.7,361.4,5.75,60.2
format-code-task-002809,4,4,4,0,0,2.459,1.194,3.38,0.72,0.39,0.34,56,1.44,497,86.1,358.3,1.6,150.4
format-code-task-002811,4,4,4,0,0,2.897,1.598,3.15,1.0,0.53,0.36,117,1.66,1507,11.9,603.1,6.43,180.6
format-code-task-002812,4,4,4,0,0,1.63,0.822,2.97,0.75,0.35,0.41,21,0.86,561,7.0,350.7,1.93,177.8
format-code-task-002813,4,4,4,0,0,8.0,6.258,3.62,1.39,0.67,0.15,338,3.76,1404,90.8,913.5,13.88,156.8
format-code-task-002814,4,4,4,0,0,1.982,1.037,2.58,1.02,0.34,0.37,23,1.04,393,7.2,348.7,4.07,213.1
format-code-task-002815,4,4,4,0,0,3.143,2.009,2.49,1.02,0.49,0.36,60,1.7,773,21.3,390.5,1.16,132.5
format-code-task-002816,4,4,4,0,0,3.769,2.494,3.13,0.93,0.46,0.37,78,1.91,940,34.0,982.9,6.06,224.7
format-code-task-002817,4,4,4,0,0,1.015,0.398,1.92,0.38,0.09,0.2,15,0.62,202,14.1,338.6,0.45,648.0
format-code-task-002818,4,4,4,0,0,2.166,1.191,3.51,1.01,0.48,0.4,67,1.17,852,28.6,369.3,3.87,217.1
format-code-task-002819,4,4,4,0,0,2.087,1.089,2.75,0.41,0.17,0.49,59,1.14,847,92.5,1403.5,8.97,171.0
format-code-task-002820,4,4,4,0,0,3.997,3.919,4.62,0.21,0.09,0.31,37,0.67,552,12.2,1509.1,39.79,53.6
format-code-task-002821,4,4,4,0,0,4.772,4.169,3.34,0.35,0.15,0.3,43,0.67,707,10.6,1070.9,12.55,56.5
format-code-task-002822,4,4,4,0,0,5.976,5.701,3.11,0.34,0.19,0.52,75,0.67,586,16.1,2895.4,68.96,45.1
format-code-task-002823,4,4,4,0,0,1.788,1.046,2.09,0.3,0.06,0.46,3,0.62,533,7.6,364.5,0.48,169.8
format-code-task-002825,4,4,4,0,0,6.912,5.79,3.46,1.31,0.67,0.37,60,1.17,858,3.5,322.2,5.12,147.2
format-code-task-002826,4,4,4,0,0,2.654,1.618,3.32,0.69,0.3,0.38,59,1.37,904,30.5,566.8,4.64,112.1
format-code-task-002827,4,4,4,0,0,1.105,0.44,1.87,0.38,0.0,0.32,0,0.66,100,10.6,304.5,1.44,66.1
format-code-task-002828,4,4,4,0,0,1.131,0.495,1.92,0.21,0.05,0.32,1,0.61,130,8.8,231.9,1.7,49.2
format-code-task-002829,4,4,4,0,0,1.036,0.34,1.9,0.26,0.01,0.37,0,0.71,99,5.8,135.9,0.31,37.5
format-code-task-002831,4,4,4,0,0,2.317,1.619,2.04,0.94,0.27,0.25,3,0.66,230,4.6,300.2,4.2,44.8
format-code-task-002832,4,4,4,0,0,1.259,0.63,1.98,0.42,0.01,0.44,0,0.68,107,13.9,349.4,1.11,143.3
format-code-task-002833,4,4,4,0,0,1.202,0.457,1.95,0.17,0.01,0.54,1,0.63,98,5.5,1492.7,9.88,56.7
format-code-task-002834,4,4,4,0,0,1.022,0.404,1.99,0.18,0.01,0.43,1,0.62,99,7.2,299.8,0.64,58.0
format-code-task-002835,4,4,4,0,0,5.026,2.658,2.54,0.97,0.47,0.34,49,2.38,726,7.7,252.6,2.34,57.4
format-code-task-002836,4,4,4,0,0,1.539,0.931,2.12,0.45,0.06,0.27,15,0.61,190,11.2,521.1,2.84,70.3
format-code-task-002838,4,4,4,0,0,1.127,0.378,1.82,0.2,0.02,0.5,2,0.75,126,3.3,764.8,9.88,94.3
format-code-task-002839,4,4,4,0,0,7.709,7.004,3.22,0.57,0.29,0.41,49,0.62,579,7.7,457.4,1.2,132.0
format-code-task-002841,4,4,4,0,0,1.612,0.889,2.77,0.45,0.23,0.39,32,0.88,537,9.7,514.2,1.07,172.0
format-code-task-002842,4,4,4,0,0,8.0,6.551,4.53,1.41,0.7,0.32,303,6.53,1459,267.3,903.4,3.57,166.5
format-code-task-002843,4,4,4,0,0,2.672,1.354,3.13,0.83,0.44,0.36,64,1.52,955,11.1,490.7,2.53,234.0
format-code-task-002844,4,4,4,0,1,8.0,8.0,2.53,0.87,0.21,0.25,9,0.75,409,4.6,287.1,1.95,153.2
format-code-task-002845,4,4,4,0,0,1.178,0.485,1.93,0.15,0.02,0.45,1,0.62,179,3.0,469.3,0.72,137.7
format-code-task-002846,4,4,4,0,0,1.813,1.205,2.17,0.51,0.2,0.21,8,0.68,247,63.5,170.5,0.07,126.3
format-code-task-002847,4,4,4,0,0,1.52,0.69,3.04,0.49,0.24,0.43,18,0.8,482,23.8,306.1,0.74,258.2
format-code-task-002848,4,4,4,0,0,0.979,0.355,1.98,0.23,0.03,0.37,1,0.61,109,6.7,162.9,0.26,78.2
format-code-task-002849,4,4,4,0,0,0.961,0.338,2.0,0.26,0.05,0.32,4,0.62,136,4.4,232.3,0.66,86.3
format-code-task-002850,4,4,4,0,0,1.503,0.728,2.12,0.56,0.06,0.32,7,0.64,138,15.0,497.9,2.27,161.0
format-code-task-002851,4,4,4,0,0,0.982,0.347,1.97,0.12,0.0,0.5,0,0.62,98,3.4,501.8,0.18,47.1
format-code-task-002852,4,4,4,0,0,1.007,0.365,1.9,0.24,0.01,0.36,0,0.62,99,6.7,260.4,0.23,191.1
format-code-task-002853,4,4,4,0,0,0.958,0.345,1.9,0.15,0.01,0.41,0,0.62,98,6.4,289.1,0.21,186.6
format-code-task-002854,4,4,4,0,0,1.027,0.407,1.96,0.12,0.0,0.39,0,0.62,99,6.2,247.5,0.16,44.8
format-code-task-002855,4,4,4,0,0,1.058,0.406,2.06,0.16,0.01,0.48,0,0.62,98,4.4,291.1,0.13,87.7
format-code-task-002856,4,4,4,0,0,1.037,0.338,1.96,0.21,0.01,0.41,0,0.62,100,6.7,125.3,0.22,38.0
format-code-task-002857,4,4,4,0,0,1.028,0.346,1.84,0.13,0.01,0.4,1,0.62,99,4.3,294.6,0.11,56.2
format-code-task-002858,4,4,4,0,0,1.021,0.402,1.93,0.13,0.01,0.41,0,0.62,99,6.7,277.5,0.21,72.9
format-code-task-002859,4,4,4,0,0,1.042,0.417,1.95,0.11,0.01,0.47,0,0.72,104,6.8,316.0,0.15,43.6
format-code-task-002860,4,4,4,0,0,1.001,0.34,1.85,0.32,0.02,0.33,0,0.62,100,3.4,99.8,0.23,33.3
format-code-task-002861,4,4,4,0,0,1.029,0.366,1.93,0.17,0.01,0.41,0,0.62,100,5.7,287.0,0.36,98.9
format-code-task-002862,4,4,4,0,0,3.537,2.464,3.69,1.1,0.37,0.45,71,0.62,166,7.5,399.3,4.99,59.4
format-code-task-002863,4,4,4,0,0,1.033,0.401,1.97,0.2,0.01,0.39,0,0.62,99,5.2,165.8,0.28,73.9
format-code-task-002864,4,4,4,0,0,1.043,0.379,1.99,0.16,0.02,0.45,0,0.62,99,7.4,138.9,0.32,77.6
format-code-task-002865,4,4,4,0,0,0.941,0.328,1.87,0.24,0.01,0.33,0,0.62,99,3.3,177.1,0.19,113.3
format-code-task-002866,4,4,4,0,0,0.968,0.348,2.05,0.1,0.0,0.44,1,1.23,100,7.0,569.7,0.11,69.8
format-code-task-002867,4,4,4,0,0,1.031,0.399,2.0,0.79,0.0,0.46,1,0.63,103,4.1,990.2,12.99,113.8
format-code-task-002868,4,4,4,0,0,1.621,1.017,2.35,0.46,0.17,0.23,23,0.61,252,18.3,320.4,2.4,76.9
format-code-task-002869,4,4,4,0,0,2.57,1.706,2.81,1.44,0.68,0.32,42,1.2,1578,3.2,147.3,4.3,135.7
format-code-task-002870,4,4,4,0,0,1.49,0.686,2.53,0.61,0.23,0.22,52,0.61,368,11.6,477.4,1.74,45.9
format-code-task-002871,4,4,4,0,0,0.996,0.394,1.9,0.47,0.09,0.19,7,0.69,209,12.4,249.9,1.07,43.3
format-code-task-002872,4,4,4,0,0,1.122,0.433,2.01,0.28,0.01,0.4,0,0.67,99,3.4,192.0,0.48,49.2
format-code-task-002873,4,4,4,0,0,1.086,0.475,2.01,0.21,0.01,0.4,0,0.65,108,7.8,925.0,7.65,103.2
format-code-task-002874,4,4,4,0,0,1.08,0.388,1.91,0.22,0.01,0.39,0,0.69,99,7.3,112.1,0.47,39.3
format-code-task-002875,4,4,4,0,0,1.343,0.689,2.08,0.37,0.07,0.24,2,0.62,108,11.0,236.2,0.37,167.1
format-code-task-002876,4,4,4,0,0,1.701,1.024,2.05,0.5,0.08,0.23,1,0.63,109,12.0,178.1,0.44,355.3
format-code-task-002877,4,4,4,0,1,8.0,8.0,2.15,1.28,0.41,0.18,77,0.84,124,220.2,477.8,3.35,47.4
format-code-task-002878,4,4,4,0,0,1.004,0.383,2.0,0.13,0.01,0.44,0,0.62,104,7.9,303.0,0.07,119.0
format-code-task-002879,4,4,4,0,0,3.244,1.524,3.86,1.11,0.56,0.45,100,1.64,1026,171.4,490.4,1.42,348.4
format-code-task-002880,4,4,4,0,0,3.024,1.909,3.97,1.07,0.57,0.44,122,1.26,819,7.4,832.2,8.58,142.4
format-code-task-002881,4,4,4,0,0,2.934,1.634,2.79,1.01,0.5,0.31,70,1.77,448,8.4,418.0,1.86,102.0
format-code-task-002882,4,4,4,0,0,0.982,0.344,1.96,0.19,0.04,0.38,5,0.61,169,3.4,479.8,0.18,137.3
format-code-task-002883,4,4,4,0,0,5.983,5.295,2.27,1.21,0.35,0.25,27,0.81,184,93.1,534.4,5.33,232.0
format-code-task-002884,4,4,4,0,1,8.0,7.964,2.0,0.42,0.01,0.44,0,0.62,100,8.1,225.4,0.95,42.7
format-code-task-002885,4,4,4,0,4,8.0,8.0,5.01,0.64,0.37,0.21,193,0.65,631,17.0,2029.9,24.17,189.3
format-code-task-002887,4,4,4,0,0,1.019,0.393,1.94,0.28,0.01,0.39,1,0.62,141,6.8,234.5,0.22,305.0
format-code-task-002888,4,4,4,0,0,1.304,0.502,1.94,0.23,0.05,0.36,1,0.67,98,7.0,260.7,3.27,40.9
format-code-task-002889,4,4,4,0,0,1.598,0.436,1.97,0.34,0.0,0.27,0,1.33,107,9.3,608.7,1.04,107.5
format-code-task-002890,4,4,4,0,0,1.36,0.652,2.29,0.58,0.2,0.41,16,0.76,271,10.7,496.2,1.46,121.9
format-code-task-002891,4,4,4,0,0,1.006,0.385,1.95,0.23,0.01,0.43,0,0.62,109,4.3,192.6,0.18,153.6
format-code-task-002892,4,4,4,0,0,1.06,0.349,1.93,0.29,0.02,0.4,0,0.71,100,7.7,121.0,0.14,41.8
format-code-task-002893,4,4,4,0,0,0.998,0.365,1.96,0.15,0.0,0.52,0,0.62,112,123.4,1550.1,5.57,142.9
format-code-task-002895,4,4,4,0,0,1.109,0.514,2.27,0.67,0.21,0.25,14,0.61,156,8.5,229.7,2.08,73.8
format-code-task-002896,4,4,4,0,0,6.008,5.053,3.0,1.24,0.64,0.25,163,0.67,582,5.3,383.9,3.36,42.9
format-code-task-002897,4,4,4,0,0,5.588,4.754,4.19,1.14,0.52,0.23,158,0.93,798,9.8,688.5,2.83,101.8
format-code-task-002898,4,4,4,0,0,3.856,3.213,3.7,0.8,0.36,0.33,82,0.69,817,25.4,592.6,1.29,83.5
format-code-task-002899,4,4,4,0,0,1.543,0.711,2.87,0.69,0.34,0.41,27,0.98,920,15.6,310.4,2.19,133.5
format-code-task-002900,4,4,4,0,0,2.642,1.456,2.93,1.45,0.71,0.42,96,1.45,1042,18.8,210.3,2.6,266.8
format-code-task-002903,4,4,4,0,0,1.705,0.82,3.12,0.66,0.36,0.36,39,1.35,769,125.0,1118.5,10.2,224.8
format-code-task-002904,4,4,4,0,0,1.661,0.868,2.99,0.81,0.39,0.41,21,0.91,515,4.1,256.5,2.2,211.7
format-code-task-002905,4,4,4,0,0,3.031,2.321,2.51,0.52,0.2,0.36,11,0.62,595,26.1,209.6,0.3,197.6
format-code-task-002906,4,4,4,0,0,1.984,0.863,4.83,0.81,0.41,0.48,59,1.42,588,66.9,780.0,8.78,165.8
format-code-task-002908,4,4,4,0,0,1.729,0.983,2.65,0.84,0.41,0.35,22,0.95,380,4.5,209.0,1.93,94.3
format-code-task-002909,4,4,4,0,0,1.487,0.732,2.4,0.74,0.33,0.43,13,0.83,316,10.4,317.0,1.08,108.9
format-code-task-002910,4,4,4,0,0,2.342,1.377,3.19,0.73,0.35,0.37,41,1.15,953,9.0,611.0,1.63,170.2
format-code-task-002911,4,4,4,0,0,2.219,1.596,2.38,0.79,0.33,0.44,21,0.62,178,35.3,855.5,16.28,144.8
format-code-task-002912,4,4,4,0,0,1.982,1.256,2.15,0.6,0.06,0.31,3,0.62,542,7.4,562.0,1.55,227.0
format-code-task-002913,4,4,4,0,0,1.173,0.559,1.98,0.12,0.0,0.57,1,0.62,109,9.9,722.7,15.23,189.6
format-code-task-002915,4,4,4,0,0,1.234,0.485,1.94,0.57,0.05,0.31,4,0.77,127,8.6,165.1,1.83,53.2
format-code-task-002916,4,4,4,0,0,1.668,1.022,1.99,0.36,0.05,0.39,1,0.63,128,8.6,829.2,12.09,114.6
format-code-task-002917,4,4,4,0,0,1.378,0.746,2.06,0.27,0.05,0.35,1,0.63,162,6.5,524.5,1.42,120.9
format-code-task-002918,4,4,4,0,0,2.539,1.413,3.01,1.21,0.6,0.33,54,1.31,1042,11.2,230.5,2.57,157.5
format-code-task-002919,4,4,4,0,0,1.779,0.941,2.97,0.63,0.28,0.45,43,1.06,490,4.0,717.9,3.24,46.8
format-code-task-002920,4,4,4,0,0,1.131,0.522,1.97,0.26,0.06,0.55,5,0.61,191,7.8,747.6,6.86,36.5
format-code-task-002921,4,4,4,0,0,1.142,0.536,1.81,0.31,0.05,0.54,6,0.61,193,8.2,1145.0,8.47,58.0
format-code-task-002922,4,4,4,0,0,1.74,1.005,2.72,0.71,0.34,0.42,31,0.88,555,9.4,285.0,1.04,126.4
format-code-task-002923,4,4,4,0,0,8.0,7.788,1.89,0.85,0.0,0.33,1,0.69,101,3.8,1491.8,10.95,183.8
format-code-task-002924,4,4,4,0,0,0.938,0.331,1.89,0.28,0.01,0.35,0,0.61,99,7.8,91.9,0.28,38.2
format-code-task-002925,4,4,4,0,0,4.98,4.305,2.58,0.95,0.33,0.26,138,0.74,211,64.7,664.6,3.47,83.3
format-code-task-002926,4,4,4,0,0,1.869,1.217,2.1,0.83,0.16,0.32,6,0.82,178,9.0,326.0,2.63,206.0
format-code-task-002927,4,4,4,0,0,2.076,0.855,2.16,0.28,0.06,0.42,2,2.98,583,16.4,158.4,0.12,117.3
format-code-task-002928,4,4,4,0,0,1.321,0.621,2.08,0.52,0.16,0.2,4,0.67,118,8.7,268.2,1.42,57.2
format-code-task-002930,4,4,4,0,0,2.067,0.893,2.38,1.01,0.4,0.33,39,1.22,604,12.4,846.0,9.37,114.6
format-code-task-002932,4,4,4,0,0,1.502,0.889,1.99,0.53,0.03,0.35,3,0.62,144,16.0,3160.9,24.49,205.2
format-code-task-002933,4,4,4,0,0,0.972,0.346,1.92,0.25,0.05,0.35,3,0.61,189,8.2,323.0,0.2,54.3
format-code-task-002935,4,4,4,0,0,1.45,0.832,2.14,0.64,0.21,0.2,4,0.63,464,10.1,217.7,0.85,49.8
format-code-task-002937,4,4,4,0,0,1.337,0.718,2.07,0.49,0.17,0.22,3,0.62,141,13.5,582.6,1.81,91.7
format-code-task-002938,4,4,4,0,0,0.941,0.319,1.91,0.27,0.01,0.37,0,0.61,100,7.9,86.2,0.05,32.5
format-code-task-002939,4,4,4,0,0,0.947,0.318,1.95,0.21,0.01,0.42,0,0.61,99,8.1,203.3,0.08,35.3
format-code-task-002940,4,4,4,0,0,1.013,0.409,1.86,0.32,0.01,0.37,0,0.61,98,3.3,117.2,0.29,47.2
format-code-task-002941,4,4,4,0,0,1.561,0.938,2.01,0.75,0.0,0.13,0,0.62,109,15.7,378.6,6.04,163.2
format-code-task-002942,4,4,4,0,0,1.179,0.574,1.92,0.36,0.02,0.29,1,0.61,127,18.6,187.3,0.77,76.3
format-code-task-002943,4,4,4,0,0,7.018,4.856,3.85,0.91,0.47,0.38,126,2.39,2217,7.3,1265.0,12.49,170.5
format-code-task-002944,4,4,4,0,0,1.477,0.686,3.76,0.41,0.18,0.3,21,0.89,301,7.8,1526.3,7.78,66.4
format-code-task-002945,4,4,4,0,0,6.209,5.655,3.28,1.4,0.62,0.33,55,1.07,1081,53.0,550.0,5.41,130.2
format-code-task-002947,4,4,4,0,0,1.908,1.145,2.49,0.5,0.27,0.3,58,1.4,431,6.6,967.6,1.03,70.1
format-code-task-002948,4,4,4,0,0,1.379,0.668,2.32,0.64,0.24,0.36,7,0.75,404,7.4,92.9,0.86,180.9
format-code-task-002949,4,4,4,0,0,4.472,3.039,4.49,1.15,0.61,0.38,162,1.63,983,5.5,627.2,5.03,152.3
format-code-task-002950,4,4,4,0,0,5.784,3.828,2.97,0.99,0.51,0.33,75,1.78,1093,111.1,1014.6,9.49,147.2
format-code-task-002951,4,4,4,0,0,3.445,1.857,3.55,1.24,0.59,0.33,84,1.88,1212,7.1,375.9,5.47,52.1
format-code-task-002952,4,4,4,0,0,2.941,1.557,3.84,1.04,0.53,0.35,71,1.57,410,60.2,407.9,2.55,118.7
format-code-task-002953,4,4,4,0,0,2.953,1.716,2.69,1.57,0.77,0.33,74,1.48,697,51.2,222.3,3.7,52.8
format-code-task-002954,4,4,4,0,0,1.681,0.933,2.76,1.16,0.51,0.35,20,0.98,370,8.6,161.8,2.04,143.7
format-code-task-002955,4,4,4,0,0,3.16,2.161,2.77,0.63,0.27,0.32,26,1.23,845,23.8,361.8,1.03,125.9
format-code-task-002956,4,4,4,0,0,2.399,1.295,2.34,0.97,0.45,0.26,36,1.34,738,5.3,260.3,1.44,134.0
format-code-task-002957,4,4,4,0,0,5.404,3.849,3.52,1.1,0.55,0.28,71,1.54,634,9.6,414.0,4.5,31.4
format-code-task-002959,4,4,4,0,0,3.394,1.825,2.82,0.88,0.46,0.35,95,1.73,1049,99.6,489.6,1.59,141.9
format-code-task-002960,4,4,4,0,0,1.403,0.636,1.87,0.38,0.11,0.35,30,0.82,512,10.3,670.5,2.15,181.7
format-code-task-002961,4,4,4,0,0,2.17,0.688,1.9,0.5,0.07,0.3,10,0.84,424,12.5,388.1,2.17,218.8
format-code-task-002962,4,4,4,0,0,1.093,0.412,1.94,0.16,0.01,0.4,1,0.62,116,5.3,278.7,0.11,255.1
format-code-task-002963,4,4,4,0,0,0.972,0.366,2.01,0.2,0.03,0.34,1,0.61,127,7.0,221.2,0.35,56.1
format-code-task-002964,4,4,4,0,0,0.958,0.325,1.98,0.23,0.04,0.39,2,0.61,120,7.8,98.9,0.14,44.5
format-code-task-002965,4,4,4,0,0,0.944,0.335,1.76,0.16,0.02,0.4,1,0.61,124,3.2,170.1,0.34,45.9
format-code-task-002966,4,4,4,0,0,1.356,0.7,2.49,0.48,0.14,0.46,9,0.8,605,70.8,1076.5,3.36,144.0
format-code-task-002967,4,4,4,0,4,8.0,8.0,2.57,1.32,0.66,0.53,81,0.62,589,28.8,145.3,0.31,220.0
format-code-task-002968,4,4,4,0,0,1.708,1.039,1.94,0.26,0.02,0.27,2,0.67,112,7.7,812.2,7.35,89.5
format-code-task-002969,4,4,4,0,0,1.254,0.571,1.95,0.36,0.04,0.3,0,0.66,98,4.4,144.3,0.34,60.1
format-code-task-002970,5,4,4,0,2,8.0,7.999,19.85,1.89,0.95,0.8,1633,0.68,1259,1800.0,265.3,4.32,99.8
format-code-task-002971,4,4,4,0,0,8.0,7.873,4.76,1.19,0.46,0.2,95,0.71,852,7.8,496.1,4.43,243.0
format-code-task-002972,4,4,4,0,0,1.787,0.886,3.14,0.55,0.23,0.33,26,0.98,654,68.1,308.8,0.84,139.4
format-code-task-002973,4,4,4,0,0,1.581,0.734,2.74,0.86,0.35,0.39,19,0.83,732,10.1,163.9,1.91,131.0
format-code-task-002974,4,4,4,0,0,1.108,0.397,1.9,0.93,0.0,0.06,3,0.71,98,7.8,1952.6,26.21,71.5
format-code-task-002975,4,4,4,0,0,5.408,4.817,3.55,1.48,0.76,0.2,268,0.62,387,6.6,647.6,5.38,128.8
format-code-task-002976,4,4,4,0,0,1.293,0.648,2.08,0.82,0.0,0.12,2,0.62,103,8.3,523.7,12.31,59.8
format-code-task-002978,4,4,4,0,0,1.157,0.443,1.87,0.41,0.06,0.45,4,0.91,198,16.5,190.0,0.92,95.5
format-code-task-002979,4,4,4,0,4,8.0,7.994,2.42,1.15,0.56,0.24,115,0.64,591,7.1,853.8,10.22,199.3
format-code-task-002980,4,4,4,0,0,2.287,1.396,3.02,0.79,0.37,0.38,47,1.2,868,6.5,672.3,2.11,153.2
format-code-task-002981,4,4,4,0,0,2.781,1.429,3.11,1.05,0.48,0.33,72,1.78,721,51.4,1180.6,16.67,175.0
format-code-task-002982,4,4,4,0,0,1.379,0.737,2.28,0.46,0.05,0.33,4,0.63,191,23.9,396.1,0.93,229.1
format-code-task-002983,4,4,4,0,0,1.618,0.838,2.58,0.82,0.36,0.3,15,0.89,403,30.7,81.5,0.25,146.2
format-code-task-002984,4,4,4,0,0,2.028,1.598,4.34,0.75,0.38,0.37,56,1.12,910,5.5,425.7,1.67,203.4
format-code-task-002986,4,4,4,0,0,1.144,0.402,1.99,0.22,0.02,0.43,0,0.67,107,5.5,165.5,0.82,60.8
format-code-task-002987,4,4,4,0,1,8.0,7.962,3.42,1.42,0.7,0.28,248,0.71,676,34.7,535.8,2.97,160.8
format-code-task-002988,5,4,5,0,1,8.0,8.0,4.09,1.26,0.67,0.42,149,0.76,3384,144.0,1040.4,9.16,96.5
format-code-task-002989,4,4,4,0,0,0.986,0.378,1.93,0.23,0.01,0.37,0,0.61,96,5.5,175.2,0.78,46.2
format-code-task-002990,4,4,4,0,0,1.03,0.412,1.95,0.16,0.01,0.63,0,0.61,100,16.7,1710.6,11.42,73.0
format-code-task-002991,4,4,4,0,0,6.261,4.611,2.72,1.95,0.97,0.11,2419,0.62,528,932.7,3604.2,86.84,204.2
format-code-task-002992,4,4,4,0,0,1.029,0.425,1.74,0.24,0.02,0.43,2,0.61,164,7.2,216.2,0.42,87.3
format-code-task-002993,4,4,4,0,0,1.252,0.629,2.14,1.67,0.82,0.18,131,0.62,109,70.7,544.8,7.15,121.0
format-code-task-002994,4,4,4,0,0,2.409,1.829,2.52,0.72,0.05,0.22,15,0.91,124,7.5,515.7,4.08,58.5
format-code-task-002995,4,4,4,0,0,0.991,0.388,1.95,0.14,0.0,0.4,0,0.63,107,7.4,251.9,0.51,120.3
format-code-task-002996,4,4,4,0,0,3.734,3.121,2.97,1.0,0.42,0.17,47,0.63,392,18.6,251.8,1.21,120.2
format-code-task-002997,4,4,4,0,0,8.0,4.857,3.49,1.42,0.73,0.26,254,4.74,703,272.5,502.2,2.64,212.6
format-code-task-002998,4,4,4,0,0,1.121,0.42,1.88,0.19,0.01,0.4,0,0.66,100,7.8,300.4,0.2,39.0
format-code-task-002999,4,4,4,0,0,1.011,0.392,1.87,0.06,0.0,0.73,3,0.62,112,7.3,2988.3,41.49,205.5
format-code-task-003001,4,4,4,0,0,1.059,0.341,1.98,0.4,0.01,0.31,0,0.7,104,7.2,85.4,0.2,89.2
format-code-task-003002,4,4,4,0,0,4.682,3.868,2.36,1.26,0.38,0.3,76,0.75,484,69.4,1049.0,5.86,210.9
format-code-task-003003,4,4,4,0,0,3.674,3.037,2.21,0.97,0.4,0.22,63,1.17,489,86.6,1019.0,5.78,99.9
format-code-task-003004,4,4,4,0,0,1.055,0.431,1.87,0.22,0.01,0.43,0,0.62,109,6.5,380.4,0.25,135.2
format-code-task-003005,4,4,4,0,4,8.0,7.975,1.99,0.45,0.01,0.35,1,0.75,99,8.0,394.1,1.6,33.9
format-code-task-003007,4,4,4,0,0,1.055,0.348,1.69,0.22,0.01,0.38,0,0.71,109,6.8,136.7,0.32,218.0
format-code-task-003009,4,4,4,0,0,0.91,0.306,1.96,0.16,0.01,0.49,0,0.61,101,7.5,334.8,0.04,39.4
format-code-task-003010,4,4,4,0,0,1.508,0.824,2.02,0.33,0.02,0.38,1,0.62,139,9.1,943.6,14.49,133.3
format-code-task-003011,4,4,4,0,0,0.988,0.358,1.87,0.15,0.01,0.46,0,0.61,103,7.0,360.5,0.25,92.6
format-code-task-003012,4,4,4,0,0,1.691,0.792,2.32,0.82,0.33,0.35,12,0.88,759,7.7,166.0,1.39,160.4
format-code-task-003013,4,4,4,0,0,0.967,0.316,1.98,0.2,0.01,0.42,0,0.61,110,3.3,114.6,0.03,171.2
format-code-task-003014,4,4,4,0,0,1.119,0.494,1.87,0.22,0.01,0.34,0,0.63,106,4.1,235.8,0.29,154.0
format-code-task-003015,4,4,4,0,0,1.119,0.495,1.9,0.23,0.0,0.37,0,0.63,106,7.1,228.0,0.58,145.9
format-code-task-003016,4,4,4,0,0,1.086,0.383,1.99,0.25,0.04,0.47,4,0.71,134,11.2,232.3,0.27,143.6
format-code-task-003017,4,4,4,0,0,1.159,0.555,1.82,0.29,0.03,0.35,2,0.61,191,9.7,320.2,0.55,62.5
format-code-task-003018,4,4,4,0,0,1.041,0.435,1.95,0.23,0.03,0.41,2,0.61,126,9.1,227.7,0.58,61.9
format-code-task-003019,4,4,4,0,0,1.006,0.331,1.95,0.23,0.01,0.46,0,0.62,108,4.6,203.6,0.04,115.2
format-code-task-003020,4,4,4,0,0,1.201,0.524,1.99,0.35,0.05,0.28,1,0.64,108,13.5,102.4,0.54,148.0
format-code-task-003021,4,4,4,0,0,1.486,0.705,2.49,0.27,0.11,0.44,9,0.75,333,6.9,612.4,0.85,128.5
format-code-task-003022,4,4,4,0,0,0.959,0.326,1.89,0.89,0.0,0.41,1,0.63,99,850.5,251.7,0.05,61.4
format-code-task-003023,4,4,4,0,0,0.967,0.362,1.8,0.12,0.0,0.46,1,0.61,102,7.8,492.2,0.32,90.3
format-code-task-003024,4,4,4,0,0,1.009,0.374,1.91,0.19,0.01,0.38,0,0.61,99,4.1,175.5,0.17,69.9
format-code-task-003025,4,4,4,0,0,1.1,0.478,1.8,0.27,0.01,0.37,0,0.62,107,7.2,137.8,0.14,133.0
format-code-task-003027,4,4,4,0,0,1.589,0.75,2.99,0.88,0.44,0.47,34,0.95,308,9.6,283.0,1.63,70.4
format-code-task-003028,4,4,4,0,0,1.196,0.522,2.09,0.59,0.2,0.21,9,0.68,99,6.6,266.4,0.62,42.6
format-code-task-003029,4,4,4,0,0,1.212,0.539,1.76,0.17,0.01,0.33,1,0.67,104,7.9,547.6,0.54,49.1
format-code-task-003030,4,4,4,0,0,1.158,0.478,1.93,0.27,0.02,0.39,0,0.66,100,5.4,192.2,0.45,66.4
format-code-task-003031,4,4,4,0,0,1.16,0.48,2.0,0.3,0.03,0.36,0,0.66,92,3.4,108.9,0.16,37.2
format-code-task-003032,4,4,4,0,0,1.14,0.49,1.92,0.21,0.01,0.41,1,0.66,96,3.3,293.1,0.15,230.2
format-code-task-003033,4,4,4,0,0,1.363,0.596,2.01,0.15,0.0,0.47,2,0.79,261,6.7,1056.9,10.5,79.4
format-code-task-003034,4,4,4,0,0,3.112,2.364,2.15,0.42,0.12,0.33,5,0.62,112,29.1,153.2,0.27,121.3
format-code-task-003035,4,4,4,0,0,1.48,0.654,1.99,0.62,0.01,0.21,1,0.68,110,14.4,382.6,7.05,138.5
format-code-task-003036,4,4,4,0,0,0.951,0.331,2.02,0.2,0.03,0.59,0,0.61,101,4.4,684.7,30.02,174.5
format-code-task-003037,4,4,4,0,0,1.107,0.488,1.78,0.22,0.0,0.4,1,0.61,107,11.1,985.0,7.65,47.9
format-code-task-003038,4,4,4,0,0,1.235,0.621,1.94,0.48,0.08,0.23,4,0.62,318,11.8,203.7,1.11,49.4
format-code-task-003039,4,4,4,0,0,2.566,1.413,3.4,0.85,0.44,0.41,71,1.45,911,23.2,569.9,2.05,147.2
format-code-task-003041,4,4,4,0,0,1.0,0.382,2.11,0.45,0.1,0.33,1,0.61,120,9.2,84.2,0.15,42.4
format-code-task-003042,4,4,4,0,0,0.97,0.38,1.94,0.15,0.0,0.44,1,0.62,110,4.4,586.5,0.18,222.0
format-code-task-003043,4,4,4,0,0,2.819,1.656,3.17,0.87,0.43,0.3,70,1.69,565,68.9,530.5,2.63,163.7
format-code-task-003044,4,4,4,0,0,1.096,0.406,1.89,0.1,0.0,0.61,2,0.61,127,7.6,1541.9,0.18,54.5
format-code-task-003046,4,4,4,0,0,0.991,0.402,2.02,0.18,0.04,0.25,14,0.62,241,10.2,983.4,0.51,63.8
format-code-task-003048,4,4,4,0,0,0.963,0.358,1.91,0.15,0.01,0.41,0,0.61,96,3.4,248.2,0.74,35.6
format-code-task-003049,4,4,4,0,0,1.828,1.022,2.84,0.62,0.29,0.44,36,0.97,906,7.9,362.8,2.6,169.7
format-code-task-003050,4,4,4,0,1,8.0,7.998,3.91,1.76,0.87,0.32,693,2.35,847,78.5,2099.3,24.82,48.1
format-code-task-003051,4,4,4,0,0,2.34,1.171,3.19,1.6,0.8,0.28,732,1.56,696,52.0,2238.0,20.33,55.5
format-code-task-003052,4,4,4,0,0,2.364,1.684,3.72,1.05,0.44,0.36,18,0.66,1245,5.6,160.9,4.07,6.5
format-code-task-003053,4,4,4,0,0,1.196,0.532,2.04,0.7,0.01,0.22,0,0.7,105,70.2,377.5,2.56,142.1
format-code-task-003054,4,4,4,0,0,5.933,5.754,1.92,0.66,0.0,0.61,1,2.61,105,8.7,1121.5,4.12,69.2
format-code-task-003055,4,4,4,0,0,3.404,2.647,3.08,1.81,0.89,0.06,604,0.67,386,77.0,2423.8,20.41,116.5
format-code-task-003056,4,4,4,0,0,1.794,0.938,2.92,0.9,0.38,0.31,50,1.03,786,71.0,496.9,1.09,123.8
format-code-task-003057,4,4,4,0,0,1.147,0.432,2.01,0.3,0.01,0.32,0,537.43,106,4.5,147.5,0.2,149.0
format-code-task-003058,4,4,4,0,0,1.04,0.426,2.0,0.13,0.0,0.46,0,0.61,114,9.1,538.6,0.47,126.8
format-code-task-003059,4,4,4,0,0,0.969,0.357,1.93,0.14,0.0,0.35,0,0.61,106,7.3,373.1,0.21,69.4
format-code-task-003060,4,4,4,0,3,8.0,8.0,3.26,1.72,0.86,0.22,187,0.69,673,139.4,111.1,0.64,67.0
format-code-task-003061,4,4,4,0,0,1.344,0.705,2.12,0.65,0.33,0.28,18,0.65,107,8.6,313.6,1.07,191.9
